timestamp_s,sample_rate_hz,dominant_hz,peak_db,beat_detected,downbeat_detected,low_mean,low_delta,low_var,high_mean,high_delta,high_var,high_occ
1771105468.0110953,48000,328.125,-19.34588106404352,0,0,,,,,,,
1771105468.055976,48000,703.125,-31.49732428821277,0,0,,,,,,,
1771105468.1028655,48000,703.125,-31.47182271443306,0,0,,,,,,,
1771105468.1487699,48000,328.125,-36.00349241609422,0,0,,,,,,,
1771105468.1968873,48000,281.25,-18.964945265168694,0,0,,,,,,,
1771105468.2440553,48000,281.25,-18.613114319847014,0,0,,,,,,,
1771105468.2913795,48000,562.5,-18.41889520633557,0,0,,,,,,,
1771105468.337228,48000,562.5,-18.37351909376755,0,0,,,,,,,
1771105468.3831384,48000,562.5,-17.951904743721027,0,0,,,,,,,
1771105468.4349968,48000,562.5,-16.2952546997085,0,0,,,,,,,
1771105468.4771488,48000,562.5,-17.693006960939318,0,0,,,,,,,
1771105468.5351193,48000,281.25,-18.580077939513778,0,0,,,,,,,
1771105468.5770388,48000,281.25,-18.2929226769785,0,0,,,,,,,
1771105468.6269057,48000,281.25,-19.225974995691683,0,0,,,,,,,
1771105468.7116792,48000,281.25,-16.70904060380077,0,0,,,,,,,
1771105468.7585526,48000,281.25,-17.084830063409157,0,0,,,,,,,
1771105468.8094451,48000,281.25,-17.510699390681758,0,0,,,,,,,
1771105468.856292,48000,281.25,-17.049212140649004,0,0,,,,,,,
1771105468.902198,48000,281.25,-17.018158820837353,0,0,,,,,,,
1771105468.9480767,48000,281.25,-16.293192582340108,0,0,,,,,,,
1771105468.9939244,48000,281.25,-16.458189355993436,0,0,,,,,,,
1771105469.0398285,48000,609.375,-13.397138622786864,0,0,,,,,,,
1771105469.0867136,48000,656.25,-16.532012081647988,0,0,,,,,,,
1771105469.133551,48000,656.25,-17.881291761814783,0,0,,,,,,,
1771105469.193419,48000,984.375,-15.465414901029948,0,0,,,,,,,
1771105469.239302,48000,656.25,-16.13577482830806,0,0,,,,,,,
1771105469.2851737,48000,656.25,-17.380604418439304,0,0,,,,,,,
1771105469.3689213,48000,375.0,-17.32546585228432,0,0,,,,,,,
1771105469.4167936,48000,375.0,-17.142115166137394,0,0,,,,,,,
1771105469.462247,48000,375.0,-16.245311295147193,0,0,,,,,,,
1771105469.5111074,48000,375.0,-16.91328656184604,0,0,,,,,,,
1771105469.5560186,48000,375.0,-20.39397881991162,0,0,,,,,,,
1771105469.604416,48000,375.0,-44.145355298612245,0,0,,,,,,,
1771105469.6552832,48000,187.5,-48.45802814538224,0,0,,,,,,,
1771105469.700168,48000,1171.875,-32.90986835490502,0,0,,,,,,,
1771105469.7460444,48000,468.75,-33.116603099545365,0,0,,,,,,,
1771105469.7918444,48000,1171.875,-33.02387578449613,0,0,,,,,,,
1771105469.8367245,48000,1171.875,-34.5736151012912,0,0,,,,,,,
1771105469.883599,48000,468.75,-33.7290106501881,0,0,,,,,,,
1771105469.9304466,48000,5718.75,-32.860360778062926,0,0,,,,,,,
1771105470.0177507,48000,328.125,-14.745526967800151,1,0,54.982666015625,19.521862030029297,95.27577209472656,23.304807662963867,20.466571807861328,104.72013854980469,1.0
1771105470.0762227,48000,328.125,-16.72885972722819,0,0,81.92707824707031,67.44483947753906,601.8345336914062,44.40918731689453,52.97793197631836,365.98785400390625,1.0
1771105470.1171134,48000,328.125,-16.47464434525783,0,0,93.02225494384766,79.70124816894531,742.5902709960938,50.41379928588867,55.16239547729492,353.8121643066406,1.0
1771105470.1738455,48000,328.125,-16.318923397094387,0,0,102.16722106933594,91.91978454589844,872.2328491210938,50.70585632324219,55.16239547729492,277.7435607910156,1.0
1771105470.2197354,48000,328.125,-15.618443896229708,0,0,110.2684097290039,104.82414245605469,1010.9833984375,49.221431732177734,55.16239547729492,237.62564086914062,1.0
1771105470.3064904,48000,656.25,-16.24825613461919,0,0,124.58744812011719,115.38327026367188,1148.580810546875,47.19385528564453,55.16239547729492,200.2448272705078,1.0
1771105470.355389,48000,656.25,-14.722726531643813,0,0,127.88581085205078,115.38327026367188,1108.0025634765625,50.24403381347656,65.33587646484375,253.99647521972656,1.0
1771105470.4042292,48000,656.25,-15.79831971249326,0,0,138.54254150390625,75.87128448486328,452.4251708984375,53.63383102416992,71.28530883789062,332.0183410644531,1.0
1771105470.4501348,48000,328.125,-18.286054488792175,0,0,143.80857849121094,47.938438415527344,193.39268493652344,55.582176208496094,71.28530883789062,340.3901672363281,1.0
1771105470.4960253,48000,328.125,-21.65031872655838,0,0,144.76235961914062,40.922019958496094,145.97242736816406,56.44752883911133,71.28530883789062,320.5224609375,1.0
1771105470.540892,48000,328.125,-22.759604474911477,0,0,142.75303649902344,52.24348449707031,244.56382751464844,56.65528869628906,71.28530883789062,296.5479431152344,1.0
1771105470.5867422,48000,328.125,-26.469757478809463,0,0,134.6549835205078,73.74535369873047,562.0604248046875,56.07741928100586,71.28530883789062,269.65716552734375,1.0
1771105470.6326466,48000,703.125,-42.31837347217369,0,0,124.89505767822266,98.7088851928711,902.2835693359375,54.813011169433594,71.28530883789062,276.1299133300781,1.0
1771105470.6794946,48000,3281.25,-46.753577043100734,0,0,112.6430892944336,112.44012451171875,1318.25,53.024986267089844,71.28530883789062,309.25946044921875,1.0
1771105470.7353446,48000,10593.75,-48.11765555739677,0,0,91.92486572265625,127.88218688964844,1753.2674560546875,49.96790313720703,71.28530883789062,386.7587890625,1.0
1771105470.776236,48000,375.0,-49.958051791430734,0,0,77.24065399169922,128.2191162109375,1746.5167236328125,47.87067794799805,75.25634765625,445.6281433105469,1.0
1771105470.8330836,48000,375.0,-54.69118137011482,0,0,63.01793670654297,114.96316528320312,1552.2025146484375,45.814720153808594,78.28662109375,503.68218994140625,1.0
1771105470.8804662,48000,375.0,-56.1448453354962,0,0,50.32694625854492,103.42015838623047,1311.4365234375,43.8471794128418,80.31070709228516,557.1312866210938,1.0
1771105470.9265273,48000,375.0,-66.76098853938042,0,0,33.35392761230469,90.8880615234375,809.353759765625,41.10640335083008,82.12481689453125,625.1680297851562,1.0
1771105470.9674504,48000,15234.375,-68.65891604233633,0,0,23.62132453918457,72.1989974975586,439.74468994140625,39.431114196777344,82.75338745117188,661.7142333984375,1.0
1771105471.0153222,48000,1921.875,-61.58577330943742,0,0,16.290376663208008,48.77363204956055,204.00038146972656,37.8810920715332,82.9488754272461,691.1657104492188,1.0
1771105471.110097,48000,1640.625,-56.98746522326658,0,0,7.979759216308594,22.66287612915039,45.754661560058594,35.143646240234375,82.9488754272461,730.800048828125,1.0
1771105471.1559734,48000,1687.5,-57.49619952749599,0,0,5.671693801879883,15.248019218444824,20.479501724243164,33.9345817565918,82.9488754272461,742.9640502929688,1.0
1771105471.2033777,48000,1546.875,-49.02663633692679,0,0,4.137768745422363,10.161665916442871,8.981778144836426,32.8231201171875,82.9488754272461,750.8687133789062,1.0
1771105471.2442958,48000,1406.25,-56.10717018945855,0,0,3.122899055480957,6.557650566101074,3.592989921569824,31.79985809326172,82.9488754272461,755.2569580078125,1.0
1771105471.2951324,48000,93.75,-57.834939693870396,0,0,2.2886288166046143,2.9627223014831543,0.6739057898521423,30.58970069885254,82.9488754272461,779.9127197265625,1.0
1771105471.3370206,48000,15234.375,-68.07363133275304,0,0,2.11838436126709,2.368867874145508,0.3841661214828491,29.78397560119629,83.00061798095703,787.4204711914062,1.0
1771105471.3889403,48000,15281.25,-68.6950016100245,0,0,1.7705771923065186,1.3690896034240723,0.10885870456695557,26.601104736328125,83.51174926757812,757.2547607421875,1.0
1771105471.4338205,48000,140.625,-66.34570828243946,0,0,1.6262836456298828,1.0164145231246948,0.10092800110578537,24.6651668548584,83.7197036743164,740.9092407226562,1.0
1771105471.4787006,48000,140.625,-68.07069242986091,0,0,1.5318541526794434,1.016808032989502,0.10140202939510345,23.140869140625,83.75003051757812,742.0491333007812,1.0
1771105471.5255473,48000,750.0,-32.727377350940856,0,0,1.592982530593872,2.7754275798797607,0.364953875541687,21.379619598388672,83.75003051757812,747.4881591796875,1.0
1771105471.5714245,48000,656.25,-13.451083532664095,0,0,5.877583026885986,49.339847564697266,159.30589294433594,21.48355484008789,83.75003051757812,753.7111206054688,1.0
1771105471.6173017,48000,656.25,-13.131578373116925,0,0,14.912211418151855,91.0955581665039,745.479736328125,21.787967681884766,83.75003051757812,783.3629760742188,1.0
1771105471.6641765,48000,656.25,-13.198788309711706,0,0,26.678621292114258,110.10401916503906,1547.220458984375,22.31333351135254,100.77413940429688,854.2884521484375,1.0
1771105471.7155461,48000,656.25,-11.752974033831533,0,0,45.706581115722656,118.23226165771484,2403.052978515625,24.335811614990234,124.37751770019531,1157.9276123046875,1.0
1771105471.7728753,48000,656.25,-11.965313647070804,0,0,58.80276870727539,118.23226165771484,2609.611083984375,26.427759170532227,128.82147216796875,1458.9283447265625,1.0
1771105471.8647761,48000,375.0,-15.302496447496468,0,0,96.31307983398438,149.72317504882812,1969.01171875,30.00905990600586,128.82147216796875,1813.3011474609375,1.0
1771105471.9553177,48000,375.0,-17.55275779302245,0,0,126.80882263183594,87.4798812866211,570.810791015625,32.93981170654297,128.82147216796875,1937.292724609375,1.0
1771105471.9962373,48000,562.5,-28.828656758530688,0,0,132.71405029296875,56.92230224609375,337.88134765625,34.329708099365234,128.82147216796875,1951.3165283203125,1.0
1771105472.0480704,48000,375.0,-33.45430979162087,0,0,131.53082275390625,72.17333221435547,413.9359436035156,35.43466567993164,128.82147216796875,1938.4945068359375,1.0
1771105472.0949452,48000,375.0,-37.27470962054824,0,0,126.66250610351562,96.99602508544922,777.9107055664062,36.24347686767578,128.82147216796875,1913.7376708984375,1.0
1771105472.1418202,48000,375.0,-43.88363109058809,0,0,118.88693237304688,116.41487121582031,1378.8553466796875,36.80656814575195,128.82147216796875,1888.47216796875,1.0
1771105472.1857026,48000,421.875,-29.560609789181296,0,0,104.87129211425781,123.47177124023438,2215.4169921875,37.56731033325195,128.82147216796875,1848.6502685546875,1.0
1771105472.22759,48000,421.875,-29.098148634204502,0,0,94.55763244628906,123.47177124023438,2376.5234375,38.24460983276367,128.82147216796875,1813.845703125,1.0
1771105472.275421,48000,1125.0,-29.60891191405147,0,0,82.20219421386719,123.47177124023438,2143.698486328125,38.959877014160156,128.82147216796875,1776.195068359375,1.0
1771105472.3252935,48000,1125.0,-32.20104679127238,0,0,68.3719711303711,121.91168212890625,1492.31298828125,39.62635803222656,128.82147216796875,1739.0716552734375,1.0
1771105472.3711708,48000,421.875,-33.55643937686954,0,0,54.95011901855469,94.54114532470703,673.5010986328125,40.14578628540039,128.82147216796875,1707.4727783203125,1.0
1771105472.4145606,48000,234.375,-40.82859256866151,0,0,41.21553421020508,54.72776412963867,173.93275451660156,40.630958557128906,128.82147216796875,1674.898681640625,1.0
1771105472.4644272,48000,234.375,-40.82859256866151,0,0,35.44327163696289,35.741451263427734,102.76569366455078,40.86117172241211,128.82147216796875,1658.7684326171875,1.0
1771105472.5248318,48000,328.125,-14.271904162899162,1,0,37.8375129699707,73.60398864746094,294.0476989746094,42.00579833984375,128.82147216796875,1599.042236328125,1.0
1771105472.602624,48000,328.125,-19.790659810327448,0,0,50.51066207885742,104.60246276855469,1214.9478759765625,43.90620803833008,128.82147216796875,1514.341552734375,1.0
1771105472.6545148,48000,9750.0,-31.053502882848104,0,0,57.99034881591797,104.60246276855469,1418.8524169921875,45.568050384521484,128.82147216796875,1424.3553466796875,1.0
1771105472.6953757,48000,7078.125,-39.45839363248061,0,0,60.00726318359375,104.60246276855469,1366.04345703125,46.52006912231445,128.82147216796875,1365.2242431640625,1.0
1771105472.7542415,48000,656.25,-17.02478348222676,0,0,60.71346664428711,104.60246276855469,1331.3770751953125,47.76903533935547,128.80999755859375,1296.1024169921875,1.0
1771105472.8011212,48000,609.375,-42.36681854626066,0,0,60.93173599243164,104.60246276855469,1316.093505859375,48.69874954223633,122.01976776123047,1234.3001708984375,1.0
1771105472.8439791,48000,750.0,-27.034403834716837,1,0,63.06717300415039,104.60246276855469,1182.201416015625,49.35859298706055,120.55647277832031,1205.701416015625,1.0
1771105472.8858676,48000,656.25,-18.359261631504978,0,0,69.29723358154297,96.23023223876953,993.3424682617188,49.16165542602539,120.55647277832031,1194.377685546875,1.0
1771105472.9367306,48000,656.25,-18.954585508517447,0,0,67.63027954101562,96.23023223876953,891.4552001953125,48.399845123291016,120.55647277832031,1137.5113525390625,1.0
1771105472.986597,48000,328.125,-18.750518635116084,0,0,64.68878936767578,79.36448669433594,647.760009765625,46.6723747253418,120.55647277832031,992.891357421875,1.0
1771105473.0314796,48000,281.25,-17.80330848545235,0,0,65.67193603515625,83.962646484375,711.97607421875,44.0946159362793,119.14936828613281,770.515869140625,1.0
1771105473.091317,48000,281.25,-17.80330848545235,1,0,68.64392852783203,98.21928405761719,893.8956909179688,42.64525604248047,109.14472198486328,651.1743774414062,1.0
1771105473.1691098,48000,281.25,-14.81484104427932,0,0,73.20523071289062,113.7132797241211,1149.59521484375,41.28828048706055,97.7389907836914,555.2619018554688,1.0
1771105473.3067417,48000,281.25,-14.81484104427932,1,0,78.8203125,126.39603424072266,1443.14892578125,40.1523323059082,86.35464477539062,482.98828125,1.0
1771105473.353618,48000,281.25,-16.082724738369226,0,0,96.16812896728516,126.39603424072266,1410.82861328125,37.78091049194336,70.76390075683594,364.9294738769531,1.0
1771105473.399494,48000,281.25,-16.24280497731657,0,0,109.1797103881836,106.72254180908203,1022.723876953125,36.72330093383789,65.8978271484375,311.2845764160156,1.0
1771105473.4453714,48000,281.25,-16.24280497731657,0,0,115.07317352294922,96.55862426757812,868.0845947265625,36.3161735534668,65.8978271484375,290.79522705078125,1.0
1771105473.4922454,48000,281.25,-15.543768312401324,0,0,130.0654754638672,80.48941040039062,696.869873046875,35.78653335571289,65.8978271484375,267.20538330078125,1.0
1771105473.553083,48000,281.25,-14.945055820480235,0,0,144.67828369140625,81.6078872680664,558.2105712890625,36.124996185302734,65.8978271484375,272.2151794433594,1.0
1771105473.6448374,48000,281.25,-16.159696051425353,0,0,163.93716430664062,51.407928466796875,299.5733947753906,38.27644348144531,65.8978271484375,261.0616455078125,1.0
1771105473.6867568,48000,562.5,-16.039287099005126,0,0,166.26544189453125,51.407928466796875,257.2188415527344,39.58552932739258,65.8978271484375,267.3149108886719,1.0
1771105473.736593,48000,609.375,-17.26030477288312,0,0,167.49111938476562,42.09478759765625,201.59698486328125,41.38402557373047,69.69900512695312,301.2118835449219,1.0
1771105473.8283758,48000,281.25,-20.33582952798543,0,0,163.25830078125,61.665306091308594,407.4222717285156,44.57322692871094,69.69900512695312,315.55145263671875,1.0
1771105473.8742518,48000,281.25,-19.320000474262304,0,0,158.54998779296875,64.36712646484375,567.4420776367188,46.02154541015625,69.69900512695312,289.8404541015625,1.0
1771105473.9211473,48000,281.25,-18.842450118471493,0,0,152.93359375,64.36712646484375,634.5101928710938,47.671695709228516,69.69900512695312,251.79266357421875,1.0
1771105473.9671655,48000,281.25,-16.70048767531909,0,0,145.24957275390625,64.36712646484375,470.71868896484375,50.18635940551758,51.470863342285156,187.64004516601562,1.0
1771105474.0080867,48000,281.25,-16.778954212943503,0,0,140.80099487304688,57.01414489746094,273.7339172363281,51.507625579833984,50.393306732177734,186.5594024658203,1.0
1771105474.0559583,48000,609.375,-17.09348579755855,0,0,136.78250122070312,39.45542907714844,120.39507293701172,52.92026138305664,58.235225677490234,213.60276794433594,1.0
1771105474.1048555,48000,656.25,-14.076966489950758,0,0,134.14837646484375,24.270736694335938,67.07196044921875,55.01949691772461,76.10517883300781,275.5919189453125,1.0
1771105474.150351,48000,656.25,-13.65603544933775,0,0,132.4392852783203,24.270736694335938,62.16699981689453,57.58881759643555,83.50820922851562,355.0575866699219,1.0
1771105474.197223,48000,656.25,-14.68622174226364,0,0,131.82420349121094,24.270736694335938,67.15473175048828,60.40523147583008,85.59757232666016,425.4244079589844,1.0
1771105474.2431006,48000,656.25,-15.100217696655257,0,0,131.5906524658203,27.080665588378906,71.52560424804688,62.96834945678711,87.00126647949219,501.1971435546875,1.0
1771105474.2896128,48000,375.0,-21.01154822829065,0,0,130.28607177734375,32.334754943847656,100.24453735351562,66.57463836669922,79.00410461425781,513.6585083007812,1.0
1771105474.3484561,48000,375.0,-19.339788735450664,0,0,126.59873962402344,32.73308563232422,113.09298706054688,67.41789245605469,79.00410461425781,509.93817138671875,1.0
1771105474.3953564,48000,375.0,-19.685642118234732,0,0,123.14976501464844,26.622512817382812,79.98391723632812,66.89582824707031,79.00410461425781,513.6251831054688,1.0
1771105474.4362476,48000,375.0,-19.493051311380952,0,0,120.57363891601562,25.276657104492188,48.90135192871094,66.0975341796875,79.00410461425781,525.7796020507812,1.0
1771105474.488109,48000,375.0,-18.256059334696964,0,0,119.5758056640625,16.191940307617188,27.56169891357422,65.55439758300781,79.00410461425781,544.1902465820312,1.0
1771105474.5305042,48000,375.0,-18.611616731218575,0,0,119.45323181152344,13.990325927734375,25.12923812866211,65.22024536132812,83.47586059570312,561.6514282226562,1.0
1771105474.5803704,48000,375.0,-26.85961900107127,0,0,116.7542724609375,34.265785217285156,56.90169143676758,64.81773376464844,92.3924560546875,588.7832641601562,1.0
1771105474.6262476,48000,328.125,-35.73715900937126,0,0,111.2002182006836,62.035400390625,250.12591552734375,64.12753295898438,99.62276458740234,639.2207641601562,1.0
1771105474.6691334,48000,421.875,-30.735306414485454,0,0,99.83567810058594,83.28877258300781,788.8339233398438,62.44745635986328,104.77279663085938,755.4600830078125,1.0
1771105474.7180018,48000,421.875,-30.82629413673925,0,0,91.97706604003906,83.38893127441406,1041.49169921875,61.1948356628418,104.77279663085938,831.7479248046875,1.0
1771105474.7638798,48000,421.875,-29.863982409607083,0,0,84.27027130126953,83.85983276367188,1176.48486328125,59.888694763183594,104.77279663085938,904.1178588867188,1.0
1771105474.8097568,48000,187.5,-28.52667116714523,0,0,76.19381713867188,87.381103515625,1215.70751953125,58.65641784667969,104.77279663085938,972.2679443359375,1.0
1771105474.856631,48000,187.5,-27.198917557194598,0,0,68.02313232421875,87.381103515625,1018.98828125,57.54861068725586,104.77279663085938,1036.7550048828125,1.0
1771105474.9025087,48000,187.5,-31.708859563280893,0,0,59.18740463256836,83.79851531982422,597.1065673828125,56.391483306884766,104.88259887695312,1102.95458984375,1.0
1771105474.9484186,48000,187.5,-30.51908550476575,0,0,48.28187561035156,37.99152374267578,82.94273376464844,54.27085876464844,105.630126953125,1204.22802734375,1.0
1771105475.0471234,48000,187.5,-26.002570810986242,0,0,46.62303161621094,25.345703125,30.23807716369629,53.34661102294922,105.630126953125,1233.109130859375,1.0
1771105475.1337225,48000,328.125,-19.77768033550412,0,0,57.85746383666992,77.7619400024414,653.9401245117188,50.53141403198242,105.630126953125,1222.38037109375,1.0
1771105475.193542,48000,9375.0,-29.734729795650487,0,0,64.3813247680664,77.7619400024414,721.5101318359375,49.183528900146484,105.630126953125,1224.453369140625,1.0
1771105475.2354302,48000,8015.625,-30.397477806477816,0,0,65.75495910644531,75.93104553222656,677.7058715820312,47.78144836425781,105.630126953125,1233.5096435546875,1.0
1771105475.2848227,48000,7968.75,-38.38453235771717,0,0,64.2188491821289,86.504638671875,753.3758544921875,46.6562614440918,105.630126953125,1241.487548828125,1.0
1771105475.3271735,48000,375.0,-18.264482920856636,0,0,64.0484848022461,86.504638671875,773.723388671875,45.30194091796875,105.630126953125,1244.7459716796875,1.0
1771105475.4241643,48000,328.125,-17.4781880821445,0,0,74.16109466552734,86.504638671875,799.3604736328125,41.95975875854492,105.630126953125,1140.0347900390625,1.0
1771105475.4700418,48000,328.125,-16.831275696254856,0,0,77.09213256835938,86.97370910644531,929.057373046875,39.86153030395508,105.630126953125,996.3507690429688,1.0
1771105475.5154855,48000,328.125,-15.002279964990308,0,0,79.0390396118164,109.34320068359375,1120.7119140625,37.86634063720703,105.630126953125,822.0887451171875,1.0
1771105475.6066751,48000,328.125,-16.12373698702991,0,0,103.13882446289062,133.57046508789062,2226.242431640625,33.12103271484375,83.17265319824219,369.01751708984375,1.0
1771105475.654539,48000,328.125,-14.183312025824485,0,0,118.420166015625,148.2102813720703,2128.729248046875,31.89772605895996,62.23020553588867,277.6590576171875,1.0
1771105475.700489,48000,328.125,-14.74155906223743,0,0,134.7025604248047,124.21507263183594,1472.5985107421875,31.237092971801758,48.180198669433594,241.77432250976562,1.0
1771105475.744967,48000,328.125,-17.163745163603068,1,0,146.23428344726562,100.77640533447266,876.61767578125,30.790884017944336,46.523475646972656,225.77236938476562,1.0
1771105475.7936661,48000,328.125,-24.27224440627394,0,0,150.3729248046875,72.0279312133789,569.151123046875,30.32961082458496,46.523475646972656,217.39022827148438,1.0
1771105475.8368542,48000,8437.5,-29.58538134827418,0,0,144.18988037109375,121.63084411621094,1249.9041748046875,29.709636688232422,46.523475646972656,214.00489807128906,1.0
1771105475.8874438,48000,9750.0,-44.13666648352799,0,0,134.07388305664062,142.326171875,2251.02685546875,29.373971939086914,46.523475646972656,217.06182861328125,1.0
1771105475.9333813,48000,609.375,-15.695914812496696,0,0,123.26128387451172,142.326171875,2749.43359375,29.80890464782715,46.523475646972656,217.73272705078125,1.0
1771105475.9797053,48000,890.625,-16.5354787493973,0,0,112.95341491699219,142.326171875,2828.202392578125,31.404714584350586,58.968692779541016,244.46371459960938,1.0
1771105476.0260453,48000,890.625,-16.095155798990554,0,0,95.3835678100586,142.326171875,2270.07861328125,34.99732208251953,78.53091430664062,348.1260986328125,1.0
1771105476.0722907,48000,890.625,-16.001778162151496,0,0,88.76887512207031,137.96694946289062,1869.9251708984375,36.32535171508789,82.4178466796875,392.98077392578125,1.0
1771105476.1173732,48000,890.625,-17.232791881563344,0,0,70.17076873779297,102.88046264648438,564.1452026367188,40.3829460144043,85.2882080078125,518.8600463867188,1.0
1771105476.1645615,48000,843.75,-18.377615134146325,0,0,62.04426574707031,53.14672088623047,120.21615600585938,43.12419891357422,85.64424133300781,585.545166015625,1.0
1771105476.2245884,48000,750.0,-23.162632184459696,0,0,58.59416198730469,30.065841674804688,55.143165588378906,46.84877395629883,85.64424133300781,613.3605346679688,1.0
1771105476.2672946,48000,234.375,-25.034734700213825,0,0,60.17364501953125,16.911632537841797,26.9731502532959,48.857418060302734,85.29155731201172,583.1243896484375,1.0
1771105476.3640563,48000,234.375,-26.550644693302115,0,0,59.97536849975586,14.073646545410156,17.28343391418457,50.83456802368164,77.39344024658203,519.6280517578125,1.0
1771105476.416331,48000,234.375,-40.95287359941665,1,0,56.85458755493164,23.55783462524414,29.966758728027344,50.520633697509766,77.39344024658203,531.5985717773438,1.0
1771105476.496696,48000,15281.25,-68.10100893419695,0,0,48.84035873413086,45.75273895263672,215.87008666992188,49.30921936035156,84.88137817382812,594.2274169921875,1.0
1771105476.5450678,48000,15281.25,-68.39472498189056,0,0,44.515201568603516,49.02313232421875,308.55218505859375,48.65937805175781,86.99862670898438,633.2669677734375,1.0
1771105476.59444,48000,375.0,-17.785566885676197,0,0,46.383426666259766,78.01513671875,417.9332580566406,48.67266845703125,86.99862670898438,633.5038452148438,1.0
1771105476.6394496,48000,375.0,-18.251226996133415,0,0,52.50762176513672,108.49850463867188,854.614501953125,49.03410720825195,86.99862670898438,621.7810668945312,1.0
1771105476.6842937,48000,375.0,-13.319518708864159,0,0,69.86531829833984,170.02371215820312,2681.79443359375,49.3127326965332,86.99862670898438,615.3030395507812,1.0
1771105476.7331495,48000,375.0,-13.319518708864159,0,0,77.58154296875,187.91525268554688,3577.30078125,49.33960723876953,86.99862670898438,614.949951171875,1.0
1771105476.776205,48000,375.0,-13.597243699997497,0,0,104.44598388671875,208.01580810546875,6013.68701171875,48.731510162353516,86.99862670898438,620.385986328125,1.0
1771105476.8232183,48000,375.0,-13.44207560076995,0,0,125.52500915527344,213.31968688964844,6657.318359375,48.03498840332031,86.99862670898438,624.2865600585938,1.0
1771105476.8671126,48000,375.0,-13.583229250183022,0,0,148.39556884765625,216.41880798339844,6155.861328125,47.45942306518555,86.99862670898438,627.1416015625,1.0
1771105476.915349,48000,375.0,-14.220646398037687,0,0,172.2440948486328,209.7917938232422,4339.0517578125,47.055397033691406,86.99862670898438,627.7340698242188,1.0
1771105476.9613361,48000,375.0,-21.324079152301763,0,0,191.90658569335938,138.499755859375,2058.6591796875,46.76545715332031,86.99862670898438,628.843017578125,1.0
1771105477.0078628,48000,187.5,-25.726149510308293,0,0,199.69808959960938,98.20066833496094,1027.9359130859375,46.31666946411133,86.99862670898438,634.291748046875,1.0
1771105477.0551655,48000,187.5,-29.994428706082573,0,0,194.3290557861328,130.13763427734375,1727.9971923828125,46.27732849121094,86.99862670898438,635.285888671875,1.0
1771105477.115394,48000,234.375,-36.74459924036347,0,0,173.53347778320312,166.435791015625,3689.68310546875,46.244327545166016,86.99862670898438,636.7144775390625,1.0
1771105477.1560118,48000,375.0,-17.47832652907212,0,0,156.60198974609375,171.88494873046875,4439.7666015625,46.47734451293945,86.99862670898438,627.410400390625,1.0
1771105477.2069678,48000,750.0,-15.816513401077842,0,0,142.28045654296875,171.88494873046875,4119.07568359375,47.10878372192383,86.99862670898438,622.42578125,1.0
1771105477.2470915,48000,750.0,-15.816513401077842,0,0,129.08755493164062,171.88494873046875,3227.30517578125,47.390010833740234,86.99862670898438,632.2052001953125,1.0
1771105477.3020644,48000,375.0,-16.050694980418825,0,0,117.67042541503906,165.9462890625,1978.406494140625,47.27885055541992,86.99862670898438,624.7715454101562,1.0
1771105477.3523114,48000,375.0,-15.446942736145486,0,0,109.80487823486328,115.08152770996094,963.2225341796875,46.83544921875,86.99862670898438,592.1004028320312,1.0
1771105477.4363706,48000,328.125,-23.988328754682588,0,0,112.98375701904297,99.69642639160156,983.6552734375,43.7498893737793,82.20750427246094,410.2954406738281,1.0
1771105477.4774456,48000,375.0,-15.633450101448357,0,0,120.32357788085938,99.69642639160156,920.5274658203125,42.45382308959961,71.5199203491211,342.6636657714844,1.0
1771105477.524833,48000,375.0,-16.98825007573546,0,0,130.65728759765625,81.5531005859375,540.529541015625,41.88003158569336,69.53890228271484,312.3876037597656,1.0
1771105477.583692,48000,375.0,-17.610636952430415,0,0,138.73434448242188,57.296043395996094,303.34814453125,41.926963806152344,69.53890228271484,313.95037841796875,1.0
1771105477.6271214,48000,375.0,-19.004928632098878,0,0,146.0719757080078,38.31700134277344,108.02967071533203,42.39095687866211,69.53890228271484,322.8736572265625,1.0
1771105477.6763246,48000,328.125,-29.039825493522354,0,0,146.2598876953125,40.82215881347656,107.33698272705078,42.5720329284668,69.53890228271484,320.33673095703125,1.0
1771105477.7755964,48000,187.5,-29.996009753440752,1,1,126.66635131835938,100.9929428100586,1060.917724609375,43.08747863769531,69.53890228271484,296.0622863769531,1.0
1771105477.8172586,48000,375.0,-27.919092401254105,0,0,122.47882843017578,102.32416534423828,1301.4129638671875,43.25593185424805,68.40901184082031,286.12335205078125,1.0
1771105477.8645823,48000,375.0,-14.264768196510003,0,0,118.60325622558594,102.32416534423828,1315.70068359375,43.703243255615234,59.43172836303711,266.1450500488281,1.0
1771105477.9059572,48000,375.0,-14.91074480949101,0,0,117.90647888183594,102.32416534423828,1278.239501953125,44.26278305053711,59.43172836303711,263.3434143066406,1.0
1771105477.9973485,48000,375.0,-13.45597424722219,0,0,121.70999145507812,125.56090545654297,1632.12255859375,45.82944869995117,59.43172836303711,290.4343566894531,1.0
1771105478.0490417,48000,375.0,-14.427222025887588,0,0,126.888916015625,129.49884033203125,2039.9874267578125,46.84219741821289,59.43172836303711,306.7609558105469,1.0
1771105478.0958326,48000,328.125,-17.495878743190186,0,0,139.15570068359375,129.49884033203125,2169.977294921875,48.052120208740234,59.43172836303711,307.7581787109375,1.0
1771105478.1426008,48000,328.125,-17.495878743190186,0,0,143.7521514892578,129.49884033203125,1940.10400390625,48.24612808227539,59.43172836303711,305.1651916503906,1.0
1771105478.1856594,48000,187.5,-34.04493208941312,0,0,155.0864715576172,97.00006103515625,760.3870849609375,47.95848846435547,59.43172836303711,312.9895935058594,1.0
1771105478.2361283,48000,187.5,-32.91422297240048,0,0,153.2110595703125,107.87889099121094,969.812255859375,47.28408432006836,59.57331466674805,335.91796875,1.0
1771105478.282641,48000,187.5,-32.479344611832374,0,0,144.4335479736328,126.7060317993164,1742.462646484375,46.555824279785156,65.27294921875,367.7231750488281,1.0
1771105478.3359349,48000,187.5,-35.35299593437418,1,0,132.6267547607422,139.64747619628906,2551.790283203125,45.77873992919922,69.1000747680664,405.95697021484375,1.0
1771105478.376022,48000,9515.625,-34.657425021548725,0,0,117.87657165527344,148.19931030273438,3069.8427734375,45.05445098876953,70.6221923828125,444.9449157714844,1.0
1771105478.4170654,48000,328.125,-16.649575028466124,0,0,97.50626373291016,144.5082244873047,2442.142333984375,44.63240051269531,70.88980865478516,468.8849182128906,1.0
1771105478.4648623,48000,328.125,-16.24039509232601,0,0,89.83283996582031,130.89292907714844,1653.3858642578125,44.5989875793457,70.88980865478516,468.57818603515625,1.0
1771105478.5170252,48000,656.25,-16.55810509502747,0,0,85.46253204345703,108.96153259277344,1158.3603515625,44.35456848144531,70.88980865478516,460.48529052734375,1.0
1771105478.5624897,48000,328.125,-17.29966368300325,0,0,84.66043090820312,95.67681884765625,1070.136474609375,44.03668975830078,70.88980865478516,443.7365417480469,1.0
1771105478.6066158,48000,328.125,-16.61864582526309,0,0,92.55619812011719,106.11283874511719,1510.35205078125,43.736324310302734,66.0982437133789,425.54931640625,1.0
1771105478.655662,48000,328.125,-16.249588151697065,0,0,102.13996124267578,114.72697448730469,1719.91943359375,43.91859817504883,67.98101806640625,435.4266052246094,1.0
1771105478.695862,48000,328.125,-15.886247001313777,0,0,113.97429656982422,121.10580444335938,1632.803466796875,44.4017448425293,67.98101806640625,450.5802917480469,1.0
1771105478.7480133,48000,328.125,-19.311334324530304,0,0,126.61052703857422,121.10580444335938,1072.867919921875,44.6898078918457,67.98101806640625,454.2752990722656,1.0
1771105478.8035743,48000,187.5,-28.057734831917386,1,0,135.4217529296875,70.17838287353516,349.6165771484375,44.147132873535156,67.98101806640625,451.47955322265625,1.0
1771105478.8863623,48000,187.5,-29.611888055958623,0,0,127.44709014892578,95.03694915771484,902.6944580078125,41.171043395996094,67.98101806640625,442.89117431640625,1.0
1771105478.9336028,48000,187.5,-33.37060637746918,0,0,118.86727905273438,107.27383422851562,1408.1722412109375,40.250328063964844,67.98101806640625,460.3711853027344,1.0
1771105478.9811263,48000,234.375,-36.65200686961276,0,0,108.07159423828125,119.73670959472656,1877.9874267578125,39.65892028808594,67.98101806640625,479.6894226074219,1.0
1771105479.0276785,48000,187.5,-36.15005272770045,0,0,95.50115966796875,127.83687591552734,2158.489990234375,39.349586486816406,67.98101806640625,492.3139343261719,1.0
1771105479.0735888,48000,234.375,-34.245106070765765,0,0,82.06149291992188,128.8968963623047,2019.15576171875,39.29713439941406,67.98101806640625,494.4684143066406,1.0
1771105479.1194594,48000,562.5,-28.275312210243907,0,0,69.18682861328125,119.89470672607422,1353.2501220703125,39.40235137939453,67.98101806640625,490.83172607421875,1.0
1771105479.1657393,48000,562.5,-28.211729347629774,0,0,58.33211135864258,91.55023193359375,659.3765258789062,39.079307556152344,67.98101806640625,495.3187255859375,1.0
1771105479.212676,48000,750.0,-32.78804619573822,0,0,48.5073356628418,49.6202392578125,167.07867431640625,37.77239990234375,67.98101806640625,493.1737976074219,1.0
1771105479.2656934,48000,9140.625,-30.610332655039386,1,0,44.75156784057617,33.85993957519531,67.37015533447266,36.505027770996094,67.98101806640625,466.5422058105469,1.0
1771105479.3574839,48000,281.25,-24.83605751518048,0,0,41.65956115722656,27.89189338684082,49.073974609375,33.50004959106445,67.98101806640625,387.2322692871094,1.0
1771105479.4137454,48000,703.125,-14.031320942144657,0,0,46.33683395385742,52.05255889892578,157.27398681640625,34.13101577758789,70.08242797851562,421.9469909667969,1.0
1771105479.459628,48000,703.125,-15.000436064374282,0,0,53.44349670410156,68.48947143554688,380.404296875,35.63164520263672,75.68946075439453,495.38690185546875,1.0
1771105479.5049803,48000,421.875,-18.000308871379367,0,0,67.073486328125,96.94850158691406,1067.7451171875,37.68534469604492,75.68946075439453,524.2714233398438,1.0
1771105479.585765,48000,609.375,-29.59453670346719,0,0,78.7148208618164,104.77528381347656,1336.1502685546875,39.85765838623047,75.68946075439453,509.7835693359375,1.0
1771105479.6331553,48000,281.25,-34.68786057203329,0,0,82.17202758789062,104.77528381347656,1210.547119140625,40.75423812866211,75.68946075439453,476.8387451171875,1.0
1771105479.68003,48000,328.125,-18.041563935918013,0,0,90.19076538085938,104.77528381347656,825.3111572265625,43.05912399291992,68.64677429199219,436.9680480957031,1.0
1771105479.7269049,48000,984.375,-16.27837343226417,0,0,98.02490997314453,79.62007904052734,493.28961181640625,44.80595016479492,71.3852310180664,475.85491943359375,1.0
1771105479.7737925,48000,656.25,-16.956417914897056,0,0,104.17046356201172,68.02546691894531,376.36114501953125,46.30955505371094,81.36517333984375,553.384765625,1.0
1771105479.8206542,48000,656.25,-14.68874374110813,0,0,108.8536148071289,68.02546691894531,396.66748046875,47.587581634521484,88.30358123779297,640.7649536132812,1.0
1771105479.867529,48000,328.125,-19.922651791468052,0,0,110.54144287109375,68.02546691894531,430.7432861328125,48.82080841064453,92.00138854980469,728.6574096679688,1.0
1771105479.9144037,48000,281.25,-29.788328618397326,0,0,108.89757537841797,68.02546691894531,411.34710693359375,48.733280181884766,92.00138854980469,724.8129272460938,1.0
1771105479.9622898,48000,281.25,-31.08923494609911,0,0,102.41276550292969,67.95130157470703,479.6552734375,47.50285339355469,92.00138854980469,695.8623046875,1.0
1771105480.0076368,48000,375.0,-26.069247359760478,0,0,103.2267074584961,69.92471313476562,478.8076171875,46.69254684448242,92.00138854980469,691.5435791015625,1.0
1771105480.0561452,48000,375.0,-12.87142666528535,0,0,110.36172485351562,89.86471557617188,568.199462890625,46.39419174194336,92.00138854980469,693.955810546875,1.0
1771105480.1020396,48000,375.0,-13.19809980074174,0,0,118.84164428710938,119.73017883300781,994.0082397460938,46.52847671508789,92.00138854980469,690.6328735351562,1.0
1771105480.1529686,48000,375.0,-27.178716645209057,0,0,129.23570251464844,122.41177368164062,1502.916748046875,46.88597869873047,92.00138854980469,678.5664672851562,1.0
1771105480.2078211,48000,609.375,-35.51961855789844,0,0,126.42891693115234,122.41177368164062,1574.0906982421875,47.19139099121094,92.00138854980469,663.1012573242188,1.0
1771105480.3155048,48000,281.25,-37.99321507168073,1,0,116.42218780517578,138.37013244628906,2250.200927734375,47.422218322753906,90.04383850097656,648.9194946289062,1.0
1771105480.3850534,48000,656.25,-15.097515954970536,0,0,119.83881378173828,138.37013244628906,2045.035400390625,49.21534729003906,90.04383850097656,615.7685546875,1.0
1771105480.4403,48000,656.25,-14.299061134552698,0,0,117.51536560058594,138.37013244628906,1961.5052490234375,51.014652252197266,90.04383850097656,628.777099609375,1.0
1771105480.485467,48000,656.25,-13.891866458745126,0,0,112.45234680175781,138.37013244628906,1552.24365234375,53.29237747192383,90.04383850097656,665.5604858398438,1.0
1771105480.575535,48000,281.25,-17.42210053002637,0,0,108.0714111328125,97.21095275878906,984.697509765625,58.63136291503906,90.04383850097656,717.728759765625,1.0
1771105480.6233773,48000,281.25,-18.756853374075668,0,0,114.22991180419922,97.21095275878906,1028.1287841796875,59.78325653076172,90.04383850097656,680.9118041992188,1.0
1771105480.667279,48000,281.25,-32.282708965135576,0,0,120.58782196044922,97.21095275878906,710.6796264648438,59.3907356262207,90.04383850097656,688.8016967773438,1.0
1771105480.7111921,48000,281.25,-35.39402896141042,0,0,123.46266174316406,68.18006896972656,420.2096862792969,57.69088363647461,90.04383850097656,701.8906860351562,1.0
1771105480.7580385,48000,4640.625,-31.488377405337285,0,0,119.71238708496094,88.79739379882812,735.7215576171875,55.96576690673828,90.04383850097656,722.7520751953125,1.0
1771105480.8053997,48000,281.25,-33.06649054194083,0,0,107.5228042602539,103.1491470336914,1457.96728515625,54.01066970825195,90.04383850097656,771.4262084960938,1.0
1771105480.852266,48000,5765.625,-33.08103747232487,0,0,97.15675354003906,109.1122055053711,1807.9278564453125,52.96794128417969,90.04383850097656,806.7109375,1.0
1771105480.8988729,48000,281.25,-35.68562518465596,0,0,85.80918884277344,112.89590454101562,1952.595458984375,52.31657028198242,91.72232055664062,841.8502807617188,1.0
1771105480.9453595,48000,328.125,-21.15362054595071,0,0,76.53805541992188,112.74639892578125,1573.9296875,51.49041748046875,91.72232055664062,865.1661987304688,1.0
1771105480.99722,48000,281.25,-16.815248409371936,0,0,69.5481948852539,96.78694152832031,888.99658203125,49.827213287353516,91.72232055664062,832.260986328125,1.0
1771105481.0457683,48000,281.25,-31.023709391889028,0,0,68.3216323852539,84.17182922363281,773.153076171875,47.85373306274414,91.72232055664062,770.5681762695312,1.0
1771105481.098665,48000,7500.0,-30.872596228471668,0,0,67.5116195678711,84.17182922363281,750.2415161132812,45.498958587646484,91.72232055664062,684.1826171875,1.0
1771105481.14572,48000,7734.375,-34.166575474740185,0,0,66.73544311523438,84.17182922363281,763.943603515625,43.00830078125,87.20782470703125,587.9033203125,1.0
1771105481.1932173,48000,7500.0,-32.48217854053908,0,0,65.7562255859375,84.17182922363281,805.8182373046875,41.25483703613281,87.20782470703125,565.9315185546875,1.0
1771105481.2353554,48000,281.25,-33.86829782339784,0,0,66.3929443359375,85.59010314941406,812.3029174804688,39.81296920776367,87.20782470703125,583.226806640625,1.0
1771105481.2764158,48000,234.375,-14.499953314954848,0,0,74.74207305908203,88.88558959960938,845.811767578125,39.63636779785156,87.20782470703125,585.1504516601562,1.0
1771105481.3202972,48000,234.375,-14.417704141084881,0,0,83.41879272460938,107.09751892089844,1188.3717041015625,39.534183502197266,87.20782470703125,586.2672729492188,1.0
1771105481.3673236,48000,234.375,-16.328382333793364,0,0,88.84586334228516,113.56858825683594,1560.3359375,39.135765075683594,87.20782470703125,592.9736328125,1.0
1771105481.4172175,48000,281.25,-19.837167610864427,0,0,90.5237808227539,113.56858825683594,1681.0318603515625,38.61878204345703,87.20782470703125,605.5267944335938,1.0
1771105481.4654777,48000,281.25,-36.65288777270569,0,0,93.48910522460938,113.56858825683594,1712.52099609375,38.265621185302734,87.20782470703125,615.9935913085938,1.0
1771105481.518456,48000,468.75,-41.37576881203312,0,0,94.70653533935547,113.56858825683594,1632.1129150390625,37.97875213623047,89.60260009765625,627.8274536132812,1.0
1771105481.608776,48000,328.125,-13.13278878243733,0,0,109.10137176513672,91.051025390625,933.1700439453125,38.20204544067383,89.60260009765625,623.6138305664062,1.0
1771105481.6551607,48000,328.125,-14.579957062869093,0,0,118.28648376464844,114.04670715332031,1071.994873046875,37.94132614135742,89.60260009765625,618.9088745117188,1.0
1771105481.7038999,48000,328.125,-14.115751140130401,0,0,124.44559478759766,136.47518920898438,1513.3883056640625,36.98809814453125,89.60260009765625,578.2561645507812,1.0
1771105481.746779,48000,375.0,-16.00878271783811,0,0,132.50169372558594,140.93238830566406,2145.72265625,34.51584243774414,89.60260009765625,425.9942932128906,1.0
1771105481.7936535,48000,375.0,-24.547267733914985,0,0,134.82696533203125,140.93238830566406,2192.583984375,32.304588317871094,84.80004119873047,272.8548889160156,1.0
1771105481.8403919,48000,328.125,-32.21622752819302,0,0,134.56280517578125,140.93238830566406,2198.58349609375,30.147218704223633,63.095611572265625,152.18402099609375,1.0
1771105481.8862393,48000,187.5,-28.64093763509718,0,0,135.73580932617188,140.93238830566406,2075.31982421875,28.563350677490234,42.9370002746582,97.1458740234375,1.0
1771105481.9321141,48000,375.0,-25.80206900069018,0,0,138.46923828125,114.31816101074219,1707.1507568359375,27.587236404418945,32.86759567260742,81.1794204711914,1.0
1771105481.9784582,48000,187.5,-29.889448848867836,0,0,134.66598510742188,130.59732055664062,2069.864013671875,27.073246002197266,32.86759567260742,81.50857543945312,1.0
1771105482.023339,48000,375.0,-31.80544704569064,0,0,124.35306549072266,138.55490112304688,2565.1396484375,26.731197357177734,32.86759567260742,85.48241424560547,1.0
1771105482.070174,48000,187.5,-32.06128582327699,0,0,103.05377197265625,147.50100708007812,2458.88427734375,26.222949981689453,33.34893798828125,93.83113861083984,1.0
1771105482.1177359,48000,187.5,-37.61149247542551,0,0,85.9444808959961,144.13055419921875,1635.0633544921875,25.815935134887695,36.063350677490234,102.17462921142578,1.0
1771105482.1651843,48000,234.375,-42.4535106551723,0,0,70.22927856445312,107.75064849853516,820.2640991210938,25.45722770690918,38.07023239135742,111.31716918945312,1.0
1771105482.2113628,48000,515.625,-28.763511162921528,0,0,59.94398498535156,71.8446273803711,464.5975036621094,25.304147720336914,38.07023239135742,114.6618423461914,1.0
1771105482.2720919,48000,468.75,-28.942258806525828,0,0,51.67696762084961,52.2286376953125,240.7554473876953,24.189640045166016,37.92717361450195,105.28933715820312,1.0
1771105482.363517,48000,281.25,-31.098555437133356,0,0,44.76569747924805,29.675209045410156,60.56672668457031,22.983196258544922,37.92717361450195,96.51689147949219,1.0
1771105482.40564,48000,234.375,-27.925312744425344,0,0,42.59318542480469,22.240596771240234,28.390037536621094,22.39091682434082,37.92717361450195,98.26212310791016,1.0
1771105482.4456427,48000,234.375,-33.963738029333335,0,0,41.704437255859375,16.090702056884766,20.09823989868164,22.158763885498047,37.92717361450195,100.12116241455078,1.0
1771105482.4946399,48000,187.5,-30.82682700817438,0,0,41.57472610473633,16.090702056884766,19.8543643951416,22.1361026763916,37.92717361450195,100.3517837524414,1.0
1771105482.547435,48000,656.25,-17.308271399326998,0,0,46.50242614746094,52.68682098388672,136.81744384765625,22.386014938354492,37.92717361450195,105.29867553710938,1.0
1771105482.6348345,48000,328.125,-17.04409748250478,0,0,61.04732894897461,77.69949340820312,689.69873046875,23.24606704711914,43.326148986816406,132.93838500976562,1.0
1771105482.6797166,48000,328.125,-21.92603286811725,0,0,69.25601196289062,82.12892150878906,981.3988647460938,23.549781799316406,43.326148986816406,134.79055786132812,1.0
1771105482.7265913,48000,328.125,-36.62221721377805,0,0,77.25011444091797,82.12892150878906,928.6732788085938,23.581159591674805,43.326148986816406,134.5061492919922,1.0
1771105482.7754602,48000,8906.25,-33.3252569926092,0,0,79.60078430175781,82.12892150878906,816.15966796875,23.740049362182617,43.326148986816406,132.5900421142578,1.0
1771105482.8233569,48000,328.125,-24.663690465723004,0,0,83.6694107055664,82.12892150878906,708.2522583007812,24.095178604125977,43.326148986816406,128.352294921875,1.0
1771105482.869211,48000,281.25,-13.90141562088689,0,0,94.40802001953125,106.96871948242188,718.107177734375,24.409196853637695,43.326148986816406,129.90396118164062,1.0
1771105482.9151437,48000,281.25,-14.860443528791832,0,0,106.05909729003906,103.28736114501953,861.9916381835938,24.568021774291992,43.326148986816406,134.52606201171875,1.0
1771105482.96191,48000,281.25,-15.285650281962058,0,0,115.07242584228516,111.62116241455078,1215.6947021484375,24.79146385192871,44.70844268798828,144.66746520996094,1.0
1771105483.0078115,48000,281.25,-15.28944882686545,0,0,125.85208129882812,115.0256576538086,1650.9891357421875,25.0565128326416,44.70844268798828,155.55491638183594,1.0
1771105483.0556598,48000,281.25,-15.427063948873286,0,0,132.3292236328125,117.50220489501953,1907.84228515625,25.123403549194336,44.70844268798828,157.58358764648438,1.0
1771105483.1025343,48000,281.25,-19.54421845095701,0,0,140.08004760742188,117.50220489501953,1877.2095947265625,25.19539451599121,44.70844268798828,158.4847869873047,1.0
1771105483.150267,48000,281.25,-23.50327847966893,0,0,148.8918914794922,117.50220489501953,1322.676025390625,25.242650985717773,44.70844268798828,158.54359436035156,1.0
1771105483.195124,48000,281.25,-32.502968055360206,0,0,154.57391357421875,87.29105377197266,621.5471801757812,25.02222442626953,44.70844268798828,161.345703125,1.0
1771105483.2459736,48000,187.5,-32.71928720894512,0,0,147.66131591796875,106.98224639892578,1232.764892578125,24.776142120361328,44.70844268798828,166.07339477539062,1.0
1771105483.2895753,48000,187.5,-33.37079643279483,0,0,136.42921447753906,123.9062271118164,1971.5655517578125,24.53960418701172,44.70844268798828,171.8776092529297,1.0
1771105483.3466837,48000,187.5,-35.146360549237706,0,0,115.52115631103516,135.9888916015625,2711.2763671875,24.204166412353516,45.88554763793945,181.55003356933594,1.0
1771105483.4358003,48000,562.5,-16.13933250826237,0,0,89.62844848632812,136.8560791015625,2004.9110107421875,24.84737777709961,46.52806854248047,178.2129364013672,1.0
1771105483.4970934,48000,562.5,-16.79303818073125,1,0,79.67236328125,106.16282653808594,977.0717163085938,27.03408432006836,56.22941207885742,219.2119140625,1.0
1771105483.5771565,48000,281.25,-20.24951820358875,0,0,79.0947494506836,87.89026641845703,889.6893310546875,28.86671257019043,56.22941207885742,251.31321716308594,1.0
1771105483.6233315,48000,281.25,-35.37806304355604,0,0,80.70095825195312,87.89026641845703,932.8003540039062,29.61309814453125,56.22941207885742,250.27706909179688,1.0
1771105483.6672072,48000,187.5,-28.71019839896189,0,0,82.47071838378906,87.89026641845703,879.392333984375,30.410585403442383,56.22941207885742,240.82553100585938,1.0
1771105483.7140534,48000,187.5,-26.35025257909252,0,0,84.33814239501953,87.89026641845703,776.2406005859375,30.879430770874023,56.22941207885742,232.46266174316406,1.0
1771105483.759545,48000,187.5,-31.90117948967888,0,0,85.90851593017578,85.13865661621094,657.5986938476562,31.227384567260742,56.22941207885742,225.14813232421875,1.0
1771105483.80645,48000,187.5,-27.737787299683152,0,0,85.16067504882812,78.29911804199219,679.6474609375,31.11964988708496,56.22941207885742,226.63931274414062,1.0
1771105483.852795,48000,281.25,-38.706489197985675,0,0,79.47528076171875,86.84156036376953,856.1481323242188,30.143726348876953,56.22941207885742,229.21060180664062,1.0
1771105483.8985012,48000,187.5,-34.20557143488306,0,0,71.07567596435547,91.90625,883.0747680664062,28.90448570251465,56.22941207885742,230.3804473876953,1.0
1771105483.9453614,48000,187.5,-37.12396631946808,0,0,55.388004302978516,80.76371765136719,473.8160400390625,27.59496307373047,56.22941207885742,250.3359375,1.0
1771105484.0056288,48000,1312.5,-33.50125312227355,0,0,44.375789642333984,47.56011962890625,242.2063751220703,27.093767166137695,56.22941207885742,261.6597595214844,1.0
1771105484.0983717,48000,609.375,-17.223800710897375,0,0,42.82360076904297,50.46409606933594,202.87298583984375,29.079195022583008,59.149932861328125,302.2688903808594,1.0
1771105484.1908946,48000,328.125,-21.291619247930274,0,0,50.631134033203125,68.78993225097656,565.4036254882812,30.847877502441406,62.450462341308594,372.0081481933594,1.0
1771105484.2379012,48000,375.0,-18.309928093091127,0,0,57.27809143066406,78.83305358886719,791.225341796875,30.813859939575195,62.450462341308594,370.87066650390625,1.0
1771105484.2841823,48000,328.125,-42.25628716323811,0,0,61.45004653930664,78.83305358886719,755.7750244140625,30.348407745361328,62.450462341308594,360.5951843261719,1.0
1771105484.3820522,48000,11531.25,-45.977569522819735,0,0,70.9846420288086,78.83305358886719,386.426513671875,30.371501922607422,62.450462341308594,371.8161926269531,1.0
1771105484.4678228,48000,281.25,-19.618342158947122,0,0,81.15055084228516,54.08460235595703,235.76824951171875,32.71628189086914,62.450462341308594,409.5279235839844,1.0
1771105484.5126686,48000,281.25,-26.14950332146286,0,0,83.19454956054688,54.08460235595703,259.60186767578125,33.57156753540039,62.450462341308594,398.1795349121094,1.0
1771105484.5586388,48000,281.25,-42.69802046043331,0,0,81.1999282836914,54.08460235595703,280.9247131347656,34.16497802734375,62.450462341308594,380.65704345703125,1.0
1771105484.6042244,48000,281.25,-43.010280794441975,0,0,75.55860137939453,57.83517837524414,338.3782958984375,34.58281707763672,62.450462341308594,363.7234802246094,1.0
1771105484.6487107,48000,281.25,-38.09809888338524,0,0,69.45995330810547,70.00636291503906,467.0626525878906,35.114566802978516,61.50290298461914,338.7109680175781,1.0
1771105484.6982381,48000,281.25,-15.073403908051588,0,0,74.7293472290039,76.73190307617188,514.2308959960938,35.358333587646484,61.50290298461914,328.85382080078125,1.0
1771105484.758969,48000,281.25,-16.628799633483222,1,1,80.83724212646484,92.78707885742188,705.4506225585938,34.64262390136719,61.50290298461914,330.02264404296875,1.0
1771105484.835738,48000,281.25,-20.857977609232506,0,0,88.43219757080078,94.7457275390625,1003.4411010742188,31.788515090942383,61.50290298461914,305.4691162109375,1.0
1771105484.88361,48000,375.0,-24.339445025042863,0,0,88.07288360595703,94.7457275390625,1006.739501953125,30.60933494567871,61.50290298461914,312.69879150390625,1.0
1771105484.929488,48000,375.0,-52.17392318286119,0,0,85.31907653808594,94.7457275390625,1098.10595703125,29.22382354736328,62.387229919433594,339.2785949707031,1.0
1771105484.9763873,48000,281.25,-36.179385443845085,0,0,84.44895935058594,94.7457275390625,1167.88525390625,28.42864227294922,62.387229919433594,356.6588134765625,1.0
1771105485.0232363,48000,234.375,-15.007420639543884,0,0,89.82501220703125,88.04193115234375,869.4918823242188,27.905649185180664,62.387229919433594,365.54730224609375,1.0
1771105485.070119,48000,234.375,-14.889937322942046,0,0,94.91819763183594,94.56700134277344,960.580322265625,27.713268280029297,62.387229919433594,368.4603271484375,1.0
1771105485.1179826,48000,234.375,-16.429564881845952,0,0,100.14615631103516,112.75755310058594,1319.621337890625,27.75917625427246,62.387229919433594,367.3056945800781,1.0
1771105485.1638894,48000,281.25,-15.964053139266872,0,0,102.94445037841797,117.58268737792969,1527.3211669921875,27.828039169311523,62.387229919433594,365.0600891113281,1.0
1771105485.21672,48000,328.125,-30.299115536256135,0,0,102.39474487304688,117.58268737792969,1525.303955078125,27.892276763916016,62.387229919433594,362.58734130859375,1.0
1771105485.2655883,48000,187.5,-28.960158183756363,0,0,99.83904266357422,117.58268737792969,1599.9541015625,27.865398406982422,62.387229919433594,363.2016296386719,1.0
1771105485.3523574,48000,187.5,-19.596465298442737,0,0,107.49012756347656,117.58268737792969,1138.7293701171875,27.416648864746094,62.387229919433594,355.2853698730469,1.0
1771105485.400229,48000,187.5,-20.62638158989618,0,0,116.90113830566406,89.60680389404297,738.6246948242188,25.90763282775879,59.971412658691406,289.7261047363281,1.0
1771105485.4511204,48000,187.5,-23.170080053466254,0,0,116.96627044677734,89.60680389404297,735.6072387695312,24.677865982055664,55.78571319580078,240.65269470214844,1.0
1771105485.4969957,48000,187.5,-33.773218690559474,0,0,111.81172943115234,89.60680389404297,649.2694702148438,23.500240325927734,55.78571319580078,209.34129333496094,1.0
1771105485.5428467,48000,515.625,-48.3644305559568,0,0,102.49813842773438,82.74659729003906,572.5869750976562,22.552860260009766,55.78571319580078,197.9783172607422,1.0
1771105485.585762,48000,421.875,-49.01824748400926,0,0,89.03130340576172,94.97508239746094,851.129150390625,21.711267471313477,55.78571319580078,203.05722045898438,1.0
1771105485.6356275,48000,421.875,-42.613105247294314,0,0,83.44744873046875,105.09298706054688,1218.0980224609375,20.512542724609375,55.78571319580078,191.42356872558594,1.0
1771105485.6815066,48000,234.375,-51.07110962716944,0,0,77.39904022216797,112.46290588378906,1616.4432373046875,18.74614143371582,56.06519317626953,147.9178009033203,1.0
1771105485.727418,48000,234.375,-52.41348828826947,0,0,67.55924224853516,117.31346893310547,1890.1280517578125,16.91324234008789,46.58591079711914,97.76167297363281,1.0
1771105485.7732964,48000,234.375,-52.224780432311334,0,0,55.13070297241211,120.68629455566406,1763.9752197265625,15.46700668334961,32.74030303955078,72.50135803222656,1.0
1771105485.8247378,48000,234.375,-55.28287767937211,0,0,35.42300796508789,101.6781234741211,908.7760620117188,14.085468292236328,30.914098739624023,66.47520446777344,1.0
1771105485.867595,48000,234.375,-28.300204481964638,0,0,25.571975708007812,69.35911560058594,402.9046630859375,13.499555587768555,30.95054054260254,69.07678985595703,1.0
1771105485.9244862,48000,234.375,-18.94499745941927,0,0,26.827356338500977,85.93537139892578,540.0083618164062,13.49827766418457,30.95054054260254,71.84175872802734,1.0
1771105485.9663308,48000,281.25,-18.003911172846873,0,0,34.21537399291992,103.07982635498047,1159.3502197265625,13.832035064697266,32.2069091796875,81.19037628173828,1.0
1771105486.038139,48000,328.125,-17.82319761462491,1,0,49.72010803222656,113.49603271484375,2096.57763671875,14.715374946594238,39.451072692871094,109.66859436035156,1.0
1771105486.1139357,48000,375.0,-27.725553494891564,0,0,64.34365844726562,113.49603271484375,2192.800048828125,15.805142402648926,40.265357971191406,133.8560333251953,1.0
1771105486.1598413,48000,703.125,-47.24454100387321,0,0,70.26544189453125,113.49603271484375,1839.3975830078125,16.235036849975586,40.265357971191406,134.61524963378906,1.0
1771105486.2057183,48000,375.0,-44.542362215452286,0,0,74.1655044555664,113.49603271484375,1479.1654052734375,16.530431747436523,40.265357971191406,131.74453735351562,1.0
1771105486.2465818,48000,375.0,-56.28315377828723,0,0,76.94822692871094,98.59881591796875,1160.8818359375,16.74302101135254,40.265357971191406,128.1146240234375,1.0
1771105486.2964482,48000,93.75,-61.8661646617404,0,0,72.05052185058594,105.57564544677734,1503.697998046875,16.551719665527344,40.265357971191406,130.95152282714844,1.0
1771105486.3422337,48000,93.75,-59.73111975944092,0,0,62.56093978881836,109.69093322753906,1747.36669921875,16.12074851989746,40.265357971191406,135.75987243652344,1.0
1771105486.388198,48000,140.625,-58.43861093922445,0,0,50.991092681884766,112.41215515136719,1656.1646728515625,15.63577651977539,40.265357971191406,141.19894409179688,1.0
1771105486.4354317,48000,15281.25,-68.03190450508185,0,0,38.265106201171875,113.7531967163086,1186.0831298828125,15.229513168334961,41.05622100830078,147.17955017089844,1.0
1771105486.480416,48000,15281.25,-67.88326732021382,0,0,26.27185821533203,82.5530014038086,567.8470458984375,14.923935890197754,41.641357421875,152.76771545410156,1.0
1771105486.5262976,48000,15281.25,-68.06965540738557,0,0,15.322633743286133,45.28907775878906,164.51527404785156,14.638203620910645,42.02055358886719,158.3367462158203,1.0
1771105486.5732043,48000,140.625,-4.249974196608965,0,0,43.94472885131836,373.58026123046875,8943.208984375,14.760043144226074,42.02055358886719,157.6120147705078,1.0
1771105486.6190495,48000,46.875,-11.720811787528497,0,0,90.33372497558594,455.450927734375,24798.921875,14.467076301574707,42.02055358886719,152.24864196777344,1.0
1771105486.8095403,48000,93.75,-25.20117917383345,0,0,250.76918029785156,457.9150390625,28751.263671875,13.214479446411133,42.02055358886719,130.11134338378906,1.0
1771105486.8663886,48000,281.25,-27.796328863362984,0,0,279.1690673828125,457.9150390625,18754.486328125,13.239642143249512,42.02055358886719,130.73605346679688,1.0
1771105486.9082763,48000,750.0,-28.535360644498393,0,0,293.9817199707031,328.99542236328125,12448.19921875,13.69225788116455,42.02055358886719,131.5843048095703,1.0
1771105486.9551747,48000,562.5,-26.571716316875214,0,0,287.8023681640625,345.39862060546875,13937.36328125,14.007651329040527,42.02055358886719,132.5233612060547,1.0
1771105486.9960737,48000,562.5,-28.134158042381657,0,0,233.29296875,374.07049560546875,13860.71484375,15.148782730102539,42.02055358886719,135.13136291503906,1.0
1771105487.046933,48000,140.625,-5.466414700317155,0,0,218.7003173828125,312.77691650390625,9521.916015625,16.069475173950195,42.02055358886719,137.4625701904297,1.0
1771105487.0947778,48000,46.875,-16.307722304784264,0,0,220.492919921875,304.3827209472656,10036.7236328125,16.8759822845459,42.02055358886719,135.30517578125,1.0
1771105487.140683,48000,46.875,-16.932835831990115,0,0,225.8262176513672,304.3827209472656,11226.4609375,17.473865509033203,42.02055358886719,128.63619995117188,1.0
1771105487.1891463,48000,281.25,-21.335575667358935,0,0,237.98863220214844,304.3827209472656,12270.07421875,18.546091079711914,42.02055358886719,132.61117553710938,1.0
1771105487.2340257,48000,234.375,-20.815944295277742,0,0,247.63417053222656,304.3827209472656,11865.54296875,19.11309814453125,45.75203323364258,152.8263702392578,1.0
1771105487.295723,48000,515.625,-30.403568866191275,1,0,253.93380737304688,304.3827209472656,10910.2861328125,19.271770477294922,45.75203323364258,159.2036590576172,1.0
1771105487.3705509,48000,234.375,-21.783300935178865,0,0,264.9130859375,304.3827209472656,8255.97265625,19.08344841003418,45.75203323364258,151.67388916015625,1.0
1771105487.415432,48000,140.625,-31.539248577384274,0,0,262.27996826171875,248.59742736816406,7889.9677734375,19.31369972229004,45.75203323364258,157.11465454101562,1.0
1771105487.4620197,48000,1218.75,-37.574380840406334,0,0,232.62799072265625,285.6192932128906,7865.931640625,19.658300399780273,45.75203323364258,160.40965270996094,1.0
1771105487.5078967,48000,140.625,-5.110117871344912,0,0,213.12469482421875,301.16265869140625,6898.71875,20.61937713623047,45.75203323364258,163.3556671142578,1.0
1771105487.5553896,48000,46.875,-15.846997118108685,0,0,225.1316680908203,344.05047607421875,10630.974609375,21.351409912109375,45.75203323364258,159.63064575195312,1.0
1771105487.615229,48000,234.375,-17.780736646358484,0,0,248.12635803222656,344.05047607421875,15576.13671875,22.41340446472168,45.75203323364258,145.73439025878906,1.0
1771105487.697027,48000,46.875,-29.677008281866442,0,0,280.4230651855469,344.05047607421875,15026.890625,23.889230728149414,45.75203323364258,118.08028411865234,1.0
1771105487.742892,48000,46.875,-29.677008281866442,0,0,282.6112060546875,344.05047607421875,14654.484375,24.163469314575195,45.75203323364258,110.20164489746094,1.0
1771105487.7893646,48000,281.25,-19.13915915226547,0,0,281.47412109375,344.05047607421875,14940.5712890625,24.9528751373291,40.49196243286133,85.61509704589844,1.0
1771105487.8362145,48000,281.25,-16.529466802871358,0,0,295.16534423828125,344.05047607421875,11932.45703125,25.330242156982422,38.9130859375,78.34627532958984,1.0
1771105487.8839636,48000,140.625,-21.991256096385634,0,0,303.8851318359375,291.62652587890625,9620.60546875,25.536771774291992,38.9130859375,76.46106719970703,1.0
1771105487.9308386,48000,140.625,-26.974539702853964,0,0,286.6796569824219,291.62652587890625,8425.8701171875,25.881866455078125,38.9130859375,75.77412414550781,1.0
1771105487.9777129,48000,140.625,-18.255791977373427,0,0,254.5048828125,253.45115661621094,4639.083984375,26.466156005859375,38.9130859375,75.43587493896484,1.0
1771105488.024588,48000,46.875,-25.431689962398384,0,0,234.60215759277344,207.92652893066406,2611.914306640625,26.757301330566406,38.9130859375,72.11177062988281,1.0
1771105488.0704658,48000,46.875,-36.40545541656672,0,0,214.46099853515625,128.9130096435547,1985.6160888671875,26.932344436645508,38.9130859375,67.91316986083984,1.0
1771105488.1229098,48000,562.5,-33.72245751318404,0,0,201.88246154785156,147.08741760253906,2536.702392578125,27.29212188720703,37.96669387817383,58.32622528076172,1.0
1771105488.165828,48000,234.375,-18.982118733518142,0,0,198.98973083496094,147.08741760253906,2820.494140625,28.008798599243164,31.78997039794922,52.441898345947266,1.0
1771105488.2176614,48000,234.375,-18.56951209856999,0,0,188.27699279785156,147.08741760253906,2833.93359375,28.7110538482666,31.78997039794922,60.5043830871582,1.0
1771105488.2620525,48000,234.375,-11.981371610443297,0,0,178.09767150878906,147.08741760253906,2228.8818359375,29.7908935546875,57.271278381347656,95.57615661621094,1.0
1771105488.3079262,48000,93.75,-12.982237561219145,0,0,195.7403106689453,322.55670166015625,7415.7490234375,31.02925682067871,57.271278381347656,139.54505920410156,1.0
1771105488.353808,48000,46.875,-16.591804939943685,0,0,218.846923828125,323.77313232421875,13297.4501953125,32.11725616455078,57.271278381347656,170.51893615722656,1.0
1771105488.405641,48000,234.375,-17.538926921113433,1,0,251.78187561035156,323.77313232421875,18533.8984375,33.847049713134766,57.271278381347656,192.905029296875,1.0
1771105488.5052874,48000,234.375,-17.42945464337619,0,0,299.0871276855469,311.687255859375,15697.2392578125,35.082218170166016,57.271278381347656,208.68971252441406,1.0
1771105488.5875766,48000,234.375,-19.525882758406127,0,0,326.76214599609375,300.2138671875,9518.3642578125,35.67264175415039,57.271278381347656,220.3545684814453,1.0
1771105488.6375031,48000,281.25,-21.967773689403437,0,0,341.74993896484375,210.42462158203125,5610.015625,36.29893493652344,57.271278381347656,229.5664825439453,1.0
1771105488.6923556,48000,281.25,-17.392247687185925,0,0,319.00286865234375,239.96144104003906,6500.73486328125,36.402099609375,57.271278381347656,229.73211669921875,1.0
1771105488.7381306,48000,187.5,-13.09546530286256,0,0,295.19775390625,225.88551330566406,5379.46533203125,36.902870178222656,57.271278381347656,236.28561401367188,1.0
1771105488.784071,48000,93.75,-12.588883131253967,0,0,297.4948425292969,268.85003662109375,6087.03759765625,37.61449432373047,57.271278381347656,241.7792205810547,1.0
1771105488.8249319,48000,187.5,-16.1941668016579,0,0,312.2484130859375,277.83026123046875,9641.052734375,38.31070327758789,57.271278381347656,241.86766052246094,1.0
1771105488.8758574,48000,187.5,-17.262046939077457,0,0,323.2565612792969,277.83026123046875,10972.8291015625,38.63930892944336,57.271278381347656,236.4904327392578,1.0
1771105488.9676101,48000,0.0,-27.43245047760717,0,0,334.64990234375,277.83026123046875,10484.26953125,38.78507995605469,57.271278381347656,233.26560974121094,1.0
1771105489.0134878,48000,1593.75,-34.4797226805037,0,0,325.5099792480469,318.121826171875,12507.39453125,38.94942092895508,57.271278381347656,227.52052307128906,1.0
1771105489.0593643,48000,1640.625,-40.38239206513901,0,0,324.9166259765625,349.29022216796875,13436.6669921875,39.29045486450195,56.4080810546875,215.65911865234375,1.0
1771105489.104278,48000,46.875,-12.257976060815569,0,0,371.54730224609375,398.72247314453125,14343.58984375,39.673316955566406,56.4080810546875,204.51885986328125,1.0
1771105489.1682026,48000,46.875,-16.369464377982176,1,0,378.3455810546875,398.72247314453125,15608.8212890625,39.73292922973633,56.4080810546875,202.77313232421875,1.0
1771105489.2440279,48000,93.75,-22.611672281129458,0,0,361.10211181640625,398.72247314453125,14147.24609375,39.098388671875,56.4080810546875,219.684326171875,1.0
1771105489.2898777,48000,140.625,-24.366842777918997,0,0,347.23095703125,398.72247314453125,14725.6875,38.72859191894531,56.4080810546875,230.81346130371094,1.0
1771105489.3372972,48000,140.625,-28.835472806335,0,0,335.9107666015625,398.72247314453125,16451.22265625,38.63959884643555,56.4080810546875,234.07821655273438,1.0
1771105489.384143,48000,562.5,-22.41407477931059,0,0,329.5504150390625,398.72247314453125,18154.455078125,38.80851364135742,54.156307220458984,228.4098663330078,1.0
1771105489.4370334,48000,562.5,-26.195291517485423,0,0,320.0016784667969,410.1960144042969,20258.28125,39.55974197387695,54.156307220458984,213.90065002441406,1.0
1771105489.4789207,48000,562.5,-27.233345050334364,0,0,277.4378967285156,436.4029235839844,20976.931640625,39.59969711303711,54.156307220458984,213.84654235839844,1.0
1771105489.5268307,48000,562.5,-28.035229061816747,0,0,236.62315368652344,407.51824951171875,14839.345703125,39.63669204711914,54.156307220458984,215.26478576660156,1.0
1771105489.5716732,48000,93.75,-8.151699375716486,0,0,228.4413299560547,325.33721923828125,11487.349609375,38.72770690917969,47.249691009521484,183.94415283203125,1.0
1771105489.6175501,48000,46.875,-17.17504224597764,0,0,234.99159240722656,328.2103271484375,13364.91796875,36.97502136230469,41.67930221557617,157.51683044433594,1.0
1771105489.6659832,48000,0.0,-20.625771620778437,0,0,245.51321411132812,328.2103271484375,14985.265625,36.31522750854492,40.36180877685547,141.9805450439453,1.0
1771105489.7198064,48000,281.25,-20.074648045051795,0,0,256.4627380371094,328.2103271484375,15223.34765625,35.93089294433594,40.36180877685547,133.95672607421875,1.0
1771105489.7657113,48000,234.375,-15.094633306261397,0,0,269.54010009765625,328.2103271484375,14216.5888671875,35.601009368896484,40.36180877685547,126.31632995605469,1.0
1771105489.8065736,48000,234.375,-14.64521160224895,0,0,288.3995056152344,328.2103271484375,11089.1708984375,34.781314849853516,40.36180877685547,113.72064971923828,1.0
1771105489.8554435,48000,234.375,-15.609785515993002,0,0,304.99652099609375,328.2103271484375,6963.27783203125,34.29829406738281,40.36180877685547,105.51824188232422,1.0
1771105489.9047232,48000,234.375,-17.144378783627033,0,0,313.8721618652344,176.7596435546875,4326.28466796875,33.731449127197266,40.36180877685547,95.31700897216797,1.0
1771105489.9502187,48000,234.375,-16.001395084696444,0,0,293.9960632324219,192.63743591308594,4089.40966796875,33.40482711791992,40.36180877685547,92.4131851196289,1.0
1771105489.9950976,48000,234.375,-16.519756975800636,0,0,279.8770751953125,179.8631591796875,3028.5478515625,33.60102844238281,40.36180877685547,94.0353775024414,1.0
1771105490.0399504,48000,93.75,-8.537887987417909,0,0,290.6867980957031,271.3929748535156,6219.28125,33.48133087158203,35.42402648925781,89.11604309082031,1.0
1771105490.085829,48000,46.875,-17.143776026199763,0,0,315.5907287597656,272.2077331542969,10997.0869140625,33.68521499633789,35.86898422241211,95.68852233886719,1.0
1771105490.2184732,48000,0.0,-20.66247094185211,0,0,342.79974365234375,272.2077331542969,10588.341796875,34.252750396728516,35.86898422241211,100.77734375,1.0
1771105490.2623734,48000,8765.625,-29.901009226397,0,0,335.5863037109375,323.9873962402344,12472.5400390625,34.362548828125,35.86898422241211,99.45997619628906,1.0
1771105490.328303,48000,140.625,-15.604889119622056,0,0,329.0099182128906,352.03057861328125,14470.0966796875,34.32841491699219,35.86898422241211,99.28572082519531,1.0
1771105490.3702638,48000,281.25,-15.87669042430377,0,0,327.152099609375,352.03057861328125,14172.9951171875,34.4954833984375,35.86898422241211,98.48297882080078,1.0
1771105490.4271753,48000,281.25,-14.682943957439306,0,0,291.6893310546875,348.9084777832031,9458.8701171875,35.081077575683594,35.86898422241211,95.59687042236328,1.0
1771105490.4769928,48000,281.25,-14.682943957439306,0,0,280.7539367675781,329.98236083984375,7367.427734375,35.30830764770508,35.86898422241211,93.44843292236328,1.0
1771105490.5574932,48000,234.375,-13.096567798641408,0,0,252.40997314453125,169.97268676757812,2446.481689453125,36.39069747924805,35.86898422241211,73.03665924072266,1.0
1771105490.6043684,48000,234.375,-11.433703795238062,0,0,253.5354766845703,166.163330078125,2422.625732421875,36.62748336791992,35.56848907470703,66.10002899169922,1.0
1771105490.6512427,48000,234.375,-15.850613429901797,0,0,264.4460754394531,166.163330078125,1711.82470703125,36.71989822387695,30.694923400878906,63.16762924194336,1.0
1771105490.7028818,48000,234.375,-15.352154755532093,0,0,274.7682189941406,57.8603515625,284.5728759765625,36.629215240478516,30.694923400878906,63.53802490234375,1.0
1771105490.762749,48000,234.375,-15.962873158335144,1,1,270.9532470703125,72.12480163574219,493.1305236816406,36.796043395996094,34.19215393066406,69.45166015625,1.0
1771105490.83809,48000,46.875,-16.19201499433056,0,0,313.79681396484375,278.053955078125,7373.138671875,37.05390930175781,34.19215393066406,73.90348815917969,1.0
1771105490.8899822,48000,234.375,-15.047138783281879,0,0,337.673583984375,287.35369873046875,11041.10546875,37.41099166870117,34.19215393066406,72.6672134399414,1.0
1771105490.936888,48000,234.375,-14.925668391583502,0,0,357.2374267578125,287.35369873046875,12474.8720703125,37.63434982299805,34.19215393066406,69.18397521972656,1.0
1771105490.9801843,48000,234.375,-14.357996198456078,0,0,371.52178955078125,287.35369873046875,11992.826171875,37.57589340209961,34.19215393066406,69.24700164794922,1.0
1771105491.0260339,48000,234.375,-14.741615582448214,0,0,378.7978210449219,287.35369873046875,11206.3037109375,37.26419448852539,34.19215393066406,68.17390441894531,1.0
1771105491.1258073,48000,281.25,-14.89383843685214,0,0,393.92437744140625,279.63494873046875,7764.08349609375,36.965675354003906,34.19215393066406,69.75062561035156,1.0
1771105491.1829116,48000,281.25,-25.794655194029133,0,0,368.95751953125,326.74456787109375,10553.0068359375,36.29099655151367,38.41468811035156,81.317626953125,1.0
1771105491.26968,48000,140.625,-6.404951607962096,0,0,318.4306640625,329.0469970703125,8914.3896484375,35.963722229003906,40.62409973144531,86.2458267211914,1.0
1771105491.3105702,48000,46.875,-16.383564992485134,0,0,315.36181640625,298.594482421875,8041.552734375,35.38298797607422,40.62409973144531,78.10658264160156,1.0
1771105491.3674474,48000,187.5,-15.56611375281506,0,0,325.9799499511719,310.71649169921875,10252.9365234375,34.244117736816406,40.62409973144531,63.00840377807617,1.0
1771105491.4123263,48000,187.5,-20.82762921000535,0,0,334.18243408203125,310.71649169921875,10787.6884765625,33.45415115356445,40.62409973144531,61.85032653808594,1.0
1771105491.4572074,48000,187.5,-20.82762921000535,0,0,336.0699462890625,310.71649169921875,10692.4375,33.08433532714844,40.62409973144531,64.93920135498047,1.0
1771105491.5021174,48000,234.375,-48.7084703393953,0,0,323.5968322753906,310.71649169921875,12597.77734375,32.01460266113281,46.55804443359375,83.95278930664062,1.0
1771105491.5499916,48000,234.375,-48.7084703393953,1,0,317.5322570800781,325.33135986328125,14081.0771484375,31.684728622436523,48.66314697265625,92.77910614013672,1.0
1771105491.594841,48000,187.5,-6.3558934819458415,0,0,355.17877197265625,362.8184509277344,12875.6640625,31.796764373779297,48.66314697265625,91.34858703613281,1.0
1771105491.6434216,48000,46.875,-14.516150752382993,0,0,382.89178466796875,375.6522216796875,12832.716796875,31.648414611816406,48.66314697265625,92.39253234863281,1.0
1771105491.6863353,48000,46.875,-19.318387289892808,0,0,380.3371276855469,375.6522216796875,12934.6845703125,30.87321662902832,48.66314697265625,95.08126831054688,1.0
1771105491.7331986,48000,140.625,-20.910487647931152,0,0,363.84661865234375,375.6522216796875,12287.5390625,30.19708824157715,48.66314697265625,98.656494140625,1.0
1771105491.7766356,48000,93.75,-23.95223225835851,0,0,344.93511962890625,375.6522216796875,12532.478515625,29.42662239074707,48.66314697265625,106.95587921142578,1.0
1771105491.82351,48000,93.75,-28.482712689857866,0,0,328.5586242675781,375.6522216796875,14388.150390625,28.710670471191406,48.66314697265625,118.72051239013672,1.0
1771105491.8843477,48000,93.75,-22.463067434955818,0,0,318.45477294921875,375.6522216796875,16734.232421875,28.106367111206055,48.66314697265625,129.2711639404297,1.0
1771105491.9282298,48000,562.5,-28.887970651195953,0,0,310.6990966796875,386.3701171875,18339.7265625,28.0285587310791,48.66314697265625,129.84234619140625,1.0
1771105492.0245132,48000,187.5,-8.219511879712533,0,0,228.804931640625,386.3461608886719,11867.625,27.86756706237793,48.66314697265625,132.97547912597656,1.0
1771105492.1042998,48000,46.875,-16.642073981332032,0,0,233.52256774902344,349.4573974609375,12956.517578125,26.691255569458008,41.70307922363281,97.2325439453125,1.0
1771105492.1518772,48000,46.875,-18.894386946434196,0,0,246.48277282714844,349.4573974609375,15801.517578125,26.17536735534668,41.70307922363281,88.387451171875,1.0
1771105492.1983466,48000,1078.125,-18.49797132801881,0,0,268.2755432128906,349.4573974609375,16944.154296875,26.626331329345703,43.54981994628906,105.14252471923828,1.0
1771105492.2462475,48000,46.875,-28.12328892796596,0,0,279.3900146484375,349.4573974609375,15609.109375,26.91928482055664,43.54981994628906,113.27113342285156,1.0
1771105492.2971144,48000,1078.125,-31.803391554845714,0,0,281.4517822265625,349.4573974609375,15178.09765625,27.05829429626465,43.54981994628906,115.98294067382812,1.0
1771105492.3430264,48000,2343.75,-31.925843370312887,0,0,285.5160217285156,349.4573974609375,14082.86328125,27.101131439208984,43.54981994628906,116.66826629638672,1.0
1771105492.392917,48000,234.375,-13.824318473634388,1,0,299.491943359375,299.8765869140625,10318.5185546875,27.189855575561523,43.54981994628906,117.8656234741211,1.0
1771105492.435804,48000,234.375,-17.925488793760678,0,0,277.2354736328125,299.8765869140625,9722.2333984375,27.37664031982422,43.54981994628906,117.4226303100586,1.0
1771105492.4796886,48000,187.5,-8.404139483619716,0,0,255.4349822998047,281.31829833984375,6802.70361328125,28.027711868286133,43.54981994628906,120.22134399414062,1.0
1771105492.5267553,48000,93.75,-13.929753043498067,0,0,262.77374267578125,353.23895263671875,9496.1337890625,28.337800979614258,43.54981994628906,127.89393615722656,1.0
1771105492.57363,48000,46.875,-16.482514909025227,0,0,277.46820068359375,358.1607666015625,14088.78515625,28.332164764404297,43.54981994628906,127.95902252197266,1.0
1771105492.6190534,48000,46.875,-18.86933417072058,0,0,293.3191223144531,358.1607666015625,16992.033203125,28.188688278198242,43.54981994628906,127.40931701660156,1.0
1771105492.6688926,48000,46.875,-23.536676872978724,0,0,318.2040710449219,358.1607666015625,15430.9912109375,27.9228515625,43.54981994628906,128.8614044189453,1.0
1771105492.7184658,48000,234.375,-16.746930678830296,0,0,332.654296875,304.9658203125,12509.359375,28.209014892578125,43.54981994628906,126.39860534667969,1.0
1771105492.7603538,48000,234.375,-15.61142450902895,0,0,336.26519775390625,304.9658203125,11813.341796875,28.910282135009766,43.54981994628906,120.9565200805664,1.0
1771105492.817233,48000,281.25,-15.779254797613653,0,0,341.0709228515625,304.9658203125,10780.5986328125,30.102867126464844,43.08148956298828,116.46397399902344,1.0
1771105492.8621666,48000,93.75,-14.300694155937352,0,0,357.2071838378906,265.602783203125,8097.70654296875,31.055301666259766,48.42213821411133,137.12359619140625,1.0
1771105492.9088235,48000,281.25,-16.41883387401935,0,0,348.3013610839844,265.602783203125,6181.72216796875,32.84239196777344,52.06089782714844,174.75376892089844,1.0
1771105493.0010087,48000,234.375,-16.901251941968514,0,0,317.245849609375,155.57408142089844,1810.5291748046875,35.603721618652344,54.5200080871582,216.51116943359375,1.0
1771105493.046886,48000,234.375,-14.867839672506326,0,0,309.6785888671875,131.12571716308594,1498.3701171875,37.06095504760742,54.5200080871582,218.70285034179688,1.0
1771105493.092761,48000,234.375,-14.194119172864974,0,0,305.4107360839844,131.12571716308594,1639.3955078125,38.38834762573242,54.5200080871582,201.18157958984375,1.0
1771105493.1376402,48000,234.375,-15.031188526968304,0,0,305.81591796875,131.12571716308594,1572.0279541015625,40.10240173339844,45.172569274902344,163.77822875976562,1.0
1771105493.1845312,48000,234.375,-13.978035226850219,0,0,307.3818359375,102.93890380859375,1377.436279296875,40.5172233581543,42.354736328125,155.91798400878906,1.0
1771105493.2623143,48000,234.375,-14.13651720247211,1,0,289.4405212402344,118.96551513671875,1537.473876953125,41.60096740722656,42.354736328125,139.3129425048828,1.0
1771105493.3250272,48000,93.75,-10.79627492582258,0,0,309.8451232910156,277.7741394042969,6470.625,41.64423370361328,42.354736328125,135.76849365234375,1.0
1771105493.370878,48000,234.375,-13.949321477508665,0,0,329.8363952636719,282.0193786621094,10650.6142578125,41.777584075927734,42.354736328125,133.9365997314453,1.0
1771105493.4187498,48000,234.375,-16.26644130141483,0,0,356.620849609375,282.0193786621094,12946.962890625,42.28310012817383,42.354736328125,123.53597259521484,1.0
1771105493.4676185,48000,234.375,-13.94112786623741,0,0,372.1421203613281,282.0193786621094,12236.3095703125,42.15825271606445,42.354736328125,121.90727996826172,1.0
1771105493.5124984,48000,234.375,-13.579296546492989,0,0,383.2572326660156,282.0193786621094,10870.5556640625,42.053489685058594,42.354736328125,120.6246337890625,1.0
1771105493.565389,48000,234.375,-14.61274406186067,0,0,389.173583984375,282.0193786621094,9715.0947265625,42.29320526123047,42.354736328125,121.84420776367188,1.0
1771105493.6092403,48000,140.625,-19.917364959637624,0,0,392.35235595703125,282.0193786621094,8915.1826171875,42.49005126953125,42.354736328125,121.23194122314453,1.0
1771105493.6531236,48000,140.625,-29.011787191471086,0,0,378.5378723144531,340.4357604980469,11718.2353515625,42.33548355102539,42.354736328125,124.13312530517578,1.0
1771105493.705492,48000,8109.375,-32.321695351918116,0,0,337.6476745605469,394.6224365234375,14609.310546875,42.27366638183594,42.354736328125,125.69773864746094,1.0
1771105493.7473798,48000,656.25,-31.5922266432592,0,0,302.9122314453125,383.0417175292969,12969.96875,42.40167999267578,42.354736328125,122.25155639648438,1.0
1771105493.798631,48000,93.75,-11.383207801191173,0,0,294.6667785644531,333.4979553222656,10645.1005859375,41.851078033447266,42.354736328125,126.25164031982422,1.0
1771105493.8460011,48000,328.125,-15.678963309646113,0,0,296.1083679199219,340.416748046875,11043.26171875,41.768798828125,42.354736328125,126.4398193359375,1.0
1771105493.88945,48000,328.125,-13.749258299060664,0,0,305.61572265625,340.416748046875,12996.162109375,42.27523422241211,42.354736328125,118.92496490478516,1.0
1771105493.9403143,48000,328.125,-14.65011581244405,0,0,314.1011962890625,340.416748046875,13711.5078125,42.842567443847656,41.545867919921875,105.57228088378906,1.0
1771105493.986192,48000,328.125,-13.891729999195189,0,0,321.4137878417969,340.416748046875,13650.9619140625,43.318016052246094,36.3544921875,94.41154479980469,1.0
1771105494.0336013,48000,328.125,-14.872467434907886,0,0,328.925537109375,340.416748046875,12682.16796875,43.54020690917969,36.3544921875,90.26497650146484,1.0
1771105494.0794787,48000,140.625,-5.529697808222228,0,0,390.5782775878906,523.212646484375,11890.25390625,43.94862365722656,36.3544921875,92.14588928222656,1.0
1771105494.1468487,48000,46.875,-11.849112990933907,1,0,449.0572509765625,351.251953125,11903.0869140625,43.31774139404297,36.3544921875,82.82901763916016,1.0
1771105494.2163706,48000,46.875,-27.182485712604617,0,0,455.8262939453125,351.251953125,12377.828125,42.109779357910156,36.3544921875,68.55821228027344,1.0
1771105494.260218,48000,93.75,-20.986415317526816,0,0,447.224609375,351.251953125,13239.65234375,41.01177215576172,35.02699279785156,57.523841857910156,1.0
1771105494.3081174,48000,93.75,-24.623203472291948,0,0,433.58056640625,368.762939453125,15763.49609375,39.901065826416016,29.26894187927246,47.17958068847656,1.0
1771105494.3558643,48000,93.75,-28.575487838423467,0,0,416.2513732910156,441.92315673828125,20453.529296875,38.90534973144531,30.96216583251953,46.72050857543945,1.0
1771105494.4027026,48000,140.625,-29.347578333952814,0,0,397.4275207519531,449.59906005859375,26273.67578125,37.80058288574219,30.96216583251953,51.42734909057617,1.0
1771105494.4475832,48000,140.625,-34.13088375262495,0,0,361.5706787109375,500.70599365234375,30436.25390625,37.0380973815918,33.86046600341797,59.094722747802734,1.0
1771105494.4954793,48000,187.5,-38.57452745812053,0,0,303.0394287109375,523.2544555664062,26112.025390625,36.215431213378906,36.94744873046875,69.84634399414062,1.0
1771105494.5428903,48000,93.75,-7.619886288310708,0,0,264.8904724121094,447.7676696777344,15736.8662109375,36.335758209228516,36.94744873046875,71.78712463378906,1.0
1771105494.5907304,48000,46.875,-16.2462883166556,0,0,252.31085205078125,312.0182189941406,10772.8173828125,35.67079544067383,36.94744873046875,73.34329223632812,1.0
1771105494.6389158,48000,46.875,-16.881901000505067,0,0,251.06658935546875,312.0182189941406,10484.63671875,35.03117370605469,36.94744873046875,82.4705581665039,1.0
1771105494.6831641,48000,46.875,-20.761630529341176,0,0,253.15765380859375,312.0182189941406,10623.3173828125,34.36800003051758,38.359806060791016,92.85924530029297,1.0
1771105494.7300386,48000,0.0,-24.30305532981476,0,0,258.655517578125,312.0182189941406,10393.892578125,33.71919631958008,38.359806060791016,96.94535827636719,1.0
1771105494.77791,48000,187.5,-28.705604227367388,0,0,259.08087158203125,312.0182189941406,10367.7607421875,33.01719284057617,38.359806060791016,96.23145294189453,1.0
1771105494.8242972,48000,187.5,-26.10095538873587,0,0,257.2579040527344,312.0182189941406,10702.4736328125,32.206573486328125,38.359806060791016,91.80306243896484,1.0
1771105494.870175,48000,234.375,-26.418287078726056,0,0,267.28564453125,263.3282470703125,8328.88671875,31.038606643676758,38.359806060791016,87.84138488769531,1.0
1771105494.9170501,48000,140.625,-31.169430052593427,0,0,254.60177612304688,270.4612121582031,8853.7890625,30.478450775146484,39.164329528808594,95.0792007446289,1.0
1771105494.9639232,48000,4828.125,-35.29185603362846,0,0,221.34219360351562,287.36767578125,7492.5947265625,30.004640579223633,39.24189376831055,102.82661437988281,1.0
1771105495.0297475,48000,93.75,-7.396358261940183,1,0,215.13873291015625,335.670654296875,7804.9912109375,30.989864349365234,39.24189376831055,120.71640014648438,1.0
1771105495.1065733,48000,46.875,-17.242152281115366,0,0,247.8546600341797,348.79364013671875,15999.107421875,33.447059631347656,61.927818298339844,221.66136169433594,1.0
1771105495.1534202,48000,234.375,-17.332865193933433,0,0,268.35260009765625,348.79364013671875,17497.591796875,34.74824142456055,65.30164337158203,287.85284423828125,1.0
1771105495.1973038,48000,234.375,-17.53425525928101,0,0,290.7754211425781,348.79364013671875,16421.787109375,36.18641662597656,68.65677642822266,361.86480712890625,1.0
1771105495.2481673,48000,234.375,-17.65061323553732,0,0,305.2860412597656,348.79364013671875,14819.3125,37.70877456665039,70.15215301513672,437.92193603515625,1.0
1771105495.29205,48000,515.625,-17.46195089032807,0,0,316.1214599609375,348.79364013671875,12674.80078125,39.24236297607422,71.18882751464844,508.4677734375,1.0
1771105495.3419163,48000,281.25,-16.783392212306943,0,0,348.4974060058594,269.4891357421875,5307.85595703125,40.874427795410156,71.18882751464844,581.8402709960938,1.0
1771105495.3977914,48000,328.125,-16.342946453907167,0,0,358.3109436035156,198.77468872070312,3642.7890625,41.73407745361328,71.18882751464844,615.6448364257812,1.0
1771105495.4426465,48000,656.25,-28.0430016763575,0,0,344.0045166015625,188.77667236328125,2916.01318359375,42.35182571411133,71.18882751464844,628.9022827148438,1.0
1771105495.488555,48000,93.75,-18.961674966706976,0,0,329.747802734375,162.2559814453125,2003.515869140625,42.832157135009766,71.18882751464844,631.6746826171875,1.0
1771105495.5762937,48000,46.875,-41.986727759863676,0,0,282.0546875,234.75457763671875,3642.358154296875,43.24371337890625,71.18882751464844,625.7814331054688,1.0
1771105495.6192064,48000,421.875,-33.56317606186539,0,0,262.1763916015625,255.25634765625,5771.9697265625,43.22037887573242,71.18882751464844,626.5732421875,1.0
1771105495.6710644,48000,328.125,-14.029038733625981,0,0,253.30154418945312,255.25634765625,6431.6103515625,43.38923263549805,71.18882751464844,621.7391967773438,1.0
1771105495.7189713,48000,328.125,-13.615444597611841,0,0,234.6097869873047,255.25634765625,5735.373046875,44.18840408325195,71.18882751464844,599.4602661132812,1.0
1771105495.7660697,48000,328.125,-13.923286096983771,0,0,224.86874389648438,228.29595947265625,4606.28466796875,44.48279571533203,71.18882751464844,589.4686889648438,1.0
1771105495.8089547,48000,46.875,-15.847192902919858,0,0,238.8252716064453,331.87860107421875,8861.896484375,44.5050048828125,71.18882751464844,581.3903198242188,1.0
1771105495.8568,48000,46.875,-16.9071416095996,0,0,252.4290313720703,331.87860107421875,12141.8095703125,44.231204986572266,71.18882751464844,590.689453125,1.0
1771105495.9196317,48000,46.875,-19.61153715916557,1,0,273.22222900390625,331.87860107421875,13877.6513671875,43.997337341308594,71.66659545898438,602.6080932617188,1.0
1771105495.9602792,48000,656.25,-16.740174787764907,0,0,290.8075256347656,331.87860107421875,12223.2685546875,44.713436126708984,71.66659545898438,580.7835693359375,1.0
1771105496.055995,48000,281.25,-18.87235105934836,0,0,310.7388000488281,254.43896484375,8158.201171875,47.49484634399414,71.66659545898438,566.8557739257812,1.0
1771105496.1367795,48000,281.25,-16.51736436789174,0,0,308.2086181640625,273.765625,8751.375,51.11673355102539,71.66659545898438,571.7019653320312,1.0
1771105496.1866493,48000,843.75,-20.09407425523674,0,0,282.84588623046875,290.4088134765625,9356.689453125,53.26371383666992,71.66659545898438,564.5469970703125,1.0
1771105496.2330823,48000,562.5,-17.76583269134253,0,0,250.1939239501953,272.8866271972656,7447.8427734375,55.47146224975586,71.66659545898438,536.059814453125,1.0
1771105496.279957,48000,140.625,-5.644468493838181,0,0,251.19329833984375,308.2401123046875,8448.564453125,57.61952590942383,71.66659545898438,531.0904541015625,1.0
1771105496.32287,48000,46.875,-16.399649913028927,0,0,263.98907470703125,308.2401123046875,11844.78515625,58.29700469970703,71.66659545898438,544.4054565429688,1.0
1771105496.3725867,48000,46.875,-19.197320417991165,0,0,278.6646423339844,308.2401123046875,14340.1484375,58.16151809692383,71.66659545898438,541.0499267578125,1.0
1771105496.4184642,48000,281.25,-18.201981187567096,0,0,293.81396484375,308.2401123046875,15095.0888671875,57.54218673706055,71.66659545898438,528.6287841796875,1.0
1771105496.4642482,48000,281.25,-17.536063975244645,0,0,307.5782165527344,308.2401123046875,14221.1767578125,56.55681228637695,71.66659545898438,510.4059753417969,1.0
1771105496.5131166,48000,281.25,-18.171478025953057,0,0,319.49139404296875,308.2401123046875,12106.3486328125,54.52920913696289,71.66659545898438,476.3948669433594,1.0
1771105496.5579965,48000,328.125,-13.931527889612456,0,0,340.7169189453125,308.2401123046875,10054.0859375,53.33448791503906,69.80001068115234,446.3529968261719,1.0
1771105496.6055136,48000,93.75,-9.16139255057241,0,0,387.6990966796875,359.9920349121094,9711.14453125,51.901607513427734,69.80001068115234,427.2516784667969,1.0
1771105496.656058,48000,46.875,-13.393397542169833,0,0,408.16741943359375,359.9920349121094,11985.712890625,50.28823471069336,69.80001068115234,422.22210693359375,1.0
1771105496.6992624,48000,46.875,-16.584222574863976,0,0,410.6112976074219,359.9920349121094,12379.6455078125,48.79045486450195,69.80001068115234,435.5493469238281,1.0
1771105496.747135,48000,187.5,-19.56326001482507,0,0,404.3278503417969,359.9920349121094,12350.8681640625,47.581748962402344,69.80001068115234,457.32257080078125,1.0
1771105496.8219311,48000,140.625,-28.020396314994606,1,0,383.625732421875,359.9920349121094,15073.93359375,45.681209564208984,73.14403533935547,526.6989135742188,1.0
1771105496.8857358,48000,140.625,-21.03669865461143,0,0,369.8143005371094,390.577880859375,18610.90234375,44.9849853515625,74.172607421875,561.4889526367188,1.0
1771105496.9341133,48000,562.5,-32.364043266893326,0,0,361.814208984375,433.6029052734375,21183.5234375,44.78422164916992,74.172607421875,570.1845703125,1.0
1771105496.9830096,48000,1593.75,-31.788962032106504,0,0,292.9570007324219,474.4912109375,21007.857421875,44.23895263671875,74.172607421875,584.9834594726562,1.0
1771105497.0271547,48000,703.125,-20.471273613182603,0,0,255.07257080078125,406.879638671875,13383.66796875,44.405540466308594,74.172607421875,583.5510864257812,1.0
1771105497.0776474,48000,93.75,-13.703453350814245,0,0,244.11090087890625,289.86370849609375,9414.61328125,44.15433120727539,74.172607421875,588.159912109375,1.0
1771105497.1225033,48000,46.875,-16.246484070207238,0,0,246.13372802734375,298.75091552734375,9995.326171875,44.24037170410156,74.172607421875,585.4403686523438,1.0
1771105497.1679063,48000,0.0,-17.77086292165586,0,0,256.0068054199219,298.75091552734375,11498.16015625,45.72471618652344,74.172607421875,548.761474609375,1.0
1771105497.2150958,48000,1031.25,-22.035426678360295,0,0,259.5561218261719,298.75091552734375,11590.431640625,46.594993591308594,74.172607421875,540.9933471679688,1.0
1771105497.2694407,48000,328.125,-17.23684085266079,0,0,267.0901794433594,298.75091552734375,11069.91015625,47.98624801635742,74.172607421875,565.1719970703125,1.0
1771105497.3103313,48000,281.25,-16.490080683683317,0,0,272.0828857421875,298.75091552734375,10276.8203125,47.697818756103516,74.172607421875,557.924072265625,1.0
1771105497.361231,48000,328.125,-16.241426978644053,0,0,284.9862365722656,298.75091552734375,7850.0322265625,46.81647491455078,74.172607421875,537.331787109375,1.0
1771105497.404081,48000,328.125,-15.845649211324346,0,0,300.2653503417969,192.35040283203125,4411.45361328125,45.64117431640625,74.172607421875,505.4632263183594,1.0
1771105497.4489884,48000,281.25,-28.08715317981456,0,0,274.3757629394531,220.9006805419922,4852.02734375,43.21451950073242,74.172607421875,441.2033386230469,1.0
1771105497.4984233,48000,656.25,-13.485197987739586,0,0,261.3495788574219,205.43922424316406,3770.104248046875,42.767879486083984,72.73811340332031,414.2403259277344,1.0
1771105497.5448384,48000,93.75,-13.876141602359178,0,0,266.3255310058594,241.6038360595703,5058.93310546875,43.017704010009766,77.28455352783203,433.6658630371094,1.0
1771105497.5888085,48000,46.875,-16.34281732540836,0,0,277.92718505859375,245.1680450439453,7321.90625,43.26115036010742,79.73486328125,454.01776123046875,1.0
1771105497.639615,48000,609.375,-18.661568406724356,0,0,300.65557861328125,245.1680450439453,8580.4970703125,44.00596237182617,79.73486328125,505.1372375488281,1.0
1771105497.7004845,48000,609.375,-18.661568406724356,1,0,312.36761474609375,245.1680450439453,7680.884765625,44.8333854675293,79.73486328125,549.2093505859375,1.0
1771105497.7884986,48000,609.375,-17.625305308350843,0,0,308.5679931640625,245.1680450439453,8449.31640625,47.767635345458984,79.73486328125,654.3662719726562,1.0
1771105497.8730538,48000,328.125,-18.58058079360323,0,0,324.18328857421875,224.95330810546875,5974.75244140625,49.6920166015625,79.73486328125,716.9345703125,1.0
1771105497.9171228,48000,328.125,-18.001276399674424,0,0,313.3067626953125,224.95330810546875,5399.86083984375,51.17965316772461,79.73486328125,730.7073974609375,1.0
1771105497.974998,48000,328.125,-14.907489947135932,0,0,292.9132080078125,205.72756958007812,3055.505859375,53.17866516113281,79.73486328125,697.9610595703125,1.0
1771105498.0208464,48000,281.25,-15.71527086205304,0,0,283.7168884277344,165.0634765625,1845.736572265625,54.18321990966797,79.73486328125,662.6243286132812,1.0
1771105498.0682344,48000,281.25,-18.437702891992046,0,0,275.434326171875,120.53451538085938,1274.0047607421875,55.19913101196289,79.73486328125,614.1278076171875,1.0
1771105498.1089413,48000,234.375,-19.157080840237903,0,0,269.2980041503906,120.53451538085938,1392.5283203125,57.06535720825195,75.27281951904297,515.4360961914062,1.0
1771105498.1578422,48000,234.375,-19.157080840237903,0,0,272.2021789550781,120.53451538085938,1108.78369140625,58.42938232421875,70.86952209472656,455.32550048828125,1.0
1771105498.201725,48000,468.75,-18.69187906277964,0,0,270.7620849609375,107.68196105957031,1135.6060791015625,59.90603256225586,66.05947875976562,404.6754150390625,1.0
1771105498.246983,48000,234.375,-18.644585273261463,0,0,260.5031433105469,123.6197509765625,1517.1419677734375,61.3864860534668,63.11442947387695,364.31744384765625,1.0
1771105498.2958522,48000,93.75,-7.381789709734043,0,0,269.7105712890625,261.5824279785156,3548.876708984375,63.0961799621582,61.38514709472656,357.4680480957031,1.0
1771105498.34173,48000,46.875,-15.938645421821214,0,0,292.74285888671875,308.1328125,8799.162109375,64.5508804321289,61.38514709472656,343.17852783203125,1.0
1771105498.3876631,48000,46.875,-17.12069870516851,0,0,323.4997863769531,312.6417541503906,14848.423828125,66.73375701904297,58.720970153808594,281.1743469238281,1.0
1771105498.4325495,48000,234.375,-15.347161282264237,0,0,341.8046875,312.6417541503906,15815.6650390625,67.20597839355469,58.720970153808594,266.4417419433594,1.0
1771105498.478487,48000,234.375,-17.556802421651977,0,0,356.3883056640625,312.6417541503906,14590.892578125,66.73342895507812,58.720970153808594,277.4563903808594,1.0
1771105498.568754,48000,375.0,-27.146696073535388,1,0,359.3336181640625,312.6417541503906,14223.6337890625,64.68739318847656,58.720970153808594,326.0704650878906,1.0
1771105498.6211462,48000,93.75,-18.39144837255904,0,0,361.0747985839844,312.6417541503906,13723.830078125,64.09343719482422,59.2210578918457,353.91485595703125,1.0
1771105498.6689425,48000,187.5,-27.864687535486677,0,0,338.2281494140625,347.1321105957031,16457.267578125,63.236385345458984,66.13870239257812,404.6771240234375,1.0
1771105498.7267592,48000,187.5,-42.63271766778905,0,0,297.4190673828125,389.6610412597656,16683.232421875,62.74065017700195,71.70500183105469,440.48248291015625,1.0
1771105498.7676775,48000,93.75,-7.558008809387236,0,0,275.2950439453125,338.2688293457031,11602.693359375,61.932552337646484,71.70500183105469,450.84722900390625,1.0
1771105498.8185415,48000,46.875,-16.021494732464216,0,0,278.694580078125,353.8174133300781,12788.611328125,61.075218200683594,71.70500183105469,432.06597900390625,1.0
1771105498.9083405,48000,328.125,-18.30193135274285,0,0,301.706787109375,353.8174133300781,16459.791015625,59.563480377197266,70.57443237304688,384.0732727050781,1.0
1771105498.9956253,48000,328.125,-15.88693053466588,0,0,323.5545654296875,353.8174133300781,14602.5673828125,57.99496078491211,70.57443237304688,343.73382568359375,1.0
1771105499.0419483,48000,328.125,-15.73412124922523,0,0,330.3172607421875,353.8174133300781,13133.548828125,57.090091705322266,70.57443237304688,326.1983337402344,1.0
1771105499.0897958,48000,46.875,-12.21782248447118,0,0,386.7682189941406,291.048583984375,8286.3583984375,55.27093505859375,70.57443237304688,289.08782958984375,1.0
1771105499.1372871,48000,46.875,-12.21782248447118,0,0,409.2774353027344,294.03460693359375,8727.548828125,53.85025405883789,70.57443237304688,268.1528625488281,1.0
1771105499.1841865,48000,46.875,-23.009500617075695,0,0,409.5751953125,294.03460693359375,8860.94921875,52.46411895751953,70.57443237304688,258.49639892578125,1.0
1771105499.2310646,48000,93.75,-21.241155085666108,0,0,397.19140625,294.03460693359375,8624.7744140625,51.33873748779297,70.57443237304688,263.5399169921875,1.0
1771105499.2769134,48000,93.75,-25.929959638988006,0,0,380.6471252441406,294.03460693359375,9661.7802734375,50.31161880493164,70.57443237304688,284.9010314941406,1.0
1771105499.322815,48000,93.75,-26.10024934721691,0,0,364.5797424316406,320.97955322265625,12010.2333984375,49.3854866027832,70.57443237304688,314.9507751464844,1.0
1771105499.3873851,48000,234.375,-24.50911613568568,0,0,343.2341003417969,367.36083984375,16832.30078125,48.15640640258789,70.57443237304688,350.04913330078125,1.0
1771105499.4721584,48000,562.5,-26.503629650369447,1,0,293.23968505859375,427.40911865234375,21960.736328125,46.827762603759766,70.57443237304688,352.7134094238281,1.0
1771105499.5200603,48000,140.625,-4.992195365518858,0,0,232.3549041748047,397.791015625,13253.5869140625,45.62098693847656,70.57443237304688,328.98876953125,1.0
1771105499.6058552,48000,46.875,-15.894379536853249,0,0,230.02752685546875,316.48248291015625,11748.7626953125,42.01736831665039,58.03824234008789,237.50169372558594,1.0
1771105499.6622105,48000,46.875,-19.77868840487016,0,0,238.90673828125,316.48248291015625,13324.208984375,40.11357116699219,53.47736358642578,217.7750701904297,1.0
1771105499.7091808,48000,328.125,-17.776973188100136,0,0,255.91656494140625,316.48248291015625,13897.7509765625,37.80569839477539,51.92871856689453,215.82675170898438,1.0
1771105499.7540934,48000,46.875,-30.5874353603623,0,0,259.65155029296875,316.48248291015625,13508.1884765625,37.1818962097168,54.35308074951172,224.9204559326172,1.0
1771105499.797976,48000,1734.375,-25.393118596169877,0,0,263.7957763671875,316.48248291015625,12684.7041015625,36.04411697387695,55.83989334106445,240.7104949951172,1.0
1771105499.8891585,48000,515.625,-26.34082832066172,0,0,279.7124938964844,251.81454467773438,8571.7783203125,35.793251037597656,55.83989334106445,242.4142608642578,1.0
1771105499.939065,48000,140.625,-31.762006916306326,0,0,256.8184814453125,292.7819519042969,10010.6201171875,35.73912048339844,55.83989334106445,243.48121643066406,1.0
1771105499.986508,48000,328.125,-38.56478050395902,0,0,223.67967224121094,300.842041015625,8846.11328125,35.95668029785156,55.83989334106445,240.28526306152344,1.0
1771105500.0274186,48000,140.625,-5.651441940528976,0,0,222.7207489013672,320.82293701171875,8914.955078125,36.33120346069336,55.83989334106445,235.60516357421875,1.0
1771105500.0732994,48000,46.875,-15.830908907562844,0,0,228.59698486328125,346.5681457519531,10907.21484375,36.012081146240234,55.83989334106445,234.01962280273438,1.0
1771105500.1201508,48000,281.25,-16.655335182369285,0,0,256.70916748046875,359.4700927734375,17597.322265625,34.63312911987305,55.83989334106445,202.93560791015625,1.0
1771105500.1675324,48000,281.25,-21.494609572332713,0,0,279.5045166015625,359.4700927734375,18244.349609375,33.886985778808594,55.83989334106445,173.6215057373047,1.0
1771105500.215404,48000,1125.0,-24.77324904814191,0,0,292.88897705078125,359.4700927734375,16970.177734375,33.24940490722656,51.28839874267578,145.9223175048828,1.0
1771105500.261931,48000,1546.875,-25.07660923175964,0,0,294.9295959472656,359.4700927734375,16602.025390625,32.94252014160156,45.8360481262207,132.12594604492188,1.0
1771105500.308806,48000,328.125,-18.495061010225314,0,0,294.6730041503906,359.4700927734375,16663.876953125,32.92929458618164,51.02212142944336,132.99581909179688,1.0
1771105500.3539956,48000,656.25,-17.86568495356302,0,0,315.35595703125,314.56591796875,11297.134765625,34.20342254638672,71.68028259277344,211.0089874267578,1.0
1771105500.4158697,48000,609.375,-19.89594153622755,0,0,306.12353515625,314.56591796875,11219.8330078125,35.438499450683594,71.70541381835938,277.6680603027344,1.0
1771105500.4978242,48000,234.375,-19.354452595836445,0,0,257.3372802734375,259.078369140625,4074.65625,37.84147262573242,71.70541381835938,344.5214538574219,1.0
1771105500.5422263,48000,234.375,-19.354452595836445,0,0,249.2349395751953,216.78761291503906,2790.0947265625,38.237953186035156,71.70541381835938,345.0453796386719,1.0
1771105500.5891013,48000,234.375,-18.104215823472863,0,0,233.15882873535156,141.97413635253906,1657.345947265625,39.54664993286133,71.70541381835938,332.17626953125,1.0
1771105500.6384785,48000,234.375,-17.52939522670671,0,0,233.89968872070312,141.97413635253906,1565.270263671875,40.49317932128906,71.70541381835938,320.7738342285156,1.0
1771105500.6838999,48000,234.375,-15.251749957936608,0,0,241.74749755859375,84.02958679199219,698.459716796875,40.994117736816406,71.70541381835938,317.3798828125,1.0
1771105500.734788,48000,234.375,-14.941989790378884,0,0,240.12896728515625,84.02958679199219,721.3115234375,41.046897888183594,71.70541381835938,316.9498291015625,1.0
1771105500.7763722,48000,187.5,-13.308281429642426,0,0,238.01283264160156,84.02958679199219,747.8458251953125,41.195655822753906,71.70541381835938,324.1541748046875,1.0
1771105500.826211,48000,93.75,-12.634130791147829,0,0,275.3487854003906,295.23089599609375,8780.060546875,41.30625915527344,71.70541381835938,325.98138427734375,1.0
1771105500.8716207,48000,234.375,-13.910473207657578,0,0,297.7062072753906,295.23089599609375,13251.4462890625,41.31145095825195,71.70541381835938,325.79925537109375,1.0
1771105500.9204931,48000,234.375,-14.26200797770177,0,0,318.6475830078125,295.23089599609375,15580.4326171875,41.560672760009766,71.70541381835938,317.1706848144531,1.0
1771105500.963919,48000,234.375,-14.729112383473815,0,0,339.5765686035156,295.23089599609375,15436.7275390625,41.98249053955078,71.70541381835938,301.4716796875,1.0
1771105501.0158098,48000,234.375,-16.28581655936923,0,0,363.7720947265625,286.4228515625,12081.5009765625,42.87139892578125,71.70541381835938,266.54998779296875,1.0
1771105501.0568888,48000,234.375,-23.206662811784504,0,0,368.9791259765625,286.4228515625,10822.7998046875,43.3781852722168,59.975502014160156,245.71368408203125,1.0
1771105501.1067562,48000,187.5,-24.271672403621732,0,0,370.9771728515625,286.4228515625,10257.150390625,43.43446731567383,59.975502014160156,243.81956481933594,1.0
1771105501.1541724,48000,93.75,-30.732753243073383,0,0,366.06243896484375,320.5070495605469,11752.125,43.32451248168945,59.975502014160156,246.87478637695312,1.0
1771105501.2200518,48000,937.5,-30.86347483221328,1,0,308.1908874511719,384.4292907714844,15853.62109375,43.4830207824707,59.975502014160156,241.79153442382812,1.0
1771105501.2923985,48000,93.75,-13.3490944245753,0,0,278.9425048828125,322.0420837402344,10825.841796875,45.3039436340332,55.733619689941406,250.97618103027344,1.0
1771105501.3384047,48000,46.875,-17.212953712645756,0,0,275.28009033203125,300.2322998046875,9897.0224609375,46.27667236328125,55.733619689941406,250.10018920898438,1.0
1771105501.384906,48000,46.875,-19.02243411296056,0,0,273.2408142089844,300.2322998046875,9524.0107421875,47.00801086425781,54.1821174621582,241.3810272216797,1.0
1771105501.4367394,48000,328.125,-19.729261962659695,0,0,276.53460693359375,300.2322998046875,9529.70703125,47.37445068359375,54.1821174621582,239.90943908691406,1.0
1771105501.4799278,48000,328.125,-20.782923092023896,0,0,277.17828369140625,300.2322998046875,9489.9306640625,47.43976593017578,54.1821174621582,239.81768798828125,1.0
1771105501.5277996,48000,328.125,-20.782923092023896,0,0,275.3330993652344,300.2322998046875,9856.98046875,47.04218673706055,54.1821174621582,241.88600158691406,1.0
1771105501.586674,48000,93.75,-8.223475981873538,0,0,327.229248046875,363.08819580078125,8989.9423828125,45.92261505126953,54.1821174621582,231.67921447753906,1.0
1771105501.6272714,48000,46.875,-12.75544507740365,0,0,355.31597900390625,375.3763427734375,11684.2294921875,44.24489974975586,54.4715576171875,202.17156982421875,1.0
1771105501.674122,48000,46.875,-16.019548152086575,0,0,361.076416015625,375.3763427734375,12833.8505859375,43.30659866333008,53.54627227783203,183.80955505371094,1.0
1771105501.7170355,48000,421.875,-25.198654973823878,0,0,364.620361328125,375.3763427734375,13346.72265625,41.61946487426758,44.61433410644531,154.12486267089844,1.0
1771105501.769866,48000,93.75,-24.611882736280933,0,0,359.0053405761719,375.3763427734375,13702.58984375,39.55985641479492,44.04613494873047,140.49154663085938,1.0
1771105501.8187354,48000,140.625,-24.184584757338698,0,0,350.9112548828125,375.3763427734375,14977.2275390625,38.3916015625,48.49020004272461,150.28614807128906,1.0
1771105501.8639493,48000,140.625,-29.032477429890157,0,0,341.2840576171875,375.3763427734375,17296.9296875,37.39015197753906,48.49020004272461,159.39772033691406,1.0
1771105501.9078567,48000,375.0,-32.13712042020302,0,0,336.0145568847656,387.64642333984375,18912.0703125,36.44142150878906,48.49020004272461,158.5203399658203,1.0
1771105501.9487529,48000,1968.75,-30.566110209577012,0,0,304.6084289550781,422.9233703613281,22349.3515625,35.979679107666016,48.49020004272461,156.80416870117188,1.0
1771105501.9986198,48000,984.375,-35.70995132813765,0,0,255.91636657714844,443.9793701171875,19806.5,35.757408142089844,48.49020004272461,157.41461181640625,1.0
1771105502.04751,48000,93.75,-8.628039522356838,0,0,234.1952362060547,387.43328857421875,12838.7734375,35.346351623535156,48.49020004272461,147.35543823242188,1.0
1771105502.1107857,48000,46.875,-15.751657805407419,1,0,232.123779296875,326.36810302734375,11845.85546875,34.32084274291992,48.49020004272461,147.30758666992188,1.0
1771105502.1835833,48000,281.25,-20.03352988443512,0,0,242.98773193359375,326.36810302734375,13520.2470703125,34.11219787597656,48.49020004272461,152.2563934326172,1.0
1771105502.2294424,48000,234.375,-20.15170740592131,0,0,259.3319091796875,326.36810302734375,13352.751953125,35.21281433105469,48.49020004272461,164.34353637695312,1.0
1771105502.2753484,48000,468.75,-27.44810239280698,0,0,263.5947570800781,326.36810302734375,12744.07421875,35.679893493652344,48.49020004272461,167.1533966064453,1.0
1771105502.327182,48000,468.75,-33.418087078991114,0,0,265.41253662109375,326.36810302734375,12287.140625,35.82178497314453,48.49020004272461,167.02769470214844,1.0
1771105502.3720763,48000,281.25,-19.980938313168146,0,0,271.9156494140625,326.36810302734375,10489.5947265625,35.975887298583984,48.49020004272461,166.05905151367188,1.0
1771105502.4179385,48000,281.25,-20.458018103291074,0,0,259.2464904785156,262.364990234375,9311.58984375,36.552425384521484,48.49020004272461,163.39466857910156,1.0
1771105502.4673684,48000,281.25,-21.58219587420492,0,0,231.01495361328125,242.8551483154297,7506.857421875,36.963565826416016,48.49020004272461,162.2860870361328,1.0
1771105502.512218,48000,93.75,-9.148886739446455,0,0,230.25662231445312,293.42529296875,7761.34375,37.209815979003906,48.49020004272461,161.2474822998047,1.0
1771105502.5681047,48000,46.875,-15.76927039614111,0,0,246.06936645507812,299.63671875,12351.2021484375,36.238468170166016,46.96115493774414,128.7043914794922,1.0
1771105502.6518486,48000,234.375,-19.39842724225287,0,0,263.7038269042969,299.63671875,14401.271484375,35.0310173034668,36.468101501464844,104.44682312011719,1.0
1771105502.7049778,48000,234.375,-26.331339826276658,0,0,288.5362548828125,299.4879150390625,12564.0810546875,34.19044494628906,36.468101501464844,94.19511413574219,1.0
1771105502.751856,48000,4875.0,-38.69674210759929,0,0,293.2496643066406,299.4879150390625,11570.791015625,33.4475212097168,36.468101501464844,88.22589874267578,1.0
1771105502.797718,48000,2062.5,-31.92094596392849,0,0,290.0434265136719,319.0069274902344,12486.6044921875,32.76765441894531,36.468101501464844,86.70431518554688,1.0
1771105502.8441617,48000,140.625,-16.209127280218617,0,0,295.7982482910156,319.0069274902344,11347.6025390625,32.507667541503906,36.468101501464844,86.1449966430664,1.0
1771105502.8876662,48000,93.75,-20.022216416233036,0,0,288.75933837890625,319.0069274902344,9204.826171875,33.38197326660156,37.54020309448242,102.9391098022461,1.0
1771105502.9375918,48000,46.875,-28.999927402479667,0,0,266.6034851074219,289.6109924316406,6497.5087890625,34.21857833862305,37.54020309448242,111.41941833496094,1.0
1771105503.0103934,48000,46.875,-23.90926965238919,1,0,240.92340087890625,227.84149169921875,3398.3662109375,35.34942626953125,37.54020309448242,116.40951538085938,1.0
1771105503.0732427,48000,10781.25,-39.85396939094828,0,0,211.92372131347656,144.33096313476562,1963.34033203125,36.1178092956543,37.54020309448242,105.99543762207031,1.0
1771105503.1201117,48000,187.5,-22.72468150275614,0,0,197.3494415283203,151.86537170410156,2623.349853515625,36.41634750366211,34.068626403808594,96.99800109863281,1.0
1771105503.1666596,48000,281.25,-15.30904119063698,0,0,194.33456420898438,151.86537170410156,2860.646484375,36.59907913208008,33.68942642211914,92.62303924560547,1.0
1771105503.2133994,48000,281.25,-15.62061609450791,0,0,192.70921325683594,151.86537170410156,2547.42041015625,36.569236755371094,33.68942642211914,93.02558135986328,1.0
1771105503.2622693,48000,234.375,-16.893018179245022,0,0,186.99717712402344,151.86537170410156,2186.7421875,36.68762969970703,33.68942642211914,96.10750579833984,1.0
1771105503.309171,48000,140.625,-7.223804600109495,0,0,202.75779724121094,312.84600830078125,6505.64306640625,36.808284759521484,33.68942642211914,95.71823120117188,1.0
1771105503.3560178,48000,46.875,-17.003273613687075,0,0,224.48779296875,321.83221435546875,11796.14453125,36.68294906616211,33.68942642211914,98.03142547607422,1.0
1771105503.405914,48000,0.0,-19.732431603854916,0,0,254.3655548095703,321.83221435546875,15852.1494140625,36.692832946777344,33.627342224121094,97.6865234375,1.0
1771105503.4499245,48000,281.25,-18.765039477995256,0,0,274.2681579589844,321.83221435546875,14865.23046875,36.74003982543945,32.51788330078125,95.89860534667969,1.0
1771105503.4957952,48000,562.5,-18.715759634329277,0,0,294.3029479980469,303.7112121582031,11681.244140625,36.57143020629883,32.51788330078125,92.22832489013672,1.0
1771105503.5494292,48000,281.25,-15.257342599305229,0,0,310.85028076171875,261.18719482421875,8156.0869140625,36.728233337402344,32.51788330078125,95.72533416748047,1.0
1771105503.5983677,48000,234.375,-15.571750112322167,0,0,320.2414245605469,249.4570770263672,6364.125,37.0245246887207,32.51788330078125,98.08908081054688,1.0
1771105503.6940842,48000,234.375,-14.096768773659345,0,0,312.2714538574219,197.99496459960938,4550.408203125,36.71097946166992,32.51788330078125,100.62101745605469,1.0
1771105503.7389913,48000,234.375,-19.799974102651422,0,0,289.8983154296875,195.92196655273438,3131.879638671875,36.6082649230957,32.51788330078125,105.04476928710938,1.0
1771105503.8290532,48000,46.875,-14.860780882848655,0,0,322.3684997558594,304.9523010253906,11220.9697265625,36.181922912597656,32.51788330078125,99.87240600585938,1.0
1771105503.8986146,48000,0.0,-19.175880020572205,1,0,348.7713928222656,304.9523010253906,12665.4833984375,35.750370025634766,32.51788330078125,104.6528549194336,1.0
1771105503.9684527,48000,234.375,-14.472135225065381,0,0,369.5299987792969,304.9523010253906,10564.66796875,35.72985076904297,32.51788330078125,104.79312896728516,1.0
1771105504.013059,48000,234.375,-13.30872472307088,0,0,378.08551025390625,304.9523010253906,9444.62890625,35.87398910522461,32.51788330078125,102.95480346679688,1.0
1771105504.0589645,48000,187.5,-6.35608773647245,0,0,390.4216003417969,304.9523010253906,8173.71337890625,36.2662467956543,32.51788330078125,101.97628021240234,1.0
1771105504.1058106,48000,46.875,-11.999334550610048,0,0,427.1195983886719,344.18218994140625,7794.76904296875,37.137001037597656,32.51788330078125,103.186767578125,1.0
1771105504.1507506,48000,46.875,-14.994964903039541,0,0,455.2179260253906,258.8134765625,7296.88037109375,37.75384521484375,38.10505294799805,118.94688415527344,1.0
1771105504.1976302,48000,281.25,-19.35311172260186,0,0,446.3481140136719,258.8134765625,6875.0009765625,37.78276824951172,38.10505294799805,119.88420867919922,1.0
1771105504.2445657,48000,140.625,-21.5256566408625,0,0,431.6384582519531,258.8134765625,7427.537109375,37.600120544433594,38.10505294799805,116.53886413574219,1.0
1771105504.2984223,48000,93.75,-26.83270554680053,0,0,408.8308410644531,344.8685302734375,11168.74609375,36.86988830566406,38.10505294799805,115.51380920410156,1.0
1771105504.3402805,48000,93.75,-26.83270554680053,0,0,389.456787109375,408.26458740234375,15843.3525390625,36.55647277832031,38.10505294799805,120.47611999511719,1.0
1771105504.3881702,48000,93.75,-11.825110616465054,0,0,385.138671875,408.26458740234375,16592.341796875,36.88947296142578,38.10505294799805,116.5833511352539,1.0
1771105504.4440486,48000,281.25,-15.545219745083713,0,0,387.1170654296875,408.26458740234375,16295.314453125,37.38460922241211,38.10505294799805,114.64641571044922,1.0
1771105504.4879043,48000,234.375,-10.233460603662717,0,0,360.50592041015625,376.717041015625,9907.5146484375,38.23749923706055,38.10505294799805,114.73184967041016,1.0
1771105504.5772943,48000,234.375,-15.833795040150543,0,0,374.22076416015625,417.622802734375,13931.60546875,39.451534271240234,41.020286560058594,129.3192138671875,1.0
1771105504.6281855,48000,46.875,-15.702691113992557,0,0,391.927490234375,417.622802734375,15745.765625,39.7993049621582,41.020286560058594,123.02228546142578,1.0
1771105504.6739316,48000,0.0,-19.401166113063173,0,0,407.5458679199219,417.622802734375,14428.3544921875,40.21114730834961,40.94059753417969,113.20785522460938,1.0
1771105504.7198029,48000,46.875,-23.918776308771367,0,0,420.0280456542969,417.622802734375,11103.18359375,40.4587516784668,39.358421325683594,106.337158203125,1.0
1771105504.7657409,48000,562.5,-18.36391753221537,0,0,425.67340087890625,342.2147216796875,8909.564453125,40.70412826538086,39.358421325683594,106.36979675292969,1.0
1771105504.8195672,48000,562.5,-17.969213157354137,1,0,395.8479309082031,412.0902099609375,16032.9443359375,41.003475189208984,39.358421325683594,114.52762603759766,1.0
1771105504.9043407,48000,8812.5,-28.28699499824445,0,0,338.7098388671875,448.1842956542969,23852.4140625,41.447444915771484,39.358421325683594,119.72335815429688,1.0
1771105504.950904,48000,8156.25,-34.120404559149925,0,0,285.8912048339844,438.232421875,19703.544921875,41.74982833862305,39.358421325683594,116.50334930419922,1.0
1771105504.9967837,48000,187.5,-9.619067081736993,0,0,236.69232177734375,364.8733825683594,11450.255859375,42.161766052246094,39.358421325683594,109.225830078125,1.0
1771105505.0426524,48000,46.875,-10.922757593245464,0,0,239.627685546875,417.70953369140625,12852.5400390625,42.17112731933594,39.358421325683594,109.29350280761719,1.0
1771105505.0895374,48000,46.875,-15.618507983543573,0,0,265.20233154296875,430.58184814453125,22003.6875,42.3353271484375,39.358421325683594,109.73426818847656,1.0
1771105505.1494403,48000,234.375,-12.592195009651093,0,0,292.2402648925781,439.64642333984375,28034.830078125,42.6290397644043,39.358421325683594,105.16426849365234,1.0
1771105505.1943157,48000,234.375,-12.50422419078377,0,0,321.1533203125,439.64642333984375,30082.46484375,43.010135650634766,39.358421325683594,95.46765899658203,1.0
1771105505.2381947,48000,234.375,-17.214858285848152,0,0,361.99725341796875,439.64642333984375,27358.107421875,42.96027755737305,39.358421325683594,95.90946960449219,1.0
1771105505.2790902,48000,234.375,-22.056433208444037,0,0,380.2939453125,439.64642333984375,22477.099609375,43.06135559082031,39.358421325683594,93.84736633300781,1.0
1771105505.3339145,48000,93.75,-14.93121593094309,0,0,406.09100341796875,439.64642333984375,14081.68359375,43.21031951904297,39.358421325683594,90.7366943359375,1.0
1771105505.3788195,48000,281.25,-17.218645194258123,0,0,430.9460754394531,229.36441040039062,5356.5712890625,43.313053131103516,39.358421325683594,92.42243957519531,1.0
1771105505.4251726,48000,281.25,-16.990619474772153,0,0,418.6636962890625,229.36441040039062,5686.9599609375,43.302188873291016,39.358421325683594,92.13507843017578,1.0
1771105505.4680607,48000,140.625,-15.152268844877707,0,0,387.9755554199219,229.36441040039062,4661.2509765625,43.579410552978516,39.358421325683594,99.83683013916016,1.0
1771105505.5189269,48000,281.25,-16.30084625253858,0,0,364.5945129394531,187.5025634765625,3218.276123046875,43.86682891845703,39.358421325683594,102.93598937988281,1.0
1771105505.6096814,48000,562.5,-42.85027680560014,0,0,305.7201843261719,234.04847717285156,4292.93994140625,44.24015426635742,39.358421325683594,94.68626403808594,1.0
1771105505.6555586,48000,187.5,-26.71864802368574,0,0,280.8831481933594,230.045166015625,6205.03515625,44.304927825927734,32.91958999633789,91.94116973876953,1.0
1771105505.721003,48000,2203.125,-26.37486239383815,1,0,242.30284118652344,277.4578857421875,9795.83203125,43.84578323364258,32.91958999633789,98.54472351074219,1.0
1771105505.792839,48000,2296.875,-39.147684752721915,0,0,176.40049743652344,287.4068603515625,10349.7607421875,42.80012512207031,32.18464279174805,97.10840606689453,1.0
1771105505.8397167,48000,281.25,-53.70540491426836,0,0,143.73558044433594,294.5768127441406,8925.5732421875,41.787147521972656,39.038917541503906,100.95911407470703,1.0
1771105505.8865907,48000,1125.0,-37.52496193036321,0,0,110.93624877929688,267.2174377441406,5970.421875,41.10014343261719,42.531944274902344,116.58098602294922,1.0
1771105505.9315014,48000,234.375,-11.027488070928314,0,0,87.1269760131836,186.88076782226562,3037.1044921875,40.89726257324219,42.531944274902344,120.67215728759766,1.0
1771105505.978376,48000,140.625,-10.982054074874302,0,0,92.91629028320312,263.9638977050781,4657.80517578125,41.49858474731445,42.531944274902344,122.36923217773438,1.0
1771105506.0253108,48000,93.75,-10.94526842596919,0,0,120.06514739990234,423.7797546386719,14067.986328125,42.637638092041016,53.76728820800781,146.1317901611328,1.0
1771105506.083197,48000,140.625,-12.351908752335923,0,0,191.53895568847656,541.3807983398438,38743.35546875,44.015403747558594,67.90840148925781,216.72976684570312,1.0
1771105506.1270704,48000,93.75,-10.786710902676603,0,0,280.8443603515625,617.5868530273438,57345.46484375,45.43374252319336,67.90840148925781,281.14013671875,1.0
1771105506.2148082,48000,93.75,-10.75014635961255,0,0,387.68621826171875,688.4992065429688,64094.484375,46.643287658691406,67.90840148925781,313.92236328125,1.0
1771105506.2708158,48000,93.75,-12.089533210410725,0,0,502.8000183105469,700.4046020507812,47313.0,47.6224250793457,67.90840148925781,318.1457214355469,1.0
1771105506.3626287,48000,93.75,-14.110639478264662,0,0,613.1915893554688,371.2831115722656,9536.48046875,47.49310302734375,67.90840148925781,319.2760009765625,1.0
1771105506.4045174,48000,46.875,-14.916225875100345,0,0,636.2919921875,202.357666015625,3590.93896484375,47.39217758178711,67.90840148925781,320.5396728515625,1.0
1771105506.4488301,48000,93.75,-15.94207701268637,0,0,638.241455078125,183.53314208984375,3229.08154296875,47.29652404785156,67.90840148925781,322.8297119140625,1.0
1771105506.4997103,48000,46.875,-16.485639742416573,0,0,628.706787109375,232.308349609375,4854.39306640625,47.16532897949219,67.90840148925781,326.7662353515625,1.0
1771105506.5466,48000,140.625,-12.600421430649721,0,0,613.2893676757812,232.308349609375,6157.23095703125,47.276329040527344,67.90840148925781,327.2768859863281,1.0
1771105506.5924766,48000,140.625,-7.859868353984175,0,0,607.1458129882812,232.308349609375,5418.85693359375,47.596675872802734,67.90840148925781,323.09954833984375,1.0
1771105506.6359525,48000,46.875,-14.240466574120934,0,0,593.04736328125,223.15264892578125,3852.319091796875,47.42501449584961,67.90840148925781,323.33905029296875,1.0
1771105506.6843748,48000,0.0,-18.673956069959303,0,0,571.9420166015625,175.14862060546875,3094.702880859375,46.866355895996094,67.90840148925781,322.4429931640625,1.0
1771105506.73195,48000,93.75,-16.007659582195856,0,0,545.548095703125,202.89334106445312,3316.83203125,45.83739471435547,67.90840148925781,314.43316650390625,1.0
1771105506.7764022,48000,93.75,-14.783443730075682,0,0,535.5678100585938,202.89334106445312,2921.898193359375,45.3484992980957,67.90840148925781,309.8418884277344,1.0
1771105506.8223,48000,93.75,-15.56605393516647,0,0,529.9622802734375,202.89334106445312,2854.597900390625,45.346981048583984,67.90840148925781,309.3449401855469,1.0
1771105506.869301,48000,187.5,-18.652146965470926,0,0,522.4008178710938,219.8802490234375,3349.8701171875,45.7988395690918,67.90840148925781,304.2781982421875,1.0
1771105506.9177918,48000,93.75,-20.447773560638076,0,0,504.8951721191406,298.6935119628906,5639.80517578125,46.53584671020508,67.90840148925781,290.8275146484375,1.0
1771105506.96792,48000,750.0,-25.406400871419383,0,0,468.6243896484375,305.90728759765625,6064.56689453125,47.03633117675781,67.90840148925781,283.25738525390625,1.0
1771105507.017787,48000,93.75,-22.707322467356907,0,0,438.5985107421875,228.64080810546875,5803.06005859375,47.87559509277344,67.90840148925781,285.7557067871094,1.0
1771105507.0687106,48000,93.75,-9.313532003166186,0,0,434.4372863769531,223.42822265625,5340.0625,48.86852264404297,67.90840148925781,291.43170166015625,1.0
1771105507.1145933,48000,140.625,-18.613928035186568,0,0,429.69610595703125,223.42822265625,5177.89306640625,49.85746765136719,67.90840148925781,281.7679443359375,1.0
1771105507.1585016,48000,46.875,-21.985685159017994,0,0,402.557373046875,215.402587890625,4852.45458984375,51.62849044799805,62.0430908203125,237.8910369873047,1.0
1771105507.2500412,48000,0.0,-21.87727279546054,0,0,364.1576843261719,188.95480346679688,3334.652587890625,52.7331657409668,58.68675994873047,218.7119598388672,1.0
1771105507.2959173,48000,984.375,-20.168816292475412,0,0,346.6148986816406,229.27285766601562,3924.71142578125,52.40675354003906,58.68675994873047,210.4998016357422,1.0
1771105507.341841,48000,281.25,-19.453850110233635,0,0,335.7228698730469,239.9262237548828,4890.46533203125,51.7855224609375,58.68675994873047,186.15599060058594,1.0
1771105507.387924,48000,46.875,-21.662508681483,0,0,330.2176208496094,239.9262237548828,5168.8466796875,50.23306655883789,46.024742126464844,127.98114776611328,1.0
1771105507.436796,48000,46.875,-19.568705058668108,0,0,320.7539978027344,239.9262237548828,4260.33203125,49.83631134033203,44.499168395996094,118.0924301147461,1.0
1771105507.4811974,48000,46.875,-20.054616534565646,0,0,300.1609802246094,136.5848846435547,1243.6566162109375,49.16272735595703,46.27251434326172,103.48286437988281,1.0
1771105507.5301244,48000,93.75,-8.995538204279272,1,0,316.5858154296875,295.7803955078125,5244.2353515625,49.245670318603516,46.27251434326172,105.90520477294922,1.0
1771105507.5741343,48000,140.625,-15.747576338973222,0,0,337.2236633300781,295.7803955078125,8900.78515625,49.49994659423828,46.27251434326172,108.89359283447266,1.0
1771105507.6199822,48000,93.75,-18.930076195054614,0,0,352.6834411621094,295.7803955078125,10323.767578125,49.951332092285156,46.27251434326172,110.28486633300781,1.0
1771105507.668389,48000,140.625,-20.930116533388837,0,0,377.5449523925781,295.7803955078125,9217.5185546875,50.99075698852539,46.27251434326172,109.5660171508789,1.0
1771105507.7292268,48000,93.75,-17.62137137667676,0,0,399.0645446777344,254.54141235351562,7290.365234375,51.701820373535156,46.27251434326172,102.53638458251953,1.0
1771105507.8080158,48000,187.5,-14.257765049730637,0,0,434.43255615234375,234.07009887695312,3634.835205078125,53.353492736816406,35.97313690185547,70.78764343261719,1.0
1771105507.8552501,48000,234.375,-18.292233115019478,0,0,453.0107116699219,178.18280029296875,1628.4964599609375,53.7165412902832,35.97313690185547,69.43943786621094,1.0
1771105507.902763,48000,0.0,-19.956681124228076,0,0,451.870849609375,142.58480834960938,1384.7154541015625,54.136600494384766,35.97313690185547,67.77137756347656,1.0
1771105507.947445,48000,281.25,-17.152409602004802,0,0,427.5713195800781,135.0106201171875,1167.6285400390625,54.977149963378906,35.394405364990234,58.827274322509766,1.0
1771105507.995316,48000,281.25,-17.544947351579317,0,0,417.6514892578125,141.85317993164062,1315.794921875,55.70823669433594,34.712188720703125,52.36619567871094,1.0
1771105508.0421517,48000,281.25,-23.24509452621737,0,0,406.9559326171875,182.90029907226562,2245.192626953125,56.23816680908203,31.370990753173828,45.02620315551758,1.0
1771105508.0930173,48000,93.75,-21.646085299763023,0,0,392.8314514160156,197.64312744140625,3175.1015625,56.50697708129883,31.370990753173828,40.921566009521484,1.0
1771105508.136899,48000,46.875,-20.241843173556816,0,0,378.122802734375,198.11236572265625,3496.13134765625,56.54972457885742,31.370990753173828,40.33823776245117,1.0
1771105508.184771,48000,281.25,-13.976555555198921,0,0,361.3318176269531,198.11236572265625,2631.78857421875,56.63230895996094,28.93622589111328,38.42704772949219,1.0
1771105508.2296512,48000,281.25,-16.378901768782328,0,0,347.7213134765625,114.46591186523438,1044.2860107421875,56.58707046508789,31.14533233642578,39.47673416137695,1.0
1771105508.2765253,48000,140.625,-7.479930350958071,0,0,345.14202880859375,127.13613891601562,1044.6485595703125,56.65618896484375,31.14533233642578,38.42937088012695,1.0
1771105508.322435,48000,46.875,-16.0007915065281,0,0,360.2143859863281,201.12625122070312,3385.7314453125,55.844173431396484,31.14533233642578,35.532630920410156,1.0
1771105508.3712718,48000,46.875,-17.98466961409096,0,0,372.62237548828125,201.12625122070312,4579.13037109375,55.07283020019531,31.14533233642578,40.2235221862793,1.0
1771105508.4496622,48000,46.875,-17.349742128725225,1,0,391.880126953125,201.12625122070312,4249.11328125,54.31155014038086,34.89743423461914,49.3603630065918,1.0
1771105508.51898,48000,281.25,-15.576309745160623,0,0,409.04290771484375,167.71646118164062,2589.984619140625,53.64925003051758,34.89743423461914,53.21662139892578,1.0
1771105508.5678208,48000,328.125,-21.685450150397667,0,0,409.4410400390625,167.71646118164062,2552.5849609375,53.24193572998047,34.89743423461914,52.5771484375,1.0
1771105508.6615736,48000,375.0,-13.544966979812907,0,0,401.98553466796875,185.91754150390625,3204.32080078125,52.505680084228516,34.89743423461914,50.668663024902344,1.0
1771105508.7073286,48000,375.0,-18.840198384857032,0,0,378.20245361328125,202.13278198242188,3171.326904296875,52.4665641784668,34.89743423461914,50.93053436279297,1.0
1771105508.7541997,48000,140.625,-7.33208168330861,0,0,359.8478088378906,192.75912475585938,3074.896728515625,52.58546829223633,34.89743423461914,50.853397369384766,1.0
1771105508.7970903,48000,46.875,-16.587219950678676,0,0,359.9936218261719,192.75912475585938,3095.585693359375,51.823585510253906,23.204872131347656,39.27505111694336,1.0
1771105508.8388643,48000,46.875,-17.5691589403582,0,0,354.810302734375,186.0057373046875,2582.9404296875,50.76237487792969,26.368000030517578,42.56454086303711,1.0
1771105508.887249,48000,46.875,-18.28683919531253,0,0,349.8297119140625,186.0057373046875,2404.24462890625,49.9856071472168,29.129520416259766,48.707881927490234,1.0
1771105508.9361196,48000,46.875,-22.307203085115738,0,0,342.4328308105469,186.0057373046875,2609.52783203125,49.003299713134766,31.02414894104004,54.44850540161133,1.0
1771105508.983285,48000,140.625,-28.625211025445225,0,0,330.5502624511719,197.8505401611328,3520.98876953125,48.1907958984375,31.02414894104004,59.155845642089844,1.0
1771105509.029134,48000,375.0,-24.59334828181431,0,0,317.6745300292969,232.2744598388672,5036.541015625,47.491397857666016,31.02414894104004,58.92469787597656,1.0
1771105509.0750756,48000,281.25,-11.873814619850853,0,0,323.97216796875,268.3887939453125,6436.583984375,47.45509338378906,31.02414894104004,58.46689224243164,1.0
1771105509.1209536,48000,46.875,-13.153175046038715,0,0,375.317626953125,402.26507568359375,15638.19140625,48.30547332763672,57.315452575683594,98.33209991455078,1.0
1771105509.1698232,48000,1171.875,-12.457349853753081,0,0,386.9747619628906,402.26507568359375,18086.01171875,49.92476272583008,82.72833251953125,208.5862579345703,1.0
1771105509.2246964,48000,1265.625,-17.51537395376697,0,0,391.9742431640625,402.26507568359375,18479.798828125,52.19287872314453,92.17471313476562,379.5791320800781,1.0
1771105509.2705576,48000,890.625,-13.93371831025015,0,0,408.3929138183594,402.26507568359375,18634.443359375,55.55814743041992,100.71600341796875,661.2684326171875,1.0
1771105509.3568337,48000,890.625,-12.9953380990369,0,0,431.37646484375,402.26507568359375,15563.16796875,59.63316345214844,108.07705688476562,977.44140625,1.0
1771105509.4017148,48000,1218.75,-11.324273711186574,0,0,461.638671875,345.7640075683594,7132.04296875,64.20291900634766,115.10603332519531,1289.373046875,1.0
1771105509.4514716,48000,796.875,-16.007693911701338,0,0,462.509765625,237.41012573242188,5720.728515625,67.4509048461914,115.10603332519531,1480.1278076171875,1.0
1771105509.5028722,48000,140.625,-17.90426404632647,0,0,436.8475646972656,230.00494384765625,4014.6025390625,70.25021362304688,115.10603332519531,1581.0030517578125,1.0
1771105509.5487478,48000,46.875,-14.412271583556322,0,0,424.0005798339844,177.0804443359375,2654.986083984375,73.39545440673828,115.10603332519531,1635.5843505859375,1.0
1771105509.590116,48000,750.0,-16.385537696513687,0,0,430.52142333984375,177.0804443359375,3331.747314453125,75.14501190185547,115.10603332519531,1628.222900390625,1.0
1771105509.6399827,48000,750.0,-15.737049870049841,0,0,429.1667785644531,177.0804443359375,3271.775390625,77.55087280273438,115.10603332519531,1649.7877197265625,1.0
1771105509.6880648,48000,750.0,-17.624983320572113,0,0,426.03546142578125,177.0804443359375,3248.75634765625,80.01264953613281,115.10603332519531,1655.1888427734375,1.0
1771105509.7329438,48000,375.0,-17.933078878361673,0,0,423.8553466796875,177.0804443359375,3330.55517578125,82.44503784179688,115.10603332519531,1633.878662109375,1.0
1771105509.7786872,48000,375.0,-18.696972422905535,0,0,412.20306396484375,246.76431274414062,4707.30859375,85.44416809082031,115.10603332519531,1588.4124755859375,1.0
1771105509.823567,48000,375.0,-23.286529976882967,0,0,407.0262451171875,267.59716796875,5657.44873046875,86.15203094482422,115.10603332519531,1563.6136474609375,1.0
1771105509.8704414,48000,93.75,-14.949480331647191,0,0,398.2620849609375,267.59716796875,6782.23828125,88.15438079833984,115.10603332519531,1489.1888427734375,1.0
1771105509.9262922,48000,375.0,-21.230853503326514,0,0,374.8013916015625,260.40570068359375,4792.73291015625,89.85785675048828,115.10603332519531,1407.4071044921875,1.0
1771105509.969206,48000,234.375,-18.26213983215544,0,0,356.0487365722656,177.28854370117188,2591.212646484375,90.8070297241211,115.10603332519531,1357.5633544921875,1.0
1771105510.0197716,48000,93.75,-17.52475691457416,0,0,359.78338623046875,208.14871215820312,3356.765625,91.76419067382812,115.10603332519531,1313.8729248046875,1.0
1771105510.1149461,48000,1968.75,-18.592873222269876,0,0,370.3160400390625,227.06170654296875,4906.6494140625,95.38166809082031,115.10603332519531,1154.6541748046875,1.0
1771105510.159795,48000,1968.75,-18.156577153806154,0,0,378.6741638183594,227.06170654296875,5030.56884765625,97.9771499633789,115.10603332519531,1042.8709716796875,1.0
1771105510.2076678,48000,0.0,-21.36725897617645,0,0,398.4712829589844,165.46929931640625,3213.5107421875,101.37580108642578,114.86441040039062,818.4578247070312,1.0
1771105510.2495866,48000,93.75,-22.025216968974913,0,0,400.0544128417969,165.46929931640625,3043.031005859375,103.07259368896484,109.59514617919922,671.8178100585938,1.0
1771105510.3163772,48000,984.375,-19.44818687710798,1,0,401.0389404296875,165.46929931640625,2949.98388671875,104.54000854492188,95.97541046142578,541.7628173828125,1.0
1771105510.3891828,48000,93.75,-15.604356950164163,0,0,406.41705322265625,164.03546142578125,1953.52490234375,105.74361419677734,73.64600372314453,444.2854919433594,1.0
1771105510.4340928,48000,93.75,-18.788825096923215,0,0,393.14300537109375,133.56796264648438,1270.3214111328125,105.07209777832031,74.22296905517578,472.1361389160156,1.0
1771105510.4814718,48000,46.875,-17.538253259235724,0,0,383.2361145019531,91.3997802734375,886.38427734375,103.90520477294922,74.22296905517578,480.8779296875,1.0
1771105510.5293667,48000,46.875,-22.07211389539598,0,0,373.5365295410156,91.3997802734375,692.5374145507812,101.7336654663086,74.22296905517578,472.54461669921875,1.0
1771105510.5732317,48000,281.25,-14.037577632545785,0,0,367.0162658691406,84.41836547851562,519.7743530273438,100.55252838134766,74.22296905517578,436.6741638183594,1.0
1771105510.620107,48000,1640.625,-17.599987450789985,0,0,364.30657958984375,84.41836547851562,551.4042358398438,99.43840026855469,74.22296905517578,389.26458740234375,1.0
1771105510.6670096,48000,656.25,-17.30628358887047,0,0,365.19403076171875,77.97149658203125,509.6198425292969,98.24533081054688,71.47400665283203,327.2864074707031,1.0
1771105510.7168763,48000,46.875,-21.994332342121016,0,0,355.7576904296875,107.21096801757812,724.489501953125,95.27362823486328,62.82457733154297,233.9075164794922,1.0
1771105510.7722955,48000,93.75,-22.416691628947415,0,0,346.5321044921875,93.50201416015625,498.78228759765625,93.60130310058594,52.79296875,203.69122314453125,1.0
1771105510.8642719,48000,46.875,-15.553536254732705,0,0,365.5168151855469,158.28305053710938,2386.814697265625,92.8544692993164,46.85797882080078,186.1430206298828,1.0
1771105510.9077396,48000,281.25,-17.672302500737477,0,0,377.02978515625,160.14495849609375,2983.162109375,92.00176239013672,46.85797882080078,166.06138610839844,1.0
1771105510.9536173,48000,281.25,-17.672302500737477,0,0,379.4115905761719,160.14495849609375,2979.37744140625,91.3581314086914,45.064353942871094,156.76661682128906,1.0
1771105510.9971316,48000,328.125,-19.869323366565016,0,0,383.72265625,160.14495849609375,2819.8486328125,89.3421859741211,48.90757751464844,143.64431762695312,1.0
1771105511.0469646,48000,328.125,-12.742033264984327,0,0,383.1092529296875,160.14495849609375,2869.4609375,87.97438049316406,48.90757751464844,140.12620544433594,1.0
1771105511.092932,48000,93.75,-13.906734805807083,0,0,389.2151794433594,160.14495849609375,2502.677734375,87.31330871582031,48.90757751464844,144.91729736328125,1.0
1771105511.1398082,48000,140.625,-17.97744244516205,0,0,399.48577880859375,119.73394775390625,1597.09521484375,87.19535827636719,48.90757751464844,145.2228240966797,1.0
1771105511.1876884,48000,1453.125,-15.051617079163641,0,0,395.0550537109375,119.73394775390625,1437.72998046875,87.54694366455078,48.90757751464844,151.19866943359375,1.0
1771105511.2582765,48000,1500.0,-17.266986392436728,1,0,376.4201354980469,145.33834838867188,1242.5548095703125,89.37639617919922,49.63557434082031,176.7216339111328,1.0
1771105511.3230784,48000,46.875,-16.324388641526177,0,0,377.5464782714844,127.52044677734375,1266.2203369140625,91.02363586425781,49.63557434082031,199.20652770996094,1.0
1771105511.369953,48000,1171.875,-17.083954787092996,0,0,381.63531494140625,127.52044677734375,1421.9146728515625,91.26712799072266,49.63557434082031,205.0570831298828,1.0
1771105511.4238093,48000,46.875,-20.72221289122288,0,0,385.2828369140625,127.52044677734375,1298.020751953125,91.17478942871094,49.63557434082031,201.7685089111328,1.0
1771105511.4670675,48000,375.0,-18.6965145832389,0,0,379.01318359375,131.65225219726562,1666.5377197265625,91.14341735839844,49.63557434082031,198.29766845703125,1.0
1771105511.5279045,48000,375.0,-19.782834200167727,0,0,360.5797424316406,166.41677856445312,2954.343017578125,92.26559448242188,49.63557434082031,213.20611572265625,1.0
1771105511.6202314,48000,46.875,-12.972222682088441,0,0,395.8300476074219,267.1571960449219,6169.62646484375,92.17691802978516,51.694427490234375,223.37889099121094,1.0
1771105511.6976252,48000,140.625,-18.395810046337324,0,0,407.6799621582031,267.1571960449219,7504.1875,91.35198211669922,57.076847076416016,263.0122985839844,1.0
1771105511.748517,48000,93.75,-18.432668505399658,0,0,409.3744201660156,267.1571960449219,7582.54150390625,90.85892486572266,57.076847076416016,278.29925537109375,1.0
1771105511.7924016,48000,656.25,-18.20857836390691,0,0,411.1571044921875,267.1571960449219,7469.87939453125,90.95462799072266,57.076847076416016,277.8403625488281,1.0
1771105511.8472254,48000,656.25,-17.25112475135809,0,0,422.0115051269531,267.1571960449219,6206.287109375,91.72013092041016,57.23323440551758,295.2987365722656,1.0
1771105511.89044,48000,2015.625,-17.0711687885682,0,0,434.05792236328125,267.1571960449219,4002.638916015625,92.467529296875,67.45420837402344,330.61895751953125,1.0
1771105511.93931,48000,1968.75,-16.900503671927844,0,0,435.9833679199219,178.58169555664062,2971.98779296875,93.24080657958984,71.31236267089844,369.9619140625,1.0
1771105511.9802344,48000,281.25,-20.554323362307365,0,0,419.4723205566406,183.85189819335938,2716.97314453125,94.54936218261719,72.22088623046875,404.61920166015625,1.0
1771105512.0320616,48000,140.625,-6.728703680624061,0,0,409.5267333984375,152.99371337890625,2047.47802734375,95.998291015625,72.22088623046875,403.0065612792969,1.0
1771105512.0779676,48000,46.875,-14.869968968730447,0,0,418.488525390625,219.58694458007812,4082.825439453125,96.63729095458984,72.22088623046875,401.09796142578125,1.0
1771105512.1270604,48000,46.875,-18.735656676903957,0,0,430.5501708984375,225.67257690429688,6011.880859375,96.42050170898438,72.22088623046875,400.92218017578125,1.0
1771105512.1679795,48000,46.875,-15.822415481783096,0,0,442.2184143066406,225.67257690429688,6245.396484375,95.57044982910156,72.22088623046875,412.1387634277344,1.0
1771105512.2158227,48000,46.875,-21.33580510386841,0,0,441.3100891113281,225.67257690429688,6342.970703125,95.3118667602539,72.22088623046875,419.22967529296875,1.0
1771105512.2636955,48000,515.625,-23.85901930803093,0,0,433.6885070800781,273.2222900390625,7555.09912109375,95.17658233642578,72.22088623046875,424.6431884765625,1.0
1771105512.3086028,48000,93.75,-18.77557678145454,0,0,425.0959777832031,279.638916015625,8943.38671875,95.2186050415039,72.22088623046875,422.56671142578125,1.0
1771105512.3554497,48000,140.625,-16.96604723020289,0,0,419.6951599121094,282.03533935546875,9865.1865234375,95.21043395996094,72.22088623046875,423.0358581542969,1.0
1771105512.40136,48000,515.625,-21.346505537135627,0,0,414.22955322265625,288.459228515625,10811.2900390625,95.03777313232422,72.22088623046875,429.5771484375,1.0
1771105512.4503052,48000,93.75,-18.290966845421966,0,0,372.0876159667969,309.5220642089844,8386.0166015625,93.85578918457031,72.22088623046875,452.6642761230469,1.0
1771105512.5081055,48000,140.625,-6.8184111739756315,0,0,350.1734313964844,226.72012329101562,4670.294921875,92.75772857666016,72.22088623046875,447.6886901855469,1.0
1771105512.55501,48000,93.75,-14.589804473255699,0,0,348.6260681152344,228.84140014648438,4259.54833984375,91.97599029541016,72.22088623046875,430.2710876464844,1.0
1771105512.6387565,48000,0.0,-18.927078085913166,0,0,375.0133056640625,228.84140014648438,6927.099609375,90.6604232788086,72.22088623046875,408.2100524902344,1.0
1771105512.691722,48000,46.875,-20.443901426761247,0,0,382.2275695800781,228.84140014648438,6423.68603515625,89.91397094726562,72.22088623046875,403.1036376953125,1.0
1771105512.78647,48000,93.75,-20.951818732609038,0,0,383.9312744140625,228.84140014648438,6197.48046875,88.88288116455078,72.22088623046875,380.51300048828125,1.0
1771105512.8303893,48000,328.125,-15.858183987159514,0,0,392.1768493652344,214.01263427734375,5205.22802734375,88.1221694946289,72.22088623046875,365.3535461425781,1.0
1771105512.877259,48000,328.125,-15.858183987159514,0,0,395.74517822265625,204.19140625,4511.37744140625,88.59361267089844,72.22088623046875,361.7529602050781,1.0
1771105512.9181771,48000,93.75,-16.785037716357824,0,0,382.9766845703125,194.23812866210938,3515.383544921875,89.85955047607422,72.16676330566406,342.85540771484375,1.0
1771105512.9680748,48000,140.625,-15.447631639771611,0,0,371.2052307128906,186.44989013671875,2227.86328125,91.33305358886719,68.41160583496094,321.52105712890625,1.0
1771105513.013037,48000,1453.125,-13.02489588504763,0,0,361.7756042480469,112.3924560546875,1078.6549072265625,93.06675720214844,65.22809600830078,320.2690124511719,1.0
1771105513.058944,48000,1453.125,-13.02489588504763,1,0,355.83551025390625,101.07321166992188,927.2012939453125,94.72721862792969,65.22809600830078,335.8741455078125,1.0
1771105513.1052918,48000,375.0,-15.177927845723552,0,0,354.0447082519531,101.07321166992188,962.5821533203125,95.4012680053711,65.22809600830078,349.1688232421875,1.0
1771105513.1649137,48000,750.0,-16.94299611017105,0,0,352.9420166015625,101.07321166992188,1050.266845703125,95.43795776367188,65.22809600830078,349.16143798828125,1.0
1771105513.2459233,48000,1171.875,-16.424614485490167,0,0,337.38916015625,117.47116088867188,1635.55615234375,94.75444793701172,58.01780700683594,308.5197448730469,1.0
1771105513.29234,48000,750.0,-13.987833168216486,0,0,334.35400390625,128.20962524414062,1655.89501953125,94.9911117553711,64.3261489868164,322.62249755859375,1.0
1771105513.3392115,48000,93.75,-15.70753479364856,0,0,342.5484619140625,162.34320068359375,2742.019287109375,95.11129760742188,64.3261489868164,326.68646240234375,1.0
1771105513.3861923,48000,281.25,-14.573569711797337,0,0,350.5096740722656,176.15481567382812,3891.50341796875,95.41921997070312,64.3261489868164,331.3939514160156,1.0
1771105513.4370556,48000,281.25,-20.86070537717404,0,0,355.57916259765625,176.15481567382812,4057.3623046875,95.37533569335938,64.3261489868164,333.4114685058594,1.0
1771105513.480939,48000,328.125,-17.503659731281573,0,0,355.8042297363281,176.15481567382812,4045.0234375,95.4647445678711,64.3261489868164,330.77105712890625,1.0
1771105513.5337734,48000,656.25,-15.83721430146976,0,0,352.7432556152344,193.39865112304688,4444.662109375,96.07559204101562,64.3261489868164,316.9548645019531,1.0
1771105513.5777152,48000,328.125,-13.923448772919162,0,0,350.9658508300781,193.39865112304688,4700.26953125,97.45848846435547,62.4222412109375,281.54583740234375,1.0
1771105513.6255589,48000,609.375,-16.452774371468763,0,0,351.6217041015625,193.39865112304688,4631.10693359375,98.791748046875,61.23756408691406,263.1058654785156,1.0
1771105513.6684446,48000,609.375,-18.33426173910754,0,0,340.7038269042969,198.74862670898438,5135.29443359375,100.01761627197266,61.23756408691406,242.29327392578125,1.0
1771105513.716316,48000,375.0,-19.906389273841818,0,0,317.2780456542969,235.86500549316406,4801.73486328125,101.08132934570312,61.23756408691406,215.4347381591797,1.0
1771105513.7612245,48000,187.5,-11.368895051488249,0,0,307.11614990234375,217.56752014160156,3470.987060546875,102.29053497314453,55.29438018798828,191.12542724609375,1.0
1771105513.807818,48000,46.875,-17.146593600940943,0,0,321.8201599121094,265.16265869140625,6960.0849609375,102.20124816894531,55.29438018798828,194.81875610351562,1.0
1771105513.8557196,48000,46.875,-17.146593600940943,0,0,327.0204772949219,265.16265869140625,7639.525390625,101.76932525634766,60.26568603515625,210.2878875732422,1.0
1771105513.9036453,48000,328.125,-24.111239925042792,0,0,337.9271240234375,265.16265869140625,7661.783203125,100.42626190185547,68.56239318847656,271.5695495605469,1.0
1771105513.96877,48000,750.0,-24.3366090280364,1,0,336.1706848144531,265.16265869140625,7985.19287109375,99.13121032714844,73.42906188964844,344.65789794921875,1.0
1771105514.043569,48000,328.125,-29.701533162091014,0,0,321.0776672363281,316.0537109375,10881.0166015625,97.01477813720703,84.7896499633789,454.31146240234375,1.0
1771105514.0894752,48000,93.75,-9.140673957969945,0,0,351.73187255859375,316.0537109375,11388.48828125,94.85486602783203,87.64244079589844,574.6703491210938,1.0
1771105514.1363523,48000,46.875,-13.949353078256737,0,0,366.1310729980469,333.71026611328125,12754.3603515625,93.67537689208984,87.64244079589844,624.6319580078125,1.0
1771105514.1872146,48000,46.875,-15.46563221969733,0,0,367.36590576171875,341.9158630371094,13088.5732421875,93.05546569824219,87.64244079589844,634.2388305664062,1.0
1771105514.2370713,48000,1640.625,-16.905501816435667,0,0,369.9554443359375,341.9158630371094,13626.126953125,92.89720916748047,87.64244079589844,632.735107421875,1.0
1771105514.2809348,48000,1312.5,-13.372620722928515,0,0,392.6019287109375,380.2713928222656,15991.908203125,93.28843688964844,87.64244079589844,650.9227294921875,1.0
1771105514.3290446,48000,1312.5,-13.372620722928515,0,0,412.3128662109375,380.2713928222656,14861.580078125,94.08935546875,109.8968505859375,719.3023681640625,1.0
1771105514.373924,48000,1312.5,-11.123220829190807,0,0,439.7825927734375,380.2713928222656,10345.6474609375,95.51831817626953,117.14987182617188,840.5980834960938,1.0
1771105514.4208283,48000,1546.875,-17.565249372351005,0,0,467.8454284667969,212.67916870117188,1890.7838134765625,96.77143096923828,117.14987182617188,942.3885498046875,1.0
1771105514.4691312,48000,1546.875,-17.31460523867137,0,0,468.55609130859375,164.51608276367188,1436.9022216796875,97.72923278808594,117.14987182617188,1016.2393798828125,1.0
1771105514.514011,48000,1593.75,-20.84606206843528,0,0,459.1702880859375,178.1512451171875,1942.0435791015625,98.32642364501953,117.14987182617188,1053.9637451171875,1.0
1771105514.5579224,48000,93.75,-16.479883978663302,0,0,447.5501403808594,178.1512451171875,1727.23876953125,97.78972625732422,117.14987182617188,1033.995849609375,1.0
1771105514.6047976,48000,46.875,-16.907085403715367,0,0,438.8297424316406,178.1512451171875,1801.5877685546875,97.50554656982422,117.14987182617188,1026.6173095703125,1.0
1771105514.6526406,48000,1453.125,-17.298828132657345,0,0,421.7289123535156,104.96603393554688,1119.9361572265625,97.76236724853516,117.14987182617188,1034.4761962890625,1.0
1771105514.6987386,48000,750.0,-14.197406012754584,0,0,412.45648193359375,104.96603393554688,1059.0843505859375,99.09038543701172,117.14987182617188,1059.9664306640625,1.0
1771105514.7455852,48000,703.125,-16.981609319867285,0,0,402.0696716308594,113.15594482421875,911.1460571289062,100.76384735107422,117.14987182617188,1067.1505126953125,1.0
1771105514.7923186,48000,656.25,-16.42023430972813,0,0,388.6242980957031,126.73269653320312,1149.0404052734375,102.04572296142578,117.14987182617188,1078.8443603515625,1.0
1771105514.8431823,48000,93.75,-13.80608040912283,0,0,379.01312255859375,126.73269653320312,1269.2652587890625,103.31092071533203,117.14987182617188,1093.55517578125,1.0
1771105514.8900573,48000,93.75,-13.80608040912283,1,0,376.02716064453125,126.73269653320312,1154.439208984375,103.80936431884766,117.14987182617188,1103.2911376953125,1.0
1771105514.9449112,48000,1640.625,-16.05133407442277,0,0,368.6863098144531,86.8426513671875,632.9772338867188,104.25678253173828,117.14987182617188,1115.848876953125,1.0
1771105514.9884324,48000,1640.625,-16.103710367290358,0,0,365.41790771484375,105.96966552734375,679.8038330078125,105.45568084716797,117.14987182617188,1144.8406982421875,1.0
1771105515.0292938,48000,93.75,-15.595805355732423,0,0,372.5447998046875,123.57015991210938,1171.36962890625,106.2794189453125,117.14987182617188,1170.7647705078125,1.0
1771105515.0731766,48000,1734.375,-16.38240343219857,0,0,374.57073974609375,123.57015991210938,1221.482421875,107.7055892944336,117.14987182617188,1185.679443359375,1.0
1771105515.1200523,48000,46.875,-15.673404046531198,0,0,377.4241943359375,123.57015991210938,1230.1324462890625,109.55936431884766,117.14987182617188,1162.113037109375,1.0
1771105515.1729093,48000,750.0,-14.363636383437745,0,0,379.7891845703125,116.70184326171875,1025.7281494140625,112.08511352539062,117.14987182617188,1126.7169189453125,1.0
1771105515.2147977,48000,1593.75,-14.296909533643392,0,0,378.8621520996094,128.31448364257812,1126.3790283203125,115.20549011230469,117.14987182617188,1086.5279541015625,1.0
1771105515.2656617,48000,1593.75,-14.235588936872212,0,0,364.5967712402344,156.91607666015625,2134.638916015625,120.02693176269531,117.14987182617188,976.1168823242188,1.0
1771105515.3085473,48000,140.625,-17.27834200603324,0,0,353.599365234375,173.19479370117188,2885.051025390625,122.50358581542969,117.14987182617188,800.7359619140625,1.0
1771105515.3570392,48000,93.75,-21.141714904101875,0,0,346.5220031738281,173.19479370117188,3218.989501953125,124.31238555908203,117.14987182617188,625.9275512695312,1.0
1771105515.401427,48000,750.0,-18.259838158995812,0,0,333.06036376953125,162.59292602539062,2373.031494140625,126.14019012451172,101.00233459472656,441.81085205078125,1.0
1771105515.4503405,48000,93.75,-18.13773585687526,0,0,322.0498046875,144.77777099609375,1574.919189453125,127.35096740722656,79.37520599365234,337.3460388183594,1.0
1771105515.4955013,48000,2203.125,-21.450725531072003,0,0,313.6717224121094,111.10198974609375,746.9352416992188,127.6576919555664,66.77970123291016,314.6149597167969,1.0
1771105515.5413797,48000,750.0,-17.99227257965653,0,0,313.8865051269531,95.52459716796875,726.2872924804688,126.84764862060547,67.2145004272461,348.7552185058594,1.0
1771105515.590248,48000,93.75,-18.438119717576015,0,0,318.5003662109375,101.4693603515625,983.8295288085938,125.66624450683594,67.2145004272461,366.9044189453125,1.0
1771105515.6371229,48000,140.625,-14.144618962070039,0,0,328.61517333984375,123.31399536132812,1378.744873046875,123.83769226074219,67.2145004272461,356.51153564453125,1.0
1771105515.6880496,48000,750.0,-17.025185974703035,0,0,346.7478332519531,101.50814819335938,1196.88037109375,121.28800201416016,65.01058197021484,309.27117919921875,1.0
1771105515.7299092,48000,2156.25,-19.043522958434874,0,0,354.6983642578125,92.1456298828125,853.7001342773438,120.10724639892578,65.01058197021484,281.5263671875,1.0
1771105515.790747,48000,2156.25,-19.043522958434874,1,0,366.4992980957031,164.92703247070312,1248.8045654296875,119.48041534423828,65.01058197021484,270.51202392578125,1.0
1771105515.8711083,48000,375.0,-14.75634597679662,0,0,402.37493896484375,133.8568115234375,2492.382568359375,119.29905700683594,65.01058197021484,271.43829345703125,1.0
1771105515.9159882,48000,421.875,-13.287303596572468,0,0,418.17315673828125,143.94647216796875,3043.054931640625,119.30735778808594,65.01058197021484,271.0676574707031,1.0
1771105515.96686,48000,421.875,-14.109625784028593,0,0,438.7752990722656,143.94647216796875,3021.26123046875,118.40811157226562,65.01058197021484,274.63427734375,1.0
1771105516.0147245,48000,468.75,-14.686337575274955,0,0,443.8898620605469,143.94647216796875,2746.882568359375,117.50128936767578,65.01058197021484,283.0785827636719,1.0
1771105516.0635936,48000,421.875,-21.909316916447775,0,0,441.8760986328125,151.6575927734375,3058.132568359375,116.28563690185547,70.40953826904297,306.8128662109375,1.0
1771105516.109471,48000,93.75,-20.721247370793098,0,0,435.7655029296875,180.6373291015625,4123.4912109375,115.10111236572266,75.09833526611328,337.1025390625,1.0
1771105516.1563451,48000,281.25,-22.99439866734792,0,0,429.2384338378906,201.72915649414062,5468.875,113.67670440673828,81.11117553710938,376.0848083496094,1.0
1771105516.1986582,48000,93.75,-18.419911584888027,0,0,397.1845397949219,221.41854858398438,7306.15087890625,111.04560852050781,89.54024505615234,456.2757873535156,1.0
1771105516.2476606,48000,93.75,-18.419911584888027,0,0,386.9903259277344,221.41854858398438,7564.29150390625,110.1527328491211,89.54024505615234,472.4911804199219,1.0
1771105516.292571,48000,93.75,-18.861604944601616,0,0,370.1610412597656,220.47164916992188,5456.236328125,107.39551544189453,89.54024505615234,505.6211853027344,1.0
1771105516.3394156,48000,93.75,-15.350145655055256,0,0,360.26055908203125,194.19546508789062,3717.0166015625,105.04576110839844,96.40840148925781,534.741943359375,1.0
1771105516.385293,48000,93.75,-21.86157639622007,0,0,352.3521423339844,142.73007202148438,2630.5166015625,102.62809753417969,100.5047607421875,577.2463989257812,1.0
1771105516.438551,48000,562.5,-20.91804702048876,0,0,340.76446533203125,142.73007202148438,2398.688720703125,98.853759765625,100.5047607421875,579.4412841796875,1.0
1771105516.4790425,48000,281.25,-17.47957652396301,0,0,338.7579345703125,142.73007202148438,2495.0087890625,95.55139923095703,104.44752502441406,531.2251586914062,1.0
1771105516.5398798,48000,468.75,-21.355848320875577,0,0,338.66357421875,142.73007202148438,2501.893310546875,92.0,95.150390625,449.67913818359375,1.0
1771105516.5869462,48000,328.125,-27.70322344370574,0,0,334.0641174316406,192.0382537841797,3170.0283203125,88.95101928710938,80.53030395507812,445.14935302734375,1.0
1771105516.6285212,48000,656.25,-17.252152869109945,0,0,315.9297790527344,227.3907012939453,5481.21337890625,85.90202331542969,85.36627197265625,507.7118835449219,1.0
1771105516.7187362,48000,656.25,-16.373503577663083,1,0,262.2313232421875,243.66773986816406,5316.91064453125,84.0455322265625,85.36627197265625,497.61724853515625,1.0
1771105516.7725923,48000,656.25,-16.438667555486063,0,0,235.2212677001953,193.1055145263672,4226.33251953125,83.77200317382812,85.36627197265625,492.82476806640625,1.0
1771105516.8214614,48000,375.0,-16.862376618268232,0,0,206.09107971191406,172.20384216308594,3668.4755859375,83.27311706542969,85.36627197265625,484.7510070800781,1.0
1771105516.8624396,48000,375.0,-17.03088719736956,0,0,197.51979064941406,172.20384216308594,3257.773193359375,82.82561492919922,85.36627197265625,481.7961120605469,1.0
1771105516.9089336,48000,375.0,-18.68659230020792,0,0,170.86683654785156,125.70985412597656,1208.269775390625,80.9104995727539,85.36627197265625,484.9230651855469,1.0
1771105516.9996908,48000,375.0,-15.723126942695968,0,0,153.07843017578125,55.88861083984375,226.81874084472656,76.91109466552734,85.36627197265625,487.6550598144531,1.0
1771105517.0415785,48000,375.0,-18.394436600920155,0,0,147.42376708984375,48.36811828613281,115.21131896972656,74.27477264404297,76.134765625,466.0047607421875,1.0
1771105517.0914457,48000,562.5,-32.14191213154568,0,0,139.13275146484375,74.76268768310547,309.0616455078125,71.6695327758789,78.13258361816406,455.22943115234375,1.0
1771105517.139317,48000,421.875,-32.989582780585316,0,0,124.580078125,94.54660034179688,1002.404296875,67.73385620117188,84.55821990966797,471.47802734375,1.0
1771105517.184228,48000,421.875,-32.989582780585316,0,0,119.82205200195312,100.19703674316406,1268.150146484375,66.3009262084961,87.09383392333984,475.8825988769531,1.0
1771105517.2291079,48000,468.75,-28.238986741545816,0,0,104.13703155517578,100.69000244140625,1670.76220703125,62.07376480102539,81.60182189941406,454.79937744140625,1.0
1771105517.27601,48000,468.75,-30.46547660961343,0,0,93.30064392089844,106.57612609863281,1739.3839111328125,59.38446807861328,73.55955505371094,439.03900146484375,1.0
1771105517.3223946,48000,468.75,-33.40711287683068,0,0,82.1313705444336,114.75286865234375,1706.4715576171875,57.00360107421875,71.13236999511719,444.0503234863281,1.0
1771105517.3712635,48000,515.625,-35.981512970887024,0,0,69.31208038330078,121.35003662109375,1350.11083984375,54.722511291503906,73.40550231933594,455.7239074707031,1.0
1771105517.4191663,48000,468.75,-43.924329505677534,0,0,49.779720306396484,83.45703887939453,440.48046875,51.43436050415039,79.17437744140625,489.6451721191406,1.0
1771105517.4650435,48000,8718.75,-41.39503747852922,0,0,41.290897369384766,54.843231201171875,245.96983337402344,49.46073532104492,80.1490478515625,523.2466430664062,1.0
1771105517.5214849,48000,328.125,-15.224725686684568,0,0,41.023136138916016,57.98680877685547,240.5271759033203,47.92654037475586,80.1490478515625,522.2825927734375,1.0
1771105517.5703266,48000,328.125,-16.259849427354204,0,0,51.52332305908203,115.22919464111328,1097.207275390625,45.792972564697266,80.1490478515625,491.3929748535156,1.0
1771105517.6571329,48000,281.25,-29.605802827426228,1,0,61.83604431152344,115.22919464111328,1470.0748291015625,43.553123474121094,80.1490478515625,489.22607421875,1.0
1771105517.6990843,48000,10500.0,-41.84138690321966,0,0,64.00646209716797,115.22919464111328,1411.42333984375,42.23965835571289,80.1490478515625,488.8954772949219,1.0
1771105517.7529447,48000,11062.5,-40.65276179372475,0,0,64.91812896728516,115.22919464111328,1360.6759033203125,40.896812438964844,80.1490478515625,496.06298828125,1.0
1771105517.797821,48000,656.25,-43.54193311025139,0,0,65.29254150390625,115.22919464111328,1332.461181640625,39.58572769165039,80.1490478515625,511.73284912109375,1.0
1771105517.8436973,48000,656.25,-14.959382876616864,0,0,67.68289184570312,112.35954284667969,1168.622314453125,38.75112533569336,80.1490478515625,519.5729370117188,1.0
1771105517.8876088,48000,656.25,-14.890034344329257,0,0,72.72684478759766,105.47398376464844,1045.8138427734375,39.560428619384766,80.1490478515625,541.1908569335938,1.0
1771105517.9375222,48000,656.25,-14.805185811927446,0,0,71.31655883789062,105.47398376464844,939.422607421875,40.20936965942383,80.1490478515625,579.6489868164062,1.0
1771105517.9833987,48000,656.25,-15.343118596527642,0,0,68.93830108642578,78.683837890625,725.8028564453125,40.483848571777344,80.1490478515625,601.1385498046875,1.0
1771105518.0283093,48000,328.125,-19.086831208974285,0,0,69.41799926757812,81.29417419433594,757.4463500976562,39.80908966064453,80.1490478515625,556.001953125,1.0
1771105518.0781767,48000,750.0,-48.6960070779243,0,0,68.84514617919922,81.29417419433594,761.3101806640625,37.3173828125,74.54588317871094,424.0367736816406,1.0
1771105518.1206193,48000,328.125,-30.871417422062976,0,0,69.06204223632812,81.29417419433594,747.918212890625,35.65956115722656,74.54588317871094,371.3584899902344,1.0
1771105518.16731,48000,328.125,-30.871417422062976,0,0,70.9651107788086,81.29417419433594,665.2684936523438,35.11851501464844,74.54588317871094,354.79534912109375,1.0
1771105518.2129016,48000,281.25,-18.042068068819283,0,0,79.83859252929688,66.83675384521484,418.49932861328125,34.593177795410156,74.54588317871094,336.4482421875,1.0
1771105518.267755,48000,281.25,-17.546842217057556,0,0,85.5362548828125,78.07770538330078,577.793212890625,35.10774230957031,74.54588317871094,354.6625671386719,1.0
1771105518.3566072,48000,562.5,-17.269185442404485,0,0,89.12564086914062,78.07770538330078,721.6220703125,37.56657409667969,74.54588317871094,454.14019775390625,1.0
1771105518.4160547,48000,562.5,-16.65998711738698,0,0,91.15310668945312,78.07770538330078,784.6392211914062,39.328487396240234,74.54588317871094,516.6953125,1.0
1771105518.4619155,48000,562.5,-17.017166291754464,0,0,97.55474090576172,84.03443908691406,783.25732421875,41.3554573059082,74.54588317871094,572.6834106445312,1.0
1771105518.5093417,48000,562.5,-16.882243592526446,0,0,111.21328735351562,63.76348114013672,285.396484375,44.41524887084961,74.56591033935547,646.8583984375,1.0
1771105518.576261,48000,281.25,-17.30300099545708,1,1,121.10231018066406,42.300514221191406,98.88030242919922,47.16598892211914,74.56591033935547,672.9094848632812,1.0
1771105518.6391628,48000,281.25,-18.717311019859967,0,0,126.6666259765625,28.660667419433594,96.36820983886719,49.15366744995117,74.56591033935547,639.8764038085938,1.0
1771105518.695013,48000,281.25,-16.766454768931233,0,0,128.92254638671875,28.660667419433594,99.93910217285156,50.19552230834961,74.56591033935547,602.6939086914062,1.0
1771105518.7379274,48000,281.25,-15.90817507483927,0,0,135.6011505126953,43.670692443847656,144.17242431640625,51.66645812988281,72.71406555175781,532.7401123046875,1.0
1771105518.783804,48000,281.25,-16.528958183776904,0,0,138.02389526367188,43.074737548828125,152.7277374267578,51.98921585083008,72.71406555175781,519.9760131835938,1.0
1771105518.8270013,48000,281.25,-16.46065957915719,0,0,144.5772247314453,36.064353942871094,148.2388458251953,52.50655746459961,72.71406555175781,504.45526123046875,1.0
1771105518.876896,48000,281.25,-16.10056626986923,0,0,148.79925537109375,35.70149230957031,136.4190673828125,52.8204345703125,72.71406555175781,493.4833679199219,1.0
1771105518.923781,48000,281.25,-15.474872139625788,0,0,153.15028381347656,34.654754638671875,135.27764892578125,53.105770111083984,72.71406555175781,481.8045349121094,1.0
1771105518.9706507,48000,281.25,-15.250094291675218,0,0,157.1611785888672,38.863555908203125,149.82655334472656,53.64937973022461,72.71406555175781,460.5975036621094,1.0
1771105519.0165272,48000,281.25,-16.148079409829656,0,0,160.31434631347656,38.863555908203125,138.08126831054688,54.76611328125,72.71406555175781,423.78680419921875,1.0
1771105519.059026,48000,656.25,-17.13377375292348,0,0,161.20094299316406,39.680145263671875,111.58049774169922,57.794742584228516,71.86360931396484,362.3649597167969,1.0
1771105519.1068962,48000,984.375,-16.98268649695052,0,0,159.70811462402344,39.680145263671875,153.1461944580078,60.04821014404297,68.16166687011719,352.6221923828125,1.0
1771105519.1537435,48000,984.375,-15.821354587289632,0,0,157.55909729003906,39.680145263671875,187.09185791015625,61.58156967163086,76.82335662841797,401.0655212402344,1.0
1771105519.1988046,48000,984.375,-16.343958310114004,0,0,155.8685760498047,39.680145263671875,201.873779296875,62.73956298828125,83.85165405273438,465.5238952636719,1.0
1771105519.2451484,48000,656.25,-16.37856822878034,0,0,153.68641662597656,39.680145263671875,210.6405487060547,63.655269622802734,86.86514282226562,528.9920043945312,1.0
1771105519.2910533,48000,656.25,-18.093378418150994,0,0,149.74925231933594,46.04789733886719,229.35983276367188,64.7271499633789,86.86514282226562,586.9620971679688,1.0
1771105519.3408926,48000,375.0,-16.58895018077695,0,0,143.13470458984375,45.11073303222656,129.4904022216797,66.73164367675781,86.86514282226562,596.1875610351562,1.0
1771105519.3997352,48000,375.0,-16.797084144421323,0,0,139.61146545410156,17.41571044921875,24.897682189941406,68.6569595336914,77.8113784790039,525.1165771484375,1.0
1771105519.4456124,48000,375.0,-17.950154535734434,0,0,139.65896606445312,17.41571044921875,25.184541702270508,69.03585052490234,75.528564453125,507.67620849609375,1.0
1771105519.4894953,48000,375.0,-17.467177487055068,1,0,140.29356384277344,17.41571044921875,25.30171775817871,69.15396118164062,75.528564453125,502.5563049316406,1.0
1771105519.5854113,48000,375.0,-39.0125628312229,0,0,134.9767608642578,51.762107849121094,153.28250122070312,67.55367279052734,82.67020416259766,566.1155395507812,1.0
1771105519.6312888,48000,562.5,-48.03689158792032,0,0,126.81845092773438,82.92521667480469,556.2866821289062,65.81240844726562,90.78785705566406,625.8694458007812,1.0
1771105519.677617,48000,375.0,-45.68829873428147,0,0,112.31454467773438,107.02670288085938,1491.652587890625,62.54741668701172,96.96755981445312,725.6757202148438,1.0
1771105519.7672791,48000,1125.0,-33.60089768152277,0,0,87.55982208251953,119.70463562011719,2252.375732421875,57.921730041503906,96.96755981445312,815.990234375,1.0
1771105519.8081965,48000,1171.875,-34.27571339224563,0,0,73.85626220703125,124.085205078125,2228.06591796875,55.63200378417969,97.21117401123047,848.444091796875,1.0
1771105519.8585196,48000,1171.875,-35.96157260008716,0,0,59.83760070800781,124.79622650146484,1867.919921875,53.58140182495117,98.76066589355469,888.8612060546875,1.0
1771105519.907436,48000,6843.75,-35.68707156878209,0,0,45.946346282958984,116.61851501464844,1209.980712890625,52.00840377807617,98.76066589355469,932.3818359375,1.0
1771105519.952316,48000,6703.125,-35.60862536771193,0,0,33.569053649902344,84.47713470458984,542.458984375,50.776649475097656,98.76066589355469,977.6057739257812,1.0
1771105519.9982235,48000,2062.5,-40.435768517396546,0,0,25.465272903442383,53.309669494628906,213.90057373046875,49.752262115478516,99.34977722167969,1022.1945190429688,1.0
1771105520.043105,48000,656.25,-16.18900402705546,0,0,26.75625228881836,65.16629028320312,304.73944091796875,49.776023864746094,99.34977722167969,1027.7999267578125,1.0
1771105520.0889828,48000,328.125,-17.274323768848713,0,0,33.15226745605469,90.39028930664062,758.4486083984375,50.47262954711914,99.34977722167969,1031.79296875,1.0
1771105520.1370878,48000,328.125,-16.831971291420416,0,0,42.23563003540039,105.6290512084961,1339.5518798828125,50.954246520996094,99.34977722167969,1030.67578125,1.0
1771105520.1829636,48000,328.125,-16.845129786767938,0,0,53.50666809082031,117.18441009521484,1908.892822265625,51.12126922607422,99.34977722167969,1027.266357421875,1.0
1771105520.2293591,48000,328.125,-16.257820093688338,0,0,66.42501831054688,127.86665344238281,2326.9736328125,51.0390625,99.34977722167969,1029.631591796875,1.0
1771105520.2791965,48000,328.125,-16.191874732034286,0,0,87.712890625,135.95423889160156,2392.471923828125,50.00233840942383,99.34977722167969,1048.679443359375,1.0
1771105520.323619,48000,656.25,-15.317232646285694,0,0,101.48917388916016,135.95423889160156,1790.75048828125,49.22602081298828,99.34977722167969,1031.2799072265625,1.0
1771105520.3874416,48000,656.25,-15.281313591114468,1,0,115.33377838134766,100.97608947753906,869.2767333984375,48.67616653442383,99.34977722167969,1000.1052856445312,1.0
1771105520.4282405,48000,328.125,-19.172361670762104,0,0,128.4776153564453,56.93146514892578,246.9185333251953,47.337913513183594,99.34977722167969,902.7119750976562,1.0
1771105520.5229878,48000,328.125,-23.547724355302663,0,0,131.0342559814453,43.559532165527344,134.8092041015625,43.63157653808594,97.72943115234375,633.9110717773438,1.0
1771105520.6133099,48000,328.125,-29.124043528384867,0,0,122.27201080322266,66.99207305908203,443.173828125,39.90497970581055,66.80855560302734,403.9393615722656,1.0
1771105520.6572218,48000,328.125,-47.47198873151304,0,0,107.61860656738281,96.51020812988281,938.1602783203125,37.537784576416016,62.38777160644531,347.9726257324219,1.0
1771105520.7049105,48000,3187.5,-50.941092089882616,0,0,102.08112335205078,104.19544982910156,1147.9700927734375,36.80024337768555,62.38777160644531,343.5293273925781,1.0
1771105520.746826,48000,2203.125,-45.8171601126284,0,0,83.51834869384766,119.86593627929688,1604.3746337890625,34.783790588378906,64.93335723876953,355.0130920410156,1.0
1771105520.7956955,48000,2203.125,-56.55033281971318,0,0,69.59522247314453,121.88902282714844,1575.495849609375,33.57451248168945,68.36652374267578,375.0227355957031,1.0
1771105520.843133,48000,93.75,-67.72945026823818,0,0,56.077274322509766,106.41373443603516,1359.9871826171875,32.52418899536133,70.76203155517578,400.4687805175781,1.0
1771105520.891356,48000,15281.25,-68.49407757459092,0,0,44.28807067871094,95.79398345947266,1137.34716796875,31.719913482666016,72.3021011352539,427.1903991699219,1.0
1771105520.9388435,48000,15281.25,-68.2231879400836,0,0,28.625186920166016,84.84700012207031,682.207763671875,30.90825080871582,73.56303405761719,461.2109680175781,1.0
1771105520.9838076,48000,140.625,-67.5782916607837,0,0,19.668479919433594,63.57100296020508,344.70849609375,30.436222076416016,74.0317153930664,482.1778259277344,1.0
1771105521.029357,48000,1875.0,-61.00894744573289,0,0,13.224003791809082,41.9336051940918,153.95774841308594,29.95003890991211,74.12657165527344,503.28424072265625,1.0
1771105521.074237,48000,1921.875,-55.75334787791992,0,0,8.971567153930664,28.048931121826172,70.01652526855469,29.470897674560547,74.12657165527344,523.6122436523438,1.0
1771105521.1201148,48000,1781.25,-57.658297162445706,0,0,6.133283615112305,18.877544403076172,30.84040069580078,29.031639099121094,74.12657165527344,542.195068359375,1.0
1771105521.1669881,48000,1921.875,-58.11005981584473,0,0,4.247048377990723,11.893341064453125,12.375276565551758,28.616825103759766,74.12657165527344,559.4806518554688,1.0
1771105521.2193844,48000,1781.25,-53.35926150195729,0,0,2.63885235786438,5.8607282638549805,2.7970924377441406,27.977794647216797,74.12657165527344,584.7691650390625,1.0
1771105521.2742577,48000,984.375,-55.60179148962017,0,0,2.0764880180358887,3.4099504947662354,0.8858727812767029,27.607877731323242,74.12657165527344,599.7418212890625,1.0
1771105521.317664,48000,15234.375,-67.9973685211923,0,0,1.6323813199996948,1.5799806118011475,0.14267095923423767,25.57074737548828,74.16426849365234,613.5419311523438,1.0
1771105521.3685627,48000,15234.375,-67.9973685211923,0,0,1.4557186365127563,1.1545977592468262,0.07183274626731873,23.487272262573242,74.47477722167969,581.700927734375,1.0
1771105521.4604783,48000,140.625,-60.53787754483856,0,0,1.251528263092041,0.8199347257614136,0.07883745431900024,20.226696014404297,74.77539825439453,556.9862060546875,1.0
1771105521.507352,48000,11062.5,-61.3112006598153,0,0,1.2043440341949463,0.8126574754714966,0.06937896460294724,19.060791015625,74.79126739501953,560.6483154296875,1.0
1771105521.5527546,48000,750.0,-27.86044901007117,0,0,2.0574145317077637,15.074502944946289,11.32094955444336,18.304285049438477,74.79126739501953,559.4785766601562,1.0
1771105521.5996287,48000,656.25,-14.738637468257302,0,0,11.493266105651855,77.44087219238281,488.64697265625,18.868261337280273,74.79126739501953,596.623291015625,1.0
1771105521.6873946,48000,656.25,-12.21609176703762,0,0,36.873451232910156,134.60975646972656,2289.195068359375,20.79776382446289,113.14389038085938,858.380615234375,1.0
1771105521.7362967,48000,656.25,-12.393764576469842,0,0,52.30833053588867,139.8535919189453,3089.304931640625,22.753814697265625,123.97486114501953,1135.05126953125,1.0
1771105521.783838,48000,656.25,-12.413690194541365,0,0,67.2286605834961,139.8535919189453,3335.477783203125,25.097551345825195,126.67034912109375,1437.5682373046875,1.0
1771105521.8308432,48000,375.0,-17.927650012625108,0,0,82.89395904541016,142.491943359375,3217.28271484375,26.902748107910156,126.67034912109375,1618.8155517578125,1.0
1771105521.8757226,48000,375.0,-17.586898798845844,0,0,99.66915130615234,156.28114318847656,2725.547119140625,28.1867733001709,126.67034912109375,1713.128173828125,1.0
1771105521.918608,48000,375.0,-14.255039119818589,0,0,128.78985595703125,149.51739501953125,1538.54638671875,30.03135108947754,126.67034912109375,1792.9947509765625,1.0
1771105521.9672701,48000,375.0,-21.354152460662824,0,0,143.31695556640625,109.68827056884766,874.7073974609375,31.28643035888672,126.67034912109375,1813.44921875,1.0
1771105522.0121498,48000,328.125,-28.9571984057423,0,0,149.9813995361328,78.64115142822266,463.6497802734375,32.38044738769531,126.67034912109375,1810.2464599609375,1.0
1771105522.058055,48000,234.375,-25.605937016708143,0,0,150.13861083984375,74.80187225341797,449.9416809082031,33.23273849487305,126.67034912109375,1792.4476318359375,1.0
1771105522.1049016,48000,234.375,-26.552971382814423,0,0,145.78469848632812,93.60298919677734,708.846923828125,33.90272521972656,126.67034912109375,1769.46728515625,1.0
1771105522.1513157,48000,234.375,-24.296821034499448,0,0,140.39224243164062,100.1130599975586,1036.0826416015625,34.420406341552734,126.67034912109375,1746.462158203125,1.0
1771105522.1991882,48000,421.875,-24.523231848767047,0,0,131.040771484375,106.5851821899414,1484.0731201171875,35.21263122558594,126.67034912109375,1707.8475341796875,1.0
1771105522.2580311,48000,421.875,-28.29491306426735,0,0,117.89165496826172,112.0855941772461,1585.3310546875,36.1927375793457,126.67034912109375,1660.052001953125,1.0
1771105522.3029418,48000,421.875,-28.29491306426735,0,0,111.54963684082031,120.200439453125,1457.8643798828125,36.52787780761719,126.67034912109375,1643.2242431640625,1.0
1771105522.3467932,48000,234.375,-29.430864415082837,0,0,91.6220474243164,94.96212005615234,635.994384765625,37.34281539916992,126.67034912109375,1598.57568359375,1.0
1771105522.3886817,48000,187.5,-35.16933172420926,0,0,81.29454040527344,73.69955444335938,366.1981201171875,37.728580474853516,126.67034912109375,1575.2618408203125,1.0
1771105522.4425683,48000,468.75,-31.836081308262187,0,0,73.4214859008789,56.01199722290039,273.3498229980469,38.083351135253906,126.67034912109375,1553.415283203125,1.0
1771105522.529376,48000,281.25,-25.352655496484203,1,0,67.0951156616211,37.60103225708008,188.2181854248047,39.51429748535156,126.67034912109375,1482.549072265625,1.0
1771105522.5792303,48000,328.125,-13.784735572751984,0,0,74.73970794677734,96.02699279785156,763.508544921875,41.60694885253906,126.67034912109375,1407.289306640625,1.0
1771105522.625141,48000,328.125,-16.19213522095872,0,0,78.53041076660156,105.56706237792969,1082.9405517578125,42.27641296386719,126.67034912109375,1379.5625,1.0
1771105522.6699932,48000,234.375,-25.08620270511084,0,0,87.27668762207031,105.56706237792969,1410.4632568359375,44.1275520324707,126.67034912109375,1291.4703369140625,1.0
1771105522.7358398,48000,234.375,-22.738759805092393,1,0,94.54351043701172,105.56706237792969,1311.6981201171875,46.2142448425293,126.67034912109375,1195.86083984375,1.0
1771105522.8101993,48000,234.375,-26.719195760027347,0,0,101.4002914428711,105.56706237792969,951.4659423828125,48.057376861572266,115.79591369628906,1096.214111328125,1.0
1771105522.8558838,48000,328.125,-25.314722699503612,0,0,106.33261108398438,95.7341079711914,621.3770141601562,48.83558654785156,115.79591369628906,1074.58642578125,1.0
1771105522.907716,48000,656.25,-17.500888950901746,1,0,112.8991928100586,63.937171936035156,352.5039978027344,48.89606857299805,115.79591369628906,1070.0516357421875,1.0
1771105522.9492095,48000,656.25,-17.428402436808184,0,0,111.87400817871094,63.937171936035156,326.5243835449219,48.14266586303711,115.79591369628906,1006.9823608398438,1.0
1771105523.0080552,48000,328.125,-16.80133886871137,0,0,109.85926055908203,51.486427307128906,213.64857482910156,45.11016845703125,115.79591369628906,752.0194091796875,1.0
1771105523.116231,48000,281.25,-16.86942684203354,1,0,120.0052490234375,85.82799530029297,682.7813720703125,40.24839782714844,75.55622100830078,412.1796569824219,1.0
1771105523.192998,48000,375.0,-27.416193656233002,0,0,135.44908142089844,89.0066146850586,774.630859375,37.37378692626953,71.26966857910156,310.96173095703125,1.0
1771105523.2388752,48000,421.875,-23.947893083839986,0,0,139.23458862304688,71.75680541992188,557.7373046875,35.81306838989258,71.26966857910156,285.89044189453125,1.0
1771105523.2867475,48000,656.25,-23.98794055929868,0,0,138.77845764160156,73.77246856689453,584.754150390625,35.625980377197266,71.26966857910156,282.7896423339844,1.0
1771105523.3283417,48000,281.25,-15.974545019633954,0,0,140.87513732910156,73.77246856689453,516.4624633789062,36.10236740112305,71.26966857910156,288.52276611328125,1.0
1771105523.3811357,48000,281.25,-14.9411721241286,0,0,142.65655517578125,73.77246856689453,503.1614685058594,36.98033905029297,71.26966857910156,293.6985168457031,1.0
1771105523.437984,48000,281.25,-13.729547627884264,1,0,146.23101806640625,73.77246856689453,608.4677124023438,38.824031829833984,71.26966857910156,290.3623352050781,1.0
1771105523.51777,48000,281.25,-15.174045571114025,0,0,150.64154052734375,94.47443389892578,915.1019897460938,41.22319412231445,71.26966857910156,280.2557678222656,1.0
1771105523.6382582,48000,281.25,-13.403652297853165,1,0,171.26373291015625,102.93643951416016,1115.19140625,43.9484748840332,71.26966857910156,241.6035614013672,1.0
1771105523.7030864,48000,281.25,-16.20010310878759,0,0,183.77496337890625,70.9412841796875,496.3318176269531,46.45382308959961,69.28083038330078,205.0548553466797,1.0
1771105523.7479918,48000,609.375,-15.539849958144787,0,0,187.18646240234375,56.72389221191406,281.7013244628906,48.69337844848633,65.6859359741211,209.07968139648438,1.0
1771105523.7928724,48000,281.25,-19.534922163506252,0,0,187.33615112304688,51.180023193359375,270.46026611328125,50.56242370605469,57.13203430175781,209.47894287109375,1.0
1771105523.8387525,48000,281.25,-18.728924783814943,0,0,183.26292419433594,56.354095458984375,425.63848876953125,51.86369705200195,57.13203430175781,213.98426818847656,1.0
1771105523.8853617,48000,281.25,-17.94451374229254,0,0,178.73361206054688,56.354095458984375,483.20166015625,52.52706527709961,57.13203430175781,214.80621337890625,1.0
1771105523.9472268,48000,281.25,-16.62577032413028,0,0,173.51150512695312,54.87080383300781,436.1600646972656,53.40027618408203,57.13203430175781,213.45855712890625,1.0
1771105523.9881492,48000,281.25,-15.898301357310888,0,0,166.73374938964844,49.655059814453125,242.8199920654297,54.8571662902832,57.13203430175781,207.62118530273438,1.0
1771105524.030037,48000,562.5,-17.78168703962123,0,0,161.29405212402344,47.07508850097656,124.25759887695312,55.99518585205078,57.13203430175781,216.92465209960938,1.0
1771105524.0769467,48000,609.375,-14.961712269661206,0,0,158.44171142578125,27.2752685546875,43.189353942871094,57.85901641845703,72.66783142089844,253.07266235351562,1.0
1771105524.1303117,48000,656.25,-13.448692476817376,0,0,159.1665496826172,32.11395263671875,61.89278030395508,59.86445617675781,83.57128143310547,329.3272399902344,1.0
1771105524.17622,48000,656.25,-14.208824737222482,0,0,161.48464965820312,35.22218322753906,96.2002944946289,61.41330337524414,89.88679504394531,425.7486877441406,1.0
1771105524.2226481,48000,656.25,-14.923905615148827,0,0,163.57177734375,35.22218322753906,103.58142852783203,62.69493865966797,91.2864990234375,518.9461669921875,1.0
1771105524.269507,48000,703.125,-18.988137996656327,0,0,165.16847229003906,35.22218322753906,84.4727554321289,65.01095581054688,91.2864990234375,636.1298828125,1.0
1771105524.315356,48000,375.0,-20.19669146842396,0,0,164.8736114501953,35.22218322753906,90.03406524658203,66.4832992553711,91.2864990234375,649.9166259765625,1.0
1771105524.361234,48000,375.0,-21.01157367610665,0,0,162.34698486328125,40.29095458984375,138.6894989013672,67.61991119384766,91.2864990234375,626.0368041992188,1.0
1771105524.4071434,48000,375.0,-17.27960045214064,0,0,161.45391845703125,40.29095458984375,152.29217529296875,68.44114685058594,91.2864990234375,595.4056396484375,1.0
1771105524.4530194,48000,375.0,-17.699924726539592,0,0,162.60818481445312,40.29095458984375,135.23040771484375,69.0667953491211,91.2864990234375,564.4251708984375,1.0
1771105524.4978707,48000,375.0,-18.980954400710495,0,0,160.4499969482422,40.29095458984375,113.32147979736328,69.79041290283203,86.90289306640625,516.8592529296875,1.0
1771105524.54674,48000,375.0,-20.25649345561044,0,0,159.02978515625,40.29095458984375,105.94442749023438,69.87618255615234,81.75723266601562,510.6377258300781,1.0
1771105524.5891645,48000,187.5,-28.94038285950977,0,0,150.1727752685547,58.86314392089844,228.23980712890625,69.05083465576172,95.3093490600586,566.9762573242188,1.0
1771105524.639031,48000,234.375,-30.030268184682313,0,0,142.0118408203125,76.36969757080078,531.8419189453125,67.93904876708984,101.59847259521484,642.7294921875,1.0
1771105524.684908,48000,187.5,-25.749530673776142,0,0,133.87960815429688,80.72356414794922,790.8966064453125,66.60413360595703,104.41378021240234,731.8523559570312,1.0
1771105524.7312973,48000,187.5,-21.0859693460915,0,0,128.23236083984375,80.72356414794922,885.2470703125,65.20475769042969,104.41378021240234,818.3403930664062,1.0
1771105524.7771838,48000,187.5,-19.751044883602425,0,0,123.90546417236328,80.72356414794922,902.277587890625,63.80377197265625,104.41378021240234,899.6808471679688,1.0
1771105524.8397074,48000,187.5,-21.99087764445907,0,0,111.86688995361328,78.2588119506836,534.9561767578125,61.222591400146484,104.41378021240234,1046.5521240234375,1.0
1771105524.9174843,48000,187.5,-19.143473240589312,1,0,105.98764038085938,56.316062927246094,196.90179443359375,59.29151153564453,104.73751831054688,1151.878662109375,1.0
1771105524.9683683,48000,187.5,-18.81024859829121,0,0,107.25028228759766,50.89844512939453,218.25341796875,56.816280364990234,105.01075744628906,1250.0531005859375,1.0
1771105525.0225432,48000,328.125,-15.836247764925922,0,0,115.67356872558594,91.06607818603516,514.197265625,55.23548889160156,105.01075744628906,1243.9683837890625,1.0
1771105525.0684202,48000,328.125,-14.879351256239177,0,0,126.39359283447266,91.23641967773438,785.431396484375,54.34412384033203,105.01075744628906,1226.5574951171875,1.0
1771105525.1143827,48000,328.125,-14.458936535475564,0,0,137.5794219970703,98.23395538330078,1135.0042724609375,53.75120544433594,105.01075744628906,1220.4134521484375,1.0
1771105525.1592634,48000,187.5,-22.832959536833478,0,0,148.25961303710938,96.01428985595703,1025.2294921875,52.79610824584961,105.01075744628906,1220.794189453125,1.0
1771105525.2071388,48000,187.5,-22.832959536833478,0,0,151.34811401367188,92.50106811523438,845.0711669921875,51.880455017089844,105.01075744628906,1222.272216796875,1.0
1771105525.2988935,48000,281.25,-30.210216097288036,0,0,147.53646850585938,113.51457214355469,1165.6033935546875,49.39051055908203,105.01075744628906,1221.38525390625,1.0
1771105525.3447993,48000,328.125,-15.808285657828058,0,0,142.89581298828125,124.94373321533203,1528.04833984375,47.57681655883789,105.01075744628906,1189.3067626953125,1.0
1771105525.3906486,48000,328.125,-19.100889438439083,0,0,138.46315002441406,124.94373321533203,1634.9796142578125,45.348567962646484,105.01075744628906,1086.5341796875,1.0
1771105525.439028,48000,328.125,-17.140578478121203,0,0,128.9658203125,124.94373321533203,1320.9749755859375,41.87910461425781,105.01075744628906,842.6553955078125,1.0
1771105525.5297906,48000,328.125,-15.158981524620383,0,0,121.01206970214844,86.99991607666016,595.982666015625,37.807010650634766,94.58367919921875,467.23583984375,1.0
1771105525.575663,48000,328.125,-14.551293753953551,0,0,123.59817504882812,94.26720428466797,780.0325317382812,36.30879211425781,74.40800476074219,337.8800354003906,1.0
1771105525.622537,48000,328.125,-15.752690377588989,0,0,129.70458984375,100.61722564697266,1013.3734741210938,35.40244674682617,57.05369567871094,277.8153991699219,1.0
1771105525.6694126,48000,328.125,-13.953251170541376,0,0,139.32241821289062,113.0274887084961,1186.7864990234375,34.89810562133789,46.13603210449219,253.04718017578125,1.0
1771105525.7142928,48000,328.125,-15.158822150437372,0,0,150.8213348388672,92.62297821044922,923.8501586914062,34.617366790771484,45.739097595214844,242.79095458984375,1.0
1771105525.761167,48000,328.125,-27.45550035823477,0,0,160.47393798828125,77.0198745727539,504.9928894042969,34.1732063293457,45.739097595214844,235.54391479492188,1.0
1771105525.8070452,48000,6468.75,-30.600297073000064,0,0,159.04856872558594,96.787353515625,658.6513061523438,33.86075210571289,45.739097595214844,235.73170471191406,1.0
1771105525.8688796,48000,8437.5,-34.47772804439918,0,0,145.8955841064453,140.1517791748047,2021.73779296875,33.68749237060547,45.739097595214844,238.29432678222656,1.0
1771105525.9137595,48000,10687.5,-42.12120274068535,0,0,133.6033935546875,147.84259033203125,2912.771728515625,33.87263488769531,45.739097595214844,234.44949340820312,1.0
1771105525.9984894,48000,890.625,-16.35501399518041,0,0,110.23269653320312,147.84259033203125,3035.177001953125,37.165103912353516,65.20252990722656,265.2727966308594,1.0
1771105526.0533552,48000,890.625,-16.898771846169375,0,0,96.74517822265625,146.83285522460938,2423.67529296875,39.50421142578125,73.54051208496094,317.8260498046875,1.0
1771105526.0982223,48000,890.625,-16.820130407519738,0,0,76.21713256835938,124.22696685791016,1006.4860229492188,43.31679153442383,79.5455322265625,405.09674072265625,1.0
1771105526.1431339,48000,890.625,-17.69920866883964,0,0,70.07328033447266,100.0959701538086,548.5166015625,44.62213134765625,79.87621307373047,430.2293395996094,1.0
1771105526.1880126,48000,796.875,-21.597731797813495,0,0,59.49325942993164,33.659393310546875,65.35702514648438,48.46326446533203,79.97830963134766,472.9626770019531,1.0
1771105526.2400038,48000,750.0,-23.159830986293642,0,0,57.85537338256836,27.996261596679688,53.27073287963867,50.69373321533203,79.53499603271484,459.4014587402344,1.0
1771105526.28192,48000,234.375,-25.73829171637676,0,0,59.08494567871094,17.327281951904297,32.9782829284668,52.250728607177734,75.3519058227539,435.1001281738281,1.0
1771105526.3278491,48000,234.375,-25.646756565861413,0,0,59.08909225463867,17.327281951904297,31.51059913635254,52.52034378051758,75.3519058227539,433.24908447265625,1.0
1771105526.3737276,48000,234.375,-28.043406009945254,0,0,57.95338439941406,16.043537139892578,21.223102569580078,52.178401947021484,75.3519058227539,437.20245361328125,1.0
1771105526.4165843,48000,1968.75,-51.34778217672661,0,0,54.10502624511719,27.243621826171875,39.03142547607422,51.293861389160156,75.3519058227539,463.56988525390625,1.0
1771105526.466451,48000,13312.5,-52.56858690977544,0,0,50.176353454589844,36.555572509765625,112.7162857055664,50.5223388671875,77.34706115722656,497.65631103515625,1.0
1771105526.5114617,48000,15281.25,-68.48096100139072,0,0,45.76762008666992,44.48902130126953,216.70945739746094,49.71158981323242,82.8178482055664,540.9502563476562,1.0
1771105526.5583062,48000,281.25,-55.96364661326329,0,0,44.32831954956055,55.003639221191406,296.49261474609375,49.03359603881836,84.64229583740234,579.0162353515625,1.0
1771105526.607208,48000,375.0,-17.000366522866937,0,0,69.05091094970703,240.9257049560547,4275.68212890625,49.185813903808594,84.64229583740234,574.9165649414062,1.0
1771105526.6580713,48000,375.0,-13.670919908236607,0,0,93.41014099121094,267.2873840332031,8407.9814453125,49.599979400634766,84.64229583740234,569.2198486328125,1.0
1771105526.6989934,48000,375.0,-13.80538136826786,0,0,118.72663116455078,277.2735595703125,11785.337890625,49.896053314208984,84.64229583740234,567.6705322265625,1.0
1771105526.756871,48000,375.0,-14.155996194851113,0,0,160.3335723876953,304.774658203125,15238.078125,49.93058395385742,84.64229583740234,567.9717407226562,1.0
1771105526.804909,48000,375.0,-14.104185522405627,0,0,176.26614379882812,317.1114807128906,15810.15234375,49.72206115722656,84.64229583740234,567.4169311523438,1.0
1771105526.882533,48000,375.0,-13.001746882261124,1,1,255.17605590820312,401.8173522949219,13988.85546875,48.89213562011719,84.64229583740234,564.501708984375,1.0
1771105526.9429317,48000,375.0,-13.393155574000401,0,0,324.6046447753906,339.28118896484375,6959.07275390625,48.66038131713867,84.64229583740234,563.691162109375,1.0
1771105526.990906,48000,140.625,-17.31708627759629,0,0,354.93780517578125,211.55523681640625,4988.17529296875,48.64439392089844,84.64229583740234,563.6968994140625,1.0
1771105527.0367644,48000,187.5,-17.846761999928816,0,0,375.5073547363281,181.47576904296875,3626.062255859375,48.90586853027344,84.64229583740234,558.9819946289062,1.0
1771105527.1265888,48000,140.625,-23.724140589975008,0,0,373.0652160644531,215.50521850585938,4204.94775390625,49.524410247802734,84.64229583740234,537.6361083984375,1.0
1771105527.169475,48000,375.0,-17.81644272167047,0,0,364.81024169921875,218.601806640625,5565.41650390625,50.126991271972656,84.64229583740234,512.5725708007812,1.0
1771105527.220906,48000,750.0,-15.693088314669337,0,0,353.38482666015625,218.601806640625,6757.78271484375,50.92656707763672,84.64229583740234,509.8185119628906,1.0
1771105527.2667828,48000,750.0,-16.500948577851496,0,0,336.1788635253906,218.601806640625,7371.6787109375,51.38359069824219,84.64229583740234,527.5711059570312,1.0
1771105527.3131657,48000,375.0,-16.154690886062617,0,0,315.0760192871094,218.601806640625,6561.35693359375,51.44321060180664,84.64229583740234,530.9666137695312,1.0
1771105527.359043,48000,375.0,-14.933799976416589,0,0,282.7587585449219,175.40460205078125,2807.255859375,50.857547760009766,84.64229583740234,493.5871276855469,1.0
1771105527.405156,48000,328.125,-18.174293438960277,0,0,267.16143798828125,112.8203125,829.3811645507812,49.87282180786133,84.64229583740234,440.0876770019531,1.0
1771105527.4500358,48000,93.75,-21.03861298336181,0,0,260.19342041015625,44.622650146484375,162.56234741210938,48.4654541015625,78.93172454833984,378.63836669921875,1.0
1771105527.4984689,48000,375.0,-15.91728829713881,0,0,265.7122802734375,96.98870849609375,616.977294921875,47.491939544677734,74.69113159179688,335.3731689453125,1.0
1771105527.5437915,48000,140.625,-16.671227753329752,0,0,280.8267822265625,150.5493621826172,1933.304443359375,47.30216598510742,74.69113159179688,326.2262878417969,1.0
1771105527.5896685,48000,93.75,-16.085888775375643,0,0,300.7171325683594,195.50376892089844,4070.240478515625,47.70088195800781,74.69113159179688,340.9427795410156,1.0
1771105527.6385374,48000,93.75,-20.56036462562325,0,0,332.9434814453125,207.4805908203125,6038.1884765625,48.73371887207031,74.69113159179688,355.6062927246094,1.0
1771105527.696415,48000,46.875,-22.789871132883537,0,0,349.0257568359375,203.8623504638672,5459.4345703125,49.253944396972656,74.69113159179688,344.9767150878906,1.0
1771105527.7412956,48000,46.875,-22.453213124049558,0,0,358.1890869140625,190.566162109375,4446.95751953125,49.72332000732422,74.69113159179688,325.0689392089844,1.0
1771105527.7891672,48000,93.75,-20.717253520958053,0,0,365.9097900390625,187.7799072265625,3340.868896484375,50.64583206176758,74.69113159179688,272.6716613769531,1.0
1771105527.8410637,48000,93.75,-21.8164640257465,1,0,368.8497619628906,159.16656494140625,2890.3212890625,51.6124382019043,55.575050354003906,224.0906219482422,1.0
1771105527.881954,48000,375.0,-15.36293498353724,0,0,368.6185607910156,159.16656494140625,2886.3798828125,52.46316146850586,52.57808303833008,207.8381805419922,1.0
1771105527.9717422,48000,375.0,-14.93201171769583,0,0,353.48486328125,159.16656494140625,2296.0556640625,54.13474655151367,52.57808303833008,230.07186889648438,1.0
1771105528.016594,48000,375.0,-14.000140593387481,0,0,337.4773254394531,113.02462768554688,662.647216796875,55.67086410522461,55.35489273071289,270.0981750488281,1.0
1771105528.0650265,48000,375.0,-14.000140593387481,0,0,333.3241882324219,81.21466064453125,350.2073974609375,56.232398986816406,55.35489273071289,279.0816650390625,1.0
1771105528.1104746,48000,328.125,-17.568401733747088,0,0,328.7803955078125,53.393035888671875,222.3169708251953,57.56007385253906,55.35489273071289,283.37481689453125,1.0
1771105528.1584065,48000,328.125,-21.367923305732038,0,0,326.4339294433594,65.25332641601562,337.2793273925781,57.782875061035156,55.35489273071289,279.7967224121094,1.0
1771105528.206278,48000,46.875,-24.719083601169704,0,0,316.36907958984375,123.57626342773438,1282.91748046875,57.09543228149414,56.8280029296875,303.1327819824219,1.0
1771105528.250136,48000,46.875,-24.444258128380277,0,0,310.396240234375,136.88851928710938,1829.4715576171875,56.704490661621094,60.989585876464844,319.14349365234375,1.0
1771105528.2970362,48000,46.875,-26.19559063695652,0,0,286.6929016113281,163.64332580566406,3411.79248046875,55.342933654785156,68.90950012207031,383.4386901855469,1.0
1771105528.3383539,48000,140.625,-26.11743204404234,0,0,269.369873046875,165.06288146972656,3882.12841796875,54.51233673095703,69.80526733398438,427.5398254394531,1.0
1771105528.388213,48000,140.625,-23.398113641938643,0,0,252.1136016845703,159.6790313720703,3530.8310546875,53.86875534057617,69.80526733398438,462.3327941894531,1.0
1771105528.4340925,48000,328.125,-13.885469260403436,0,0,240.89027404785156,148.82823181152344,2567.6572265625,53.895057678222656,69.80526733398438,462.2041320800781,1.0
1771105528.4790006,48000,656.25,-16.29587655669129,0,0,232.95208740234375,129.27101135253906,1656.25146484375,54.084068298339844,69.80526733398438,461.18377685546875,1.0
1771105528.528839,48000,656.25,-16.589915064819504,0,0,232.1949005126953,122.04939270019531,1551.8758544921875,53.96784210205078,69.80526733398438,456.0390319824219,1.0
1771105528.5777178,48000,328.125,-15.59494325450833,0,0,239.8938751220703,143.4324188232422,2372.5966796875,53.924644470214844,69.80526733398438,453.6455078125,1.0
1771105528.6201444,48000,328.125,-15.59494325450833,0,0,253.5061798095703,157.7297821044922,3322.874267578125,54.15542221069336,69.93922424316406,466.6120910644531,1.0
1771105528.6780167,48000,328.125,-14.834382282036625,0,0,277.1092529296875,157.7297821044922,3299.742431640625,54.90117263793945,69.93922424316406,494.65032958984375,1.0
1771105528.72839,48000,328.125,-15.12325045351404,0,0,292.5545654296875,152.06568908691406,2414.096435546875,55.532470703125,69.93922424316406,500.26690673828125,1.0
1771105528.8202808,48000,93.75,-25.958855227864444,1,0,307.75262451171875,87.16677856445312,850.5904541015625,54.751686096191406,69.93922424316406,497.62750244140625,1.0
1771105528.8651886,48000,46.875,-24.513203125888452,0,0,306.11029052734375,104.04585266113281,1035.4969482421875,53.6351318359375,69.93922424316406,494.1694030761719,1.0
1771105528.9102557,48000,46.875,-23.31242055434275,0,0,299.35760498046875,114.44050598144531,1594.5257568359375,52.523643493652344,69.93922424316406,495.07958984375,1.0
1771105528.9571028,48000,46.875,-22.665947273819327,0,0,285.4459228515625,114.44050598144531,2004.560302734375,51.44324493408203,69.93922424316406,521.4248657226562,1.0
1771105528.9980524,48000,93.75,-21.831789765754905,0,0,274.831787109375,108.67051696777344,1683.85498046875,51.11220169067383,69.93922424316406,535.1207885742188,1.0
1771105529.0479188,48000,93.75,-21.831789765754905,0,0,265.4328918457031,106.95042419433594,1250.3292236328125,50.912071228027344,69.93922424316406,544.398681640625,1.0
1771105529.089713,48000,93.75,-22.15221655922452,0,0,258.3067626953125,89.92628479003906,678.6082153320312,50.78426742553711,69.93922424316406,549.1209716796875,1.0
1771105529.1392171,48000,140.625,-20.02795830548181,0,0,254.01129150390625,65.77497863769531,343.7415771484375,50.15977478027344,69.93922424316406,563.0595092773438,1.0
1771105529.1851003,48000,140.625,-20.233249519831435,0,0,253.67713928222656,54.13020324707031,313.0874938964844,49.16032409667969,69.93922424316406,569.1480102539062,1.0
1771105529.2309773,48000,140.625,-19.97027158509237,0,0,256.8726501464844,54.13020324707031,393.6344909667969,47.89799499511719,69.93922424316406,552.3496704101562,1.0
1771105529.2788494,48000,93.75,-21.284489322072385,0,0,263.9337463378906,52.4716796875,310.7783508300781,45.906349182128906,69.93922424316406,497.4654235839844,1.0
1771105529.3237598,48000,93.75,-22.20627030522756,0,0,266.5921325683594,42.4217529296875,204.12611389160156,44.37864685058594,69.93922424316406,450.9252014160156,1.0
1771105529.388034,48000,328.125,-15.861384605860628,0,0,270.9958801269531,37.680633544921875,111.72138214111328,44.09587478637695,70.38174438476562,452.0628967285156,1.0
1771105529.444196,48000,703.125,-16.350899201069776,0,0,274.06256103515625,30.284042358398438,61.44602584838867,45.478084564208984,77.83717346191406,528.8024291992188,1.0
1771105529.4888566,48000,375.0,-17.102220628372045,0,0,276.87042236328125,40.81901550292969,88.18387603759766,48.03110122680664,77.83717346191406,596.8944702148438,1.0
1771105529.5377574,48000,421.875,-16.486024919903176,0,0,278.9596862792969,45.40434265136719,128.57997131347656,49.65906524658203,77.83717346191406,591.9943237304688,1.0
1771105529.6290493,48000,93.75,-24.631178137045175,0,0,275.9380798339844,45.40434265136719,165.66400146484375,51.95564651489258,76.41375732421875,519.1995239257812,1.0
1771105529.719807,48000,328.125,-16.997115070048817,0,0,272.741943359375,50.11830139160156,255.53170776367188,54.986568450927734,70.00314331054688,485.8017883300781,1.0
1771105529.780188,48000,984.375,-16.093020123589724,1,0,268.27996826171875,55.00224304199219,364.37738037109375,56.99858093261719,78.463623046875,576.0647583007812,1.0
1771105529.8570101,48000,656.25,-14.976464615651476,0,0,261.4824523925781,55.00224304199219,334.2474670410156,58.67866134643555,85.12600708007812,688.536865234375,1.0
1771105529.9052875,48000,93.75,-22.509931498641755,0,0,256.1104736328125,52.62995910644531,194.34835815429688,58.263450622558594,85.12600708007812,672.026123046875,1.0
1771105529.9511647,48000,93.75,-20.52111118694713,0,0,252.19677734375,30.266494750976562,50.847503662109375,57.30426025390625,85.12600708007812,649.6863403320312,1.0
1771105529.9980702,48000,375.0,-18.19305240282459,0,0,253.60494995117188,50.26799011230469,126.73802185058594,56.308509826660156,85.12600708007812,643.3123168945312,1.0
1771105530.0419807,48000,375.0,-12.118321044528418,0,0,265.2734375,136.3566436767578,1291.83251953125,55.85822677612305,85.12600708007812,643.897705078125,1.0
1771105530.0888293,48000,375.0,-11.912847267672152,0,0,299.00408935546875,233.3323211669922,5955.8828125,56.02637481689453,85.12600708007812,640.9683837890625,1.0
1771105530.1488025,48000,375.0,-12.993314768285556,0,0,325.21185302734375,239.9495086669922,8657.4765625,56.3447380065918,85.12600708007812,633.1244506835938,1.0
1771105530.1966465,48000,93.75,-18.00334548281567,0,0,356.23834228515625,236.53782653808594,8775.251953125,56.72646713256836,85.12600708007812,618.7188720703125,1.0
1771105530.239532,48000,140.625,-21.451816186316904,0,0,369.5395202636719,236.53782653808594,7434.826171875,57.007484436035156,85.12600708007812,604.4945678710938,1.0
1771105530.326335,48000,328.125,-15.645875013109126,0,0,380.0076599121094,214.34994506835938,5445.7158203125,57.667598724365234,79.79246520996094,571.790283203125,1.0
1771105530.370218,48000,656.25,-15.551087616665114,0,0,378.3393859863281,220.48574829101562,5782.17529296875,58.85018539428711,79.79246520996094,547.1023559570312,1.0
1771105530.4259145,48000,656.25,-15.04914121405907,0,0,365.2002258300781,247.7039794921875,7605.765625,60.5364990234375,79.79246520996094,531.3094482421875,1.0
1771105530.512276,48000,656.25,-14.316944395476384,0,0,311.57391357421875,270.86676025390625,7472.5703125,64.7140884399414,79.79246520996094,553.1586303710938,1.0
1771105530.5571296,48000,328.125,-18.047949370174,0,0,270.21435546875,205.5974578857422,3888.055908203125,67.56024932861328,79.79246520996094,572.0222778320312,1.0
1771105530.6069965,48000,281.25,-18.356465432339512,0,0,250.59307861328125,152.7728729248047,1932.828125,68.7919921875,79.79246520996094,542.5699462890625,1.0
1771105530.6558661,48000,281.25,-18.734551767334853,0,0,237.8999786376953,99.13832092285156,799.4547119140625,68.87662506103516,79.79246520996094,535.2192993164062,1.0
1771105530.7017436,48000,93.75,-24.202444779064454,0,0,229.95916748046875,70.78971862792969,423.7398681640625,67.30422973632812,79.79246520996094,541.2908935546875,1.0
1771105530.7576225,48000,93.75,-21.855036713558814,1,0,223.02566528320312,42.46131896972656,112.95771789550781,64.48314666748047,79.79246520996094,558.97265625,1.0
1771105530.8388343,48000,93.75,-20.274674472638942,0,0,226.08160400390625,50.55259704589844,190.59375,61.71604537963867,81.91989135742188,628.421142578125,1.0
1771105530.886029,48000,93.75,-20.0576609230205,0,0,232.14718627929688,63.94206237792969,314.3324279785156,60.80200958251953,87.39498138427734,673.0314331054688,1.0
1771105530.9339004,48000,328.125,-17.5777129145945,0,0,239.4169158935547,59.6082763671875,360.32806396484375,59.99477005004883,89.44466400146484,711.4387817382812,1.0
1771105530.987756,48000,281.25,-16.07198616571248,0,0,249.6993865966797,63.262908935546875,483.5724182128906,58.48935317993164,89.44466400146484,706.6173095703125,1.0
1771105531.087165,48000,93.75,-23.277490298687752,0,0,260.6081848144531,55.94071960449219,281.4097900390625,53.26504898071289,89.44466400146484,555.2027587890625,1.0
1771105531.1774921,48000,93.75,-20.233089978154283,0,0,264.75115966796875,41.78947448730469,141.54299926757812,50.20406723022461,84.66614532470703,478.5312194824219,1.0
1771105531.2694018,48000,234.375,-14.04463622667948,0,0,276.93951416015625,101.15667724609375,546.5581665039062,48.1213493347168,84.66614532470703,506.77362060546875,1.0
1771105531.3611846,48000,234.375,-15.325394808874078,0,0,295.24658203125,114.828857421875,1704.01953125,47.28948211669922,84.66614532470703,514.343017578125,1.0
1771105531.4075956,48000,93.75,-21.872074706448053,0,0,305.7232360839844,114.828857421875,1918.827880859375,46.35616683959961,84.66614532470703,527.3438110351562,1.0
1771105531.4545014,48000,468.75,-20.95716316997921,0,0,308.5442199707031,114.828857421875,1810.580322265625,46.164791107177734,84.66614532470703,530.2657470703125,1.0
1771105531.4964342,48000,140.625,-24.484200158595918,0,0,312.0110778808594,112.63278198242188,1538.9979248046875,45.567630767822266,84.66614532470703,545.3111572265625,1.0
1771105531.548286,48000,140.625,-24.83416558792873,0,0,309.8935852050781,127.17497253417969,1790.5001220703125,45.27489471435547,84.66614532470703,555.349853515625,1.0
1771105531.5892043,48000,328.125,-14.035742555636308,0,0,314.0111999511719,127.17497253417969,1715.39501953125,45.29425811767578,84.66614532470703,554.852783203125,1.0
1771105531.6390707,48000,328.125,-14.255502066722446,0,0,321.10931396484375,127.17497253417969,1857.2396240234375,44.80629348754883,84.66614532470703,551.5496826171875,1.0
1771105531.6829262,48000,328.125,-15.341428769339107,0,0,319.504150390625,127.17497253417969,1789.524658203125,44.02215576171875,84.66614532470703,524.5585327148438,1.0
1771105531.729801,48000,375.0,-15.404752653301347,0,0,310.4386901855469,124.03941345214844,1421.3568115234375,42.08320617675781,84.66614532470703,418.1395568847656,1.0
1771105531.7770596,48000,375.0,-15.404752653301347,0,0,306.90594482421875,124.03941345214844,1333.42236328125,41.24726486206055,84.66614532470703,367.3748474121094,1.0
1771105531.8259284,48000,93.75,-23.694536121623173,0,0,295.07275390625,124.03941345214844,1534.8321533203125,38.111961364746094,69.97396850585938,171.8852996826172,1.0
1771105531.8747985,48000,93.75,-23.229820822176436,0,0,288.6929931640625,141.03787231445312,1984.904052734375,36.40092849731445,49.850372314453125,97.49140930175781,1.0
1771105531.92769,48000,93.75,-25.000675556151503,0,0,282.31573486328125,160.95814514160156,2728.5068359375,34.90421676635742,33.47099304199219,63.11513900756836,1.0
1771105532.0124297,48000,93.75,-20.7743150446557,0,0,256.06011962890625,140.1643524169922,2078.843017578125,33.985591888427734,33.47099304199219,67.06446838378906,1.0
1771105532.0594764,48000,140.625,-20.908772354824055,0,0,245.57061767578125,113.77012634277344,1281.03662109375,33.57548141479492,33.47099304199219,73.27436065673828,1.0
1771105532.1034706,48000,140.625,-21.139114378975915,0,0,238.37771606445312,97.70774841308594,735.3240356445312,33.17417907714844,35.523651123046875,80.92296600341797,1.0
1771105532.1523502,48000,140.625,-23.550550267707226,0,0,230.98553466796875,69.76930236816406,336.7220153808594,32.8865852355957,35.861392974853516,87.58629608154297,1.0
1771105532.1998692,48000,234.375,-25.844804666311127,0,0,220.58154296875,64.38058471679688,325.14630126953125,32.72451400756836,35.861392974853516,90.57170867919922,1.0
1771105532.247741,48000,140.625,-21.911515841259828,0,0,215.80722045898438,68.34263610839844,452.166015625,32.19042205810547,35.861392974853516,87.35286712646484,1.0
1771105532.2966104,48000,140.625,-20.29362591815969,0,0,215.67691040039062,68.34263610839844,457.8963623046875,31.51209831237793,35.861392974853516,80.7175521850586,1.0
1771105532.3426821,48000,140.625,-20.076033258935503,0,0,219.201171875,68.34263610839844,486.5540771484375,30.941980361938477,35.861392974853516,81.75895690917969,1.0
1771105532.3891726,48000,93.75,-20.018157781851794,0,0,224.11007690429688,89.92568969726562,679.423828125,30.390880584716797,35.861392974853516,85.1147232055664,1.0
1771105532.4380283,48000,93.75,-20.548337307506127,0,0,231.3944549560547,103.715087890625,1142.816650390625,29.71571159362793,35.861392974853516,90.96469116210938,1.0
1771105532.4789307,48000,93.75,-20.130096284071385,0,0,236.09214782714844,114.78509521484375,1471.548583984375,29.51399040222168,35.861392974853516,93.49054718017578,1.0
1771105532.5298257,48000,93.75,-18.962758037731472,0,0,246.1787872314453,153.535400390625,2147.6640625,29.77529525756836,35.861392974853516,94.8353271484375,1.0
1771105532.5746777,48000,93.75,-18.10356553063507,0,0,262.4729309082031,170.67425537109375,2764.05810546875,30.18020248413086,35.861392974853516,106.30226135253906,1.0
1771105532.621553,48000,328.125,-19.18626979123166,0,0,280.4616394042969,162.4594268798828,2437.072509765625,30.659948348999023,38.3484992980957,120.90132904052734,1.0
1771105532.6684275,48000,140.625,-19.741831256061367,0,0,301.01470947265625,119.79801940917969,1296.691162109375,31.13662338256836,38.3484992980957,126.18106079101562,1.0
1771105532.714681,48000,328.125,-17.307632478447555,0,0,304.5391845703125,106.80349731445312,1009.0443725585938,31.175519943237305,38.3484992980957,126.17167663574219,1.0
1771105532.7746637,48000,187.5,-23.722429779779723,0,0,303.7120666503906,118.24180603027344,1118.9515380859375,30.96811866760254,38.3484992980957,127.30567169189453,1.0
1771105532.8185172,48000,328.125,-16.51247890670434,0,0,294.5370788574219,134.28744506835938,1958.3665771484375,31.126075744628906,38.3484992980957,126.13035583496094,1.0
1771105532.867414,48000,281.25,-14.961982563173883,0,0,291.35540771484375,134.28744506835938,2072.989013671875,31.374530792236328,38.3484992980957,128.20529174804688,1.0
1771105532.9587588,48000,281.25,-15.607946994788605,0,0,282.40081787109375,132.80313110351562,1562.6939697265625,32.14806365966797,45.00375747680664,156.10775756835938,1.0
1771105533.005606,48000,281.25,-15.845255309016974,0,0,279.2342834472656,112.80398559570312,1254.6373291015625,32.41811752319336,45.00375747680664,168.29966735839844,1.0
1771105533.0889838,48000,281.25,-16.04348830291984,0,0,280.3331604003906,108.6619873046875,1299.75146484375,32.526634216308594,45.00375747680664,171.71435546875,1.0
1771105533.1388495,48000,281.25,-19.365241780300092,0,0,288.0649719238281,108.6619873046875,1124.7392578125,32.62791442871094,45.00375747680664,172.41778564453125,1.0
1771105533.1877193,48000,46.875,-23.080185112970693,0,0,293.1267395019531,85.31010437011719,645.225830078125,32.544654846191406,45.00375747680664,172.7338409423828,1.0
1771105533.235206,48000,46.875,-22.9918374977621,0,0,293.8325500488281,73.633544921875,577.871337890625,32.39085388183594,45.00375747680664,174.42178344726562,1.0
1771105533.280591,48000,46.875,-22.194837190642854,0,0,291.0404968261719,76.01399230957031,745.4329833984375,32.220428466796875,45.00375747680664,177.735595703125,1.0
1771105533.3274658,48000,46.875,-21.37322461225594,0,0,287.00897216796875,76.01399230957031,852.1971435546875,32.06129455566406,46.81932067871094,182.13209533691406,1.0
1771105533.372346,48000,93.75,-21.17083945144863,0,0,282.41546630859375,76.01399230957031,824.6063842773438,31.877899169921875,48.96491241455078,187.89810180664062,1.0
1771105533.4192207,48000,281.25,-19.329558872148812,0,0,276.756591796875,75.35191345214844,573.5443115234375,31.989238739013672,49.433841705322266,187.9622344970703,1.0
1771105533.4646463,48000,562.5,-18.87056375733961,0,0,274.9809265136719,60.98500061035156,439.5731201171875,32.856285095214844,49.433841705322266,189.32440185546875,1.0
1771105533.5270188,48000,562.5,-17.723210372020446,0,0,275.59588623046875,64.20649719238281,476.8625793457031,34.017574310302734,49.433841705322266,205.07302856445312,1.0
1771105533.5874727,48000,281.25,-18.316435068371288,0,0,282.5323791503906,66.59477233886719,656.840087890625,35.26005554199219,49.433841705322266,218.73406982421875,1.0
1771105533.6582835,48000,140.625,-22.349307928432868,1,0,286.806640625,73.95777893066406,556.082763671875,36.21632385253906,49.433841705322266,204.3794403076172,1.0
1771105533.7181232,48000,187.5,-22.71033509493245,0,0,280.2940673828125,99.47933959960938,1121.4259033203125,36.68064498901367,49.433841705322266,192.4013214111328,1.0
1771105533.774005,48000,140.625,-24.551248131812073,0,0,274.3287353515625,99.47933959960938,1519.2919921875,36.870460510253906,49.433841705322266,187.1184539794922,1.0
1771105533.8169181,48000,140.625,-23.60364876658199,0,0,265.2086181640625,106.60881042480469,1822.6236572265625,36.56957244873047,49.433841705322266,190.04074096679688,1.0
1771105533.862768,48000,140.625,-23.81172434488308,0,0,253.1472930908203,122.06767272949219,2016.6221923828125,35.676856994628906,49.433841705322266,188.59326171875,1.0
1771105533.9086454,48000,140.625,-26.78339829513505,0,0,231.28553771972656,141.01817321777344,1893.412353515625,34.14882278442383,49.433841705322266,188.2248992919922,1.0
1771105533.9970155,48000,0.0,-26.414267236520526,0,0,200.86561584472656,102.26397705078125,766.22900390625,33.0699348449707,49.433841705322266,202.93948364257812,1.0
1771105534.0498471,48000,562.5,-19.56397946367392,0,0,188.6006317138672,89.74089050292969,736.931884765625,33.19696807861328,49.433841705322266,203.24693298339844,1.0
1771105534.0952957,48000,609.375,-16.835749507798173,0,0,177.93992614746094,93.3067855834961,905.8506469726562,34.15195083618164,49.433841705322266,214.5784454345703,1.0
1771105534.1401758,48000,328.125,-20.317948451066975,0,0,167.2596893310547,100.07820129394531,1009.8737182617188,35.14213562011719,51.813392639160156,243.46092224121094,1.0
1771105534.1850865,48000,328.125,-20.611443067574232,0,0,156.15518188476562,93.36032104492188,901.263427734375,35.575801849365234,51.813392639160156,257.76593017578125,1.0
1771105534.229966,48000,421.875,-19.362015102731633,0,0,141.03265380859375,85.18736267089844,696.9324340820312,35.010677337646484,51.813392639160156,238.9864044189453,1.0
1771105534.2778382,48000,375.0,-41.66743207380598,0,0,129.1525115966797,105.96908569335938,850.6431884765625,34.06584167480469,51.813392639160156,219.63162231445312,1.0
1771105534.3237162,48000,11718.75,-46.46045035689656,0,0,116.15892028808594,112.83737182617188,1073.966796875,33.14969253540039,51.813392639160156,212.65652465820312,1.0
1771105534.3716338,48000,609.375,-17.636690864325164,0,0,105.14108276367188,102.71754455566406,938.499267578125,33.148338317871094,51.813392639160156,213.41383361816406,1.0
1771105534.4165413,48000,281.25,-19.396451080969165,0,0,94.98152923583984,74.42924499511719,611.6838989257812,34.141456604003906,51.813392639160156,238.01034545898438,1.0
1771105534.4673777,48000,281.25,-19.70717437668386,0,0,91.64076232910156,65.90532684326172,484.5860900878906,34.79352569580078,51.813392639160156,244.83273315429688,1.0
1771105534.5244446,48000,281.25,-29.431569778769106,0,0,88.63306427001953,62.781494140625,391.8135986328125,35.16328811645508,51.813392639160156,241.69027709960938,1.0
1771105534.569296,48000,8812.5,-41.31164776301004,0,0,79.26522827148438,67.09738159179688,337.5486145019531,35.41110610961914,51.813392639160156,235.10015869140625,1.0
1771105534.618165,48000,281.25,-44.13177470646764,1,0,71.37630462646484,65.7824935913086,374.6340637207031,35.47827911376953,51.813392639160156,232.44358825683594,1.0
1771105534.660053,48000,281.25,-30.666694168554148,0,0,68.45490264892578,65.7824935913086,437.94976806640625,35.57601547241211,50.8939208984375,228.45567321777344,1.0
1771105534.753803,48000,281.25,-16.60084303758708,0,0,79.1007080078125,90.41609954833984,715.260498046875,34.65462112426758,50.8939208984375,231.2244110107422,1.0
1771105534.798437,48000,281.25,-17.98419650967897,0,0,83.93285369873047,92.52272033691406,926.4541015625,33.25239562988281,50.8939208984375,223.61666870117188,1.0
1771105534.8442924,48000,281.25,-21.98486450645205,0,0,86.5623779296875,92.52272033691406,1033.4835205078125,31.816587448120117,53.55199432373047,221.604248046875,1.0
1771105534.8901777,48000,328.125,-46.05485971263764,0,0,85.09467315673828,92.52272033691406,1048.272705078125,30.136497497558594,57.98650360107422,241.66502380371094,1.0
1771105534.9370444,48000,328.125,-43.54099363337855,0,0,83.66737365722656,92.52272033691406,1120.329833984375,29.257295608520508,59.72477340698242,261.9283142089844,1.0
1771105534.9794834,48000,281.25,-22.933963586705573,0,0,83.95442962646484,92.52272033691406,1100.14892578125,28.50084114074707,59.72477340698242,279.67974853515625,1.0
1771105535.0288932,48000,234.375,-14.11838503700784,0,0,90.6984634399414,84.18896484375,810.6019897460938,28.03193473815918,59.72477340698242,287.1508483886719,1.0
1771105535.0757675,48000,234.375,-14.334387917842836,0,0,97.68032836914062,105.45307922363281,990.2413330078125,27.791120529174805,59.72477340698242,289.7044372558594,1.0
1771105535.122643,48000,234.375,-17.022472727696968,0,0,102.98941040039062,119.08982849121094,1367.4456787109375,27.586278915405273,59.72477340698242,292.3717346191406,1.0
1771105535.1685195,48000,328.125,-19.199323193866217,0,0,107.38662719726562,119.08982849121094,1663.006591796875,27.189481735229492,59.72477340698242,300.3846740722656,1.0
1771105535.2143977,48000,375.0,-34.917075980649,0,0,106.38656616210938,119.08982849121094,1661.7872314453125,26.945720672607422,59.72477340698242,307.2300109863281,1.0
1771105535.2752347,48000,8437.5,-46.56265254597592,0,0,104.1496810913086,119.08982849121094,1749.085205078125,26.618717193603516,59.72477340698242,316.2024841308594,1.0
1771105535.3191173,48000,187.5,-25.92971243610301,0,0,108.66838073730469,119.08982849121094,1451.487060546875,26.228107452392578,59.72477340698242,319.62457275390625,1.0
1771105535.413864,48000,187.5,-21.31701743311286,0,0,119.18551635742188,93.73807525634766,903.3424682617188,24.50379180908203,56.710784912109375,245.98704528808594,1.0
1771105535.5054266,48000,187.5,-35.649436770557166,0,0,109.62928009033203,90.5461196899414,654.0319213867188,22.4488468170166,52.67721939086914,182.20982360839844,1.0
1771105535.5473151,48000,140.625,-48.02640207079594,0,0,94.35751342773438,74.16603088378906,556.2776489257812,21.409570693969727,52.67721939086914,176.7504119873047,1.0
1771105535.5975013,48000,8343.75,-49.44126738634645,1,0,90.01031494140625,82.9546127319336,668.467041015625,21.18697166442871,52.67721939086914,178.71800231933594,1.0
1771105535.638392,48000,421.875,-43.09064435596687,0,0,81.03311157226562,99.22854614257812,1185.1666259765625,19.787038803100586,52.67721939086914,170.11619567871094,1.0
1771105535.689573,48000,234.375,-51.24145729569959,0,0,74.57546997070312,106.27533721923828,1567.2884521484375,18.10452651977539,52.05876922607422,131.19651794433594,1.0
1771105535.7358701,48000,234.375,-50.40379436935447,0,0,64.3835678100586,110.57179260253906,1772.67724609375,16.413970947265625,42.550819396972656,90.65877532958984,1.0
1771105535.7817473,48000,234.375,-52.21820789472561,0,0,52.09090042114258,113.50299835205078,1593.030517578125,15.094293594360352,31.548654556274414,71.64710235595703,1.0
1771105535.827652,48000,328.125,-50.90617076752605,0,0,33.2904167175293,95.6426010131836,795.5308227539062,13.817524909973145,32.118797302246094,68.85826873779297,1.0
1771105535.8744986,48000,281.25,-21.25711317829979,0,0,25.00429344177246,64.1928482055664,341.2652587890625,13.294618606567383,32.118797302246094,71.5296630859375,1.0
1771105535.916892,48000,187.5,-22.103659389680956,0,0,25.586061477661133,74.01510620117188,398.844482421875,13.167537689208984,32.118797302246094,72.11286163330078,1.0
1771105535.9677563,48000,281.25,-15.492078909345226,0,0,33.09669494628906,113.67530822753906,1140.3673095703125,13.261815071105957,32.118797302246094,73.47469329833984,1.0
1771105536.0138247,48000,328.125,-16.8722064589064,0,0,44.592559814453125,129.8947296142578,2144.861572265625,13.385584831237793,32.118797302246094,75.91670989990234,1.0
1771105536.059733,48000,375.0,-18.396365296257542,0,0,57.55023956298828,131.99514770507812,2901.040771484375,13.90506362915039,33.53948974609375,88.3774185180664,1.0
1771105536.1067245,48000,375.0,-34.5180265054384,0,0,73.78347778320312,131.99514770507812,2873.8583984375,14.873494148254395,34.88513946533203,104.58602142333984,1.0
1771105536.1526027,48000,703.125,-46.60624017851785,0,0,80.09745788574219,131.99514770507812,2394.6640625,15.26437759399414,34.88513946533203,104.2205581665039,1.0
1771105536.2089853,48000,375.0,-51.57631644306907,0,0,85.73989868164062,129.59228515625,1741.106689453125,15.631669998168945,34.88513946533203,99.73324584960938,1.0
1771105536.2578278,48000,375.0,-58.27270409528783,0,0,86.34100341796875,116.23759460449219,1652.999755859375,15.702728271484375,34.88513946533203,98.4733657836914,1.0
1771105536.2992542,48000,468.75,-62.47926481227016,0,0,80.41266632080078,123.54584503173828,2113.97705078125,15.439337730407715,34.88513946533203,101.57823181152344,1.0
1771105536.388583,48000,93.75,-62.21399570939425,0,0,55.3098030090332,130.7836456298828,2136.46435546875,14.417630195617676,34.88513946533203,109.71214294433594,1.0
1771105536.4454334,48000,15281.25,-67.91167205113847,0,0,40.55559158325195,128.23707580566406,1420.95458984375,13.994502067565918,35.58583450317383,114.82076263427734,1.0
1771105536.4882874,48000,15281.25,-67.87408941760616,0,0,22.472400665283203,70.70005798339844,421.99139404296875,13.551554679870605,36.26024627685547,122.08174896240234,1.0
1771105536.5600958,48000,328.125,-54.37831311114732,1,1,19.651262283325195,77.75804901123047,397.4589538574219,13.743149757385254,36.26024627685547,126.07503509521484,1.0
1771105536.629909,48000,46.875,-15.366258057444036,0,0,97.36865234375,427.1297302246094,25287.3203125,15.789313316345215,61.923248291015625,217.66648864746094,1.0
1771105536.6777802,48000,46.875,-17.187562713085057,0,0,144.44012451171875,450.24560546875,35780.515625,17.322751998901367,83.93919372558594,341.8799743652344,1.0
1771105536.7216637,48000,93.75,-17.479515520811727,0,0,193.8927459716797,468.3870544433594,42462.515625,19.586271286010742,103.63336181640625,552.4511108398438,1.0
1771105536.7675683,48000,140.625,-14.057993504617286,0,0,264.9521484375,468.3870544433594,41496.46484375,24.353364944458008,118.1707763671875,1002.8729248046875,1.0
1771105536.8084316,48000,93.75,-14.458058475222463,0,0,311.1741638183594,468.3870544433594,34651.39453125,27.70813751220703,118.1707763671875,1262.593505859375,1.0
1771105536.8593247,48000,140.625,-15.140524692566935,0,0,358.4627380371094,468.3870544433594,23471.9296875,30.84999656677246,118.1707763671875,1443.8670654296875,1.0
1771105536.9061983,48000,234.375,-21.500109546121557,0,0,404.5106201171875,390.6290283203125,7721.13720703125,33.504005432128906,118.1707763671875,1529.6585693359375,1.0
1771105536.9510505,48000,93.75,-20.97465470531304,0,0,427.5050354003906,96.29428100585938,489.4709167480469,36.06706619262695,118.1707763671875,1580.2322998046875,1.0
1771105536.996928,48000,609.375,-18.012252690995233,0,0,414.36798095703125,129.6214599609375,1414.17431640625,40.453834533691406,118.1707763671875,1670.19970703125,1.0
1771105537.0428329,48000,140.625,-9.602652626131608,0,0,414.1581115722656,129.6214599609375,1406.186767578125,42.224308013916016,118.1707763671875,1723.010009765625,1.0
1771105537.0886824,48000,46.875,-13.927905220742488,0,0,418.82928466796875,151.9888916015625,1904.615234375,46.6376838684082,118.1707763671875,1747.5523681640625,1.0
1771105537.136555,48000,0.0,-18.052699895489546,0,0,420.9783020019531,151.9888916015625,2035.51806640625,48.896854400634766,118.1707763671875,1696.158935546875,1.0
1771105537.1983895,48000,46.875,-16.129833400675928,0,0,425.3976745605469,151.9888916015625,2129.733154296875,51.44297790527344,118.1707763671875,1612.2449951171875,1.0
1771105537.2402775,48000,46.875,-19.50159462163992,0,0,421.4183349609375,151.9888916015625,2227.6123046875,52.647457122802734,118.1707763671875,1583.498046875,1.0
1771105537.3340545,48000,187.5,-13.439074018060126,0,0,413.4927062988281,151.9888916015625,2675.8583984375,54.7292366027832,118.1707763671875,1544.6058349609375,1.0
1771105537.3799596,48000,187.5,-18.261511512860487,0,0,414.9522705078125,143.79763793945312,2491.789306640625,55.611228942871094,118.1707763671875,1531.6829833984375,1.0
1771105537.4258363,48000,187.5,-19.529958645080775,0,0,409.81134033203125,150.63345336914062,2768.87548828125,56.805049896240234,118.1707763671875,1498.645751953125,1.0
1771105537.4696925,48000,187.5,-20.301255072679805,0,0,379.18597412109375,179.13131713867188,2862.4638671875,59.38687515258789,118.1707763671875,1420.0584716796875,1.0
1771105537.521553,48000,140.625,-8.397356750171044,1,0,379.4161376953125,192.96466064453125,2930.870849609375,61.88397979736328,118.1707763671875,1352.7320556640625,1.0
1771105537.6113434,48000,0.0,-17.805052471162178,0,0,391.61651611328125,213.7945556640625,4758.853515625,66.6720962524414,118.1707763671875,1135.93359375,1.0
1771105537.6572485,48000,421.875,-14.414219265499838,0,0,403.963134765625,213.7945556640625,5728.90673828125,69.15662384033203,118.1707763671875,999.878173828125,1.0
1771105537.7041543,48000,421.875,-15.11913574625879,0,0,416.9966125488281,213.7945556640625,5981.51806640625,71.82626342773438,118.1707763671875,849.0403442382812,1.0
1771105537.7500033,48000,421.875,-12.34728203158738,0,0,435.41009521484375,213.7945556640625,5555.49560546875,76.3266372680664,118.1707763671875,600.0153198242188,1.0
1771105537.7949114,48000,421.875,-15.658187390484182,0,0,449.2728576660156,213.7945556640625,4574.15234375,79.59859466552734,93.14378356933594,417.685546875,1.0
1771105537.8387663,48000,421.875,-10.627885667002436,0,0,474.55377197265625,235.71609497070312,2165.3095703125,81.85592651367188,68.85326385498047,355.36834716796875,1.0
1771105537.888633,48000,140.625,-17.571356582925382,0,0,489.9157409667969,77.5968017578125,430.0084533691406,83.20708465576172,62.36107635498047,331.3055114746094,1.0
1771105537.9335132,48000,1171.875,-19.797030070843228,0,0,484.5652160644531,109.8148193359375,693.2844848632812,83.78170013427734,62.36107635498047,323.1314697265625,1.0
1771105537.9794195,48000,375.0,-17.446493477587854,0,0,475.6402587890625,137.16989135742188,1216.354736328125,84.42405700683594,62.36107635498047,341.4610595703125,1.0
1771105538.0272624,48000,46.875,-20.98708739869408,0,0,456.2828674316406,170.82958984375,2459.3681640625,83.7418212890625,62.36107635498047,312.7167053222656,1.0
1771105538.0731397,48000,187.5,-21.913482201460468,0,0,442.3664855957031,187.33560180664062,3372.869140625,82.67280578613281,58.07233428955078,274.3453674316406,1.0
1771105538.1279936,48000,375.0,-15.228130041664915,0,0,424.4882507324219,189.1422119140625,4000.561279296875,81.65702819824219,54.77165985107422,241.26063537597656,1.0
1771105538.1778839,48000,375.0,-11.395050445634713,0,0,416.3997802734375,189.1422119140625,3799.861572265625,81.82557678222656,54.77165985107422,244.08021545410156,1.0
1771105538.219748,48000,375.0,-10.114629112667918,0,0,406.1365966796875,181.11968994140625,2365.248291015625,82.44576263427734,54.77165985107422,256.94097900390625,1.0
1771105538.2616365,48000,375.0,-10.114629112667918,0,0,402.2728576660156,130.3941650390625,1630.468017578125,83.62503814697266,76.07648468017578,309.11822509765625,1.0
1771105538.308513,48000,375.0,-11.657623020282998,0,0,419.30999755859375,270.9039306640625,5281.513671875,84.0423583984375,76.07648468017578,334.2051696777344,1.0
1771105538.3653586,48000,375.0,-13.381724213737415,0,0,439.53271484375,270.9039306640625,8205.818359375,84.38363647460938,76.07648468017578,344.8203430175781,1.0
1771105538.4082437,48000,375.0,-13.78573166790883,0,0,470.3888244628906,270.9039306640625,9097.197265625,85.282470703125,76.07648468017578,339.79510498046875,1.0
1771105538.458618,48000,375.0,-13.142911282421444,0,0,492.77825927734375,270.9039306640625,7918.052734375,86.10843658447266,76.07648468017578,317.5318908691406,1.0
1771105538.5102034,48000,328.125,-17.619905960267356,1,0,502.3078918457031,254.10403442382812,6725.556640625,86.48092651367188,76.07648468017578,305.1575012207031,1.0
1771105538.5520914,48000,328.125,-12.283651748690612,0,0,521.779052734375,217.39901733398438,3704.00341796875,87.84552764892578,76.07648468017578,264.1117248535156,1.0
1771105538.5982063,48000,328.125,-9.92479643169511,0,0,531.6414794921875,167.93536376953125,2292.66552734375,88.82438659667969,75.16473388671875,235.26649475097656,1.0
1771105538.644084,48000,328.125,-9.306916183441587,0,0,536.7265625,140.509765625,1803.322509765625,89.79883575439453,75.16473388671875,213.4333953857422,1.0
1771105538.6879911,48000,328.125,-10.271998032179317,0,0,527.06005859375,119.71417236328125,1363.28662109375,91.60419464111328,75.16473388671875,167.93948364257812,1.0
1771105538.7298572,48000,187.5,-12.597863153674254,0,0,514.6286010742188,103.18624877929688,956.5811767578125,93.34854888916016,61.44541931152344,143.79248046875,1.0
1771105538.7837133,48000,93.75,-14.085401985902188,0,0,515.8583374023438,113.10775756835938,1115.867431640625,94.29608917236328,61.44541931152344,150.5908203125,1.0
1771105538.827596,48000,140.625,-14.584767660107545,0,0,518.4693603515625,113.10775756835938,1324.913818359375,94.68272399902344,61.44541931152344,148.88893127441406,1.0
1771105538.8744705,48000,46.875,-15.122853290050928,0,0,522.1327514648438,113.10775756835938,1512.5576171875,94.97569274902344,61.44541931152344,141.22718811035156,1.0
1771105538.9183533,48000,46.875,-15.541019546684806,0,0,521.3988037109375,124.81451416015625,1589.691650390625,94.94273376464844,60.396888732910156,142.33973693847656,1.0
1771105538.967223,48000,140.625,-20.244642385803203,0,0,517.162841796875,169.50936889648438,2101.5712890625,94.71171569824219,65.61250305175781,151.90304565429688,1.0
1771105539.0130994,48000,187.5,-20.496393392639792,0,0,497.39508056640625,231.2239990234375,4533.892578125,93.38838958740234,73.29702758789062,204.57513427734375,1.0
1771105539.0599754,48000,187.5,-15.565234397181715,0,0,489.95843505859375,242.83255004882812,5742.345703125,92.7179183959961,73.29702758789062,211.47193908691406,1.0
1771105539.1048548,48000,93.75,-8.395831517926368,0,0,504.8400573730469,274.1213073730469,7403.38037109375,91.97673797607422,73.29702758789062,216.77395629882812,1.0
1771105539.156856,48000,281.25,-15.422348154271457,0,0,515.742919921875,284.5671081542969,8661.201171875,90.85457611083984,73.29702758789062,230.42654418945312,1.0
1771105539.1977189,48000,328.125,-13.672550810963472,0,0,514.4234619140625,284.5671081542969,8534.064453125,90.31637573242188,73.29702758789062,244.0419921875,1.0
1771105539.2555642,48000,656.25,-13.718373515776163,0,0,504.4392395019531,284.5671081542969,8374.9599609375,89.6837387084961,73.29702758789062,233.39329528808594,1.0
1771105539.3014414,48000,656.25,-16.606838051426156,0,0,494.98297119140625,284.5671081542969,9238.421875,89.44712829589844,73.29702758789062,228.88172912597656,1.0
1771105539.348344,48000,328.125,-13.750459595702495,0,0,482.36370849609375,288.6523742675781,11507.9453125,89.46622467041016,73.29702758789062,228.65525817871094,1.0
1771105539.3912015,48000,328.125,-12.176331247331266,0,0,489.7015075683594,288.6523742675781,10335.4248046875,89.00606536865234,73.29702758789062,236.3758087158203,1.0
1771105539.4391017,48000,328.125,-16.29678407462635,1,0,485.1241760253906,288.6523742675781,10355.9990234375,87.96435546875,76.6708984375,264.8517761230469,1.0
1771105539.4869795,48000,328.125,-23.537104732933205,0,0,447.2548828125,379.5035400390625,11657.4013671875,86.33375549316406,87.16131591796875,312.0220031738281,1.0
1771105539.5328515,48000,468.75,-25.90577799114157,0,0,409.0359191894531,384.4649658203125,10293.267578125,84.7420654296875,87.16131591796875,323.7071228027344,1.0
1771105539.5787003,48000,93.75,-10.093902411370948,0,0,396.2363586425781,325.5963134765625,6926.08203125,82.49275970458984,77.44728088378906,273.03973388671875,1.0
1771105539.623581,48000,328.125,-12.363840160635153,0,0,397.886474609375,317.71832275390625,7238.8203125,80.51249694824219,77.44728088378906,272.3117980957031,1.0
1771105539.6674676,48000,328.125,-12.99550393830307,0,0,418.56097412109375,341.9183349609375,10589.046875,77.79302215576172,82.16262817382812,322.50494384765625,1.0
1771105539.716333,48000,328.125,-10.682174626261396,0,0,440.6192932128906,341.9183349609375,11586.4228515625,76.39122772216797,82.16262817382812,351.1260070800781,1.0
1771105539.7761724,48000,328.125,-14.453802782109147,0,0,449.9629821777344,341.9183349609375,11593.03515625,74.811767578125,82.16262817382812,378.8769226074219,1.0
1771105539.8180888,48000,468.75,-24.56326211373043,0,0,447.2056579589844,341.9183349609375,11926.1640625,73.7394027709961,82.16262817382812,387.7709655761719,1.0
1771105539.9068227,48000,468.75,-19.489746301039897,0,0,462.2799072265625,272.9322204589844,7520.76318359375,71.88362121582031,82.16262817382812,373.4190368652344,1.0
1771105539.9477143,48000,468.75,-24.18093903026299,0,0,434.4114074707031,359.355712890625,12820.970703125,70.44566345214844,82.16262817382812,367.53900146484375,1.0
1771105540.0075536,48000,468.75,-25.42228430458177,0,0,403.5452575683594,383.2776184082031,14987.5625,68.98744201660156,82.16262817382812,349.4267272949219,1.0
1771105540.0484447,48000,46.875,-14.89272047036402,0,0,386.3267822265625,379.2778625488281,11321.7646484375,66.05287170410156,60.4180793762207,239.17074584960938,1.0
1771105540.0983438,48000,46.875,-14.89272047036402,0,0,377.6999816894531,330.2452697753906,9062.02734375,64.28154754638672,54.671443939208984,217.69618225097656,1.0
1771105540.139233,48000,46.875,-15.91236344722118,0,0,369.4699401855469,298.15338134765625,7655.2119140625,62.73039627075195,57.37184143066406,220.0812225341797,1.0
1771105540.1910958,48000,93.75,-23.138980786430054,0,0,367.66912841796875,298.15338134765625,7520.7666015625,61.22810363769531,66.43538665771484,244.7603302001953,1.0
1771105540.2360058,48000,0.0,-38.09690192491385,0,0,358.8177185058594,298.15338134765625,8169.064453125,59.69978332519531,73.47140502929688,286.1608581542969,1.0
1771105540.28191,48000,515.625,-32.24968237926078,0,0,341.0869140625,303.474609375,10841.56640625,58.303443908691406,76.7890625,337.9600830078125,1.0
1771105540.328758,48000,656.25,-18.508215540908136,0,0,324.9155578613281,336.19818115234375,14915.265625,56.98676300048828,76.7890625,340.65924072265625,1.0
1771105540.3706455,48000,281.25,-13.766419950280795,0,0,316.8067626953125,336.19818115234375,16040.158203125,56.88140869140625,76.7890625,336.6793518066406,1.0
1771105540.4215105,48000,281.25,-13.79957490700975,0,0,290.3943786621094,336.19818115234375,15109.810546875,57.070030212402344,76.7890625,345.4060363769531,1.0
1771105540.468385,48000,328.125,-13.001519629780336,0,0,262.4800720214844,322.263427734375,10916.919921875,57.71051788330078,76.7890625,373.9339904785156,1.0
1771105540.513265,48000,328.125,-10.887508131800079,0,0,242.9024200439453,261.38531494140625,6531.111328125,58.74081802368164,91.99920654296875,444.1630859375,1.0
1771105540.5591424,48000,328.125,-13.999552894383761,0,0,226.50392150878906,223.70912170410156,3430.701904296875,58.858516693115234,91.99920654296875,453.63897705078125,1.0
1771105540.6050189,48000,328.125,-15.247175543883433,0,0,213.6510467529297,132.0441436767578,1691.7095947265625,58.36229705810547,91.99920654296875,427.12451171875,1.0
1771105540.65157,48000,328.125,-10.545412547562407,0,0,217.16932678222656,132.0441436767578,1595.127197265625,57.386940002441406,91.99920654296875,396.08245849609375,1.0
1771105540.712408,48000,328.125,-9.834849656484304,0,0,231.3365020751953,127.73173522949219,1298.1439208984375,56.96263122558594,91.99920654296875,394.1067199707031,1.0
1771105540.7998757,48000,328.125,-10.912290472990131,0,0,246.24156188964844,71.7752685546875,447.4598083496094,57.91368103027344,91.99920654296875,413.2448425292969,1.0
1771105540.8676941,48000,328.125,-10.593175911340687,1,0,250.40353393554688,67.08131408691406,410.66033935546875,58.047096252441406,91.99920654296875,415.0469665527344,1.0
1771105540.9322014,48000,328.125,-9.948201606063598,0,0,258.1446228027344,96.16004943847656,843.8464965820312,58.88017654418945,91.99920654296875,405.2543029785156,1.0
1771105540.9900568,48000,328.125,-10.856334569098538,0,0,269.90411376953125,96.16004943847656,834.03466796875,59.57082748413086,91.99920654296875,395.16375732421875,1.0
1771105541.0319936,48000,328.125,-15.276794216791217,0,0,270.3684997558594,96.16004943847656,806.885009765625,59.52977752685547,91.99920654296875,396.0120544433594,1.0
1771105541.0778759,48000,1031.25,-20.102269967693452,0,0,254.03187561035156,170.0588836669922,2260.142333984375,59.363643646240234,91.99920654296875,400.5834655761719,1.0
1771105541.1247487,48000,1031.25,-27.207508307483966,0,0,238.66326904296875,213.7476806640625,4287.1201171875,59.08839797973633,91.99920654296875,402.3941345214844,1.0
1771105541.1705956,48000,1078.125,-35.50676538376458,0,0,221.70738220214844,247.26449584960938,6989.81591796875,58.28207778930664,91.99920654296875,413.671875,1.0
1771105541.2155032,48000,1031.25,-29.462627999768017,0,0,199.7190399169922,270.3243408203125,9763.17578125,57.45602798461914,91.99920654296875,434.0355224609375,1.0
1771105541.2613811,48000,281.25,-16.150939111616694,0,0,175.5944061279297,270.3243408203125,10500.859375,58.2430534362793,91.99920654296875,441.1037292480469,1.0
1771105541.3102221,48000,234.375,-15.805092564130483,0,0,143.39508056640625,269.39361572265625,7376.1083984375,58.844078063964844,91.99920654296875,448.9532165527344,1.0
1771105541.3541365,48000,4359.375,-25.654414300394052,0,0,131.66534423828125,258.3460693359375,5739.84326171875,58.971473693847656,91.99920654296875,448.3534851074219,1.0
1771105541.4159393,48000,234.375,-18.20574181671295,0,0,103.17224884033203,161.08982849121094,1547.1651611328125,59.782081604003906,91.99920654296875,435.0213928222656,1.0
1771105541.4578276,48000,7312.5,-34.15494285483539,0,0,87.22261047363281,78.58854675292969,567.606689453125,60.62110900878906,91.99920654296875,404.39874267578125,1.0
1771105541.507725,48000,4359.375,-31.93413842050216,0,0,80.44210815429688,74.11654663085938,599.86328125,61.11488342285156,91.99920654296875,375.20001220703125,1.0
1771105541.554569,48000,4359.375,-31.93413842050216,0,0,78.16606903076172,76.84235382080078,682.2230834960938,61.34685134887695,90.66197204589844,358.7515563964844,1.0
1771105541.602442,48000,140.625,-4.95425196705359,0,0,107.56765747070312,356.0457763671875,7110.61083984375,62.027645111083984,79.13713073730469,322.33984375,1.0
1771105541.694196,48000,281.25,-19.657442196019993,0,0,221.31797790527344,472.7606201171875,33825.8515625,61.580379486083984,79.13713073730469,311.8916015625,1.0
1771105541.7620146,48000,281.25,-19.657442196019993,1,0,240.05821228027344,472.7606201171875,35905.640625,61.44218444824219,79.13713073730469,306.3172302246094,1.0
1771105541.8278382,48000,93.75,-15.743242277700105,0,0,356.8458251953125,498.91925048828125,38830.625,59.673728942871094,61.014915466308594,199.4563751220703,1.0
1771105541.8777056,48000,140.625,-14.944067196798454,0,0,409.94879150390625,510.5633544921875,30762.451171875,59.44110107421875,49.40879821777344,187.19598388671875,1.0
1771105541.9225848,48000,46.875,-18.261087184648325,0,0,463.2247314453125,510.5633544921875,15134.1806640625,59.713829040527344,49.40879821777344,194.74325561523438,1.0
1771105541.9704573,48000,93.75,-16.813360410460707,0,0,501.0633239746094,154.517578125,1389.96435546875,60.15937805175781,49.40879821777344,203.1092987060547,1.0
1771105542.0163953,48000,93.75,-16.038442180394497,0,0,507.1064453125,96.45022583007812,748.8787841796875,61.38325500488281,53.97083282470703,209.89508056640625,1.0
1771105542.0568237,48000,93.75,-9.102652754951484,0,0,519.3282470703125,173.24069213867188,1906.1258544921875,61.86879348754883,53.97083282470703,211.02706909179688,1.0
1771105542.1066904,48000,890.625,-20.766254817012978,0,0,524.4395751953125,173.24069213867188,1855.3504638671875,61.81548309326172,53.97083282470703,209.39353942871094,1.0
1771105542.1535652,48000,328.125,-19.573332796569915,0,0,534.0167846679688,155.32281494140625,1684.4149169921875,61.58580780029297,53.97083282470703,206.5668487548828,1.0
1771105542.2014372,48000,93.75,-16.662797455358668,0,0,535.891357421875,155.32281494140625,1644.2891845703125,61.70655059814453,53.97083282470703,206.20826721191406,1.0
1771105542.2443228,48000,281.25,-19.26492831299012,0,0,532.148681640625,155.32281494140625,1721.1121826171875,61.97673416137695,53.97083282470703,208.796875,1.0
1771105542.2911978,48000,281.25,-18.421107762309195,0,0,525.1920166015625,155.32281494140625,1902.6827392578125,62.55105972290039,53.97083282470703,217.0640106201172,1.0
1771105542.3530319,48000,46.875,-16.614545374838148,0,0,522.4629516601562,156.54025268554688,2067.638427734375,63.351993560791016,53.97083282470703,216.75062561035156,1.0
1771105542.445784,48000,421.875,-20.95317493608531,0,0,523.5186767578125,191.83859252929688,1981.0299072265625,65.47754669189453,53.97083282470703,206.34951782226562,1.0
1771105542.5375392,48000,93.75,-16.89941218292925,0,0,495.3083190917969,166.78271484375,2052.55029296875,69.15522766113281,64.57087707519531,182.31280517578125,1.0
1771105542.6283164,48000,421.875,-17.440717287150587,0,0,490.88726806640625,166.78271484375,1830.388671875,69.5292739868164,64.57087707519531,188.8284454345703,1.0
1771105542.6871574,48000,421.875,-17.440717287150587,1,0,491.4386291503906,166.78271484375,1853.18017578125,69.90522003173828,64.57087707519531,192.34124755859375,1.0
1771105542.7669582,48000,421.875,-14.728290528064997,0,0,487.3682861328125,166.78271484375,1816.1229248046875,72.34471130371094,64.57087707519531,202.6465301513672,1.0
1771105542.8128366,48000,421.875,-14.728290528064997,0,0,481.7434997558594,158.5594482421875,1549.126708984375,73.01229095458984,64.57087707519531,200.6597137451172,1.0
1771105542.8587143,48000,421.875,-13.327439750522597,0,0,480.4237060546875,147.16986083984375,1466.267333984375,74.75154876708984,64.57087707519531,182.49977111816406,1.0
1771105542.9041047,48000,375.0,-12.127334459189104,0,0,503.9083251953125,99.79873657226562,886.7216796875,77.2538070678711,49.828617095947266,117.01879119873047,1.0
1771105542.9509766,48000,375.0,-12.127334459189104,0,0,504.71234130859375,99.79873657226562,919.4133911132812,78.00108337402344,46.629825592041016,105.46160125732422,1.0
1771105542.9948592,48000,375.0,-11.066266017582238,0,0,505.1483154296875,99.79873657226562,926.4797973632812,80.04829406738281,56.33356475830078,124.70130157470703,1.0
1771105543.0437517,48000,375.0,-11.054496971919042,0,0,506.5205078125,99.79873657226562,938.3512573242188,81.34996032714844,56.33356475830078,131.76919555664062,1.0
1771105543.0886316,48000,375.0,-10.322310010660136,0,0,513.6216430664062,102.99472045898438,1135.40185546875,82.33423614501953,56.33356475830078,138.83505249023438,1.0
1771105543.1504848,48000,375.0,-18.570982132476676,0,0,520.042724609375,102.99472045898438,987.69140625,82.98844146728516,56.33356475830078,143.571044921875,1.0
1771105543.24241,48000,375.0,-16.90550997384441,0,0,512.4190063476562,120.69546508789062,1521.00732421875,83.53575897216797,56.33356475830078,142.3944854736328,1.0
1771105543.2902756,48000,375.0,-18.61714226635989,0,0,504.8761901855469,120.69546508789062,1519.452880859375,84.13117218017578,56.33356475830078,147.67308044433594,1.0
1771105543.3358788,48000,93.75,-11.672125211922221,0,0,508.4344177246094,142.87863159179688,1889.9481201171875,84.9450454711914,56.33356475830078,144.94129943847656,1.0
1771105543.3784413,48000,375.0,-11.382053121398808,0,0,519.9938354492188,150.09335327148438,2703.11376953125,85.62413787841797,56.33356475830078,143.79547119140625,1.0
1771105543.4185607,48000,375.0,-11.382053121398808,0,0,526.6834106445312,160.03244018554688,3147.445068359375,85.89664459228516,56.33356475830078,140.7982635498047,1.0
1771105543.4679255,48000,375.0,-16.966098342580782,0,0,530.17431640625,160.03244018554688,3419.14697265625,86.57698822021484,56.33356475830078,127.52204132080078,1.0
1771105543.510811,48000,328.125,-15.54858772415793,0,0,530.4744262695312,160.03244018554688,3460.797607421875,87.50846099853516,51.27093505859375,100.67721557617188,1.0
1771105543.5590994,48000,328.125,-15.54858772415793,1,0,533.2776489257812,160.03244018554688,3169.151123046875,88.1173324584961,46.299102783203125,84.31536102294922,1.0
1771105543.6109607,48000,890.625,-14.715273965127253,0,0,534.465576171875,150.70794677734375,2962.72216796875,88.8345718383789,46.299102783203125,82.43570709228516,1.0
1771105543.6578157,48000,93.75,-16.601130087613726,0,0,530.26416015625,165.30630493164062,3477.673583984375,90.70362854003906,46.759033203125,99.96353912353516,1.0
1771105543.6983767,48000,656.25,-19.35438290377662,0,0,514.310302734375,166.95510864257812,4028.182373046875,91.88703918457031,46.759033203125,112.6341781616211,1.0
1771105543.7492683,48000,93.75,-16.026566239330798,0,0,501.8786926269531,166.95510864257812,3479.005859375,93.70890045166016,61.34004211425781,140.6000518798828,1.0
1771105543.7946546,48000,93.75,-14.714561176419858,0,0,495.1700744628906,159.43472290039062,2684.31689453125,95.56836700439453,49.385765075683594,150.45773315429688,1.0
1771105543.8421695,48000,46.875,-15.724092048049986,0,0,489.1046447753906,140.34841918945312,1922.769775390625,96.10621643066406,49.385765075683594,156.04495239257812,1.0
1771105543.8900437,48000,46.875,-14.340315681452857,0,0,483.11627197265625,99.62997436523438,1310.420654296875,96.32645416259766,49.385765075683594,153.4091796875,1.0
1771105543.935063,48000,46.875,-16.680194360874946,0,0,483.62493896484375,99.62997436523438,1333.3770751953125,96.38410186767578,49.385765075683594,152.14813232421875,1.0
1771105543.9786122,48000,93.75,-18.096271021335685,0,0,483.3927001953125,99.62997436523438,1297.0919189453125,96.23458099365234,50.69054412841797,155.67652893066406,1.0
1771105544.0281723,48000,93.75,-19.76787637303452,0,0,481.2220153808594,108.12765502929688,1474.07080078125,95.93470764160156,54.117393493652344,163.3750762939453,1.0
1771105544.0756242,48000,93.75,-7.453540180461701,0,0,495.1974792480469,195.70846557617188,2122.024658203125,95.98477172851562,54.117393493652344,162.98597717285156,1.0
1771105544.1215298,48000,46.875,-14.043649112414315,0,0,516.1880493164062,210.14913940429688,3416.284423828125,95.54796600341797,54.117393493652344,170.60467529296875,1.0
1771105544.167011,48000,281.25,-19.050552557890587,0,0,523.0148315429688,210.14913940429688,3850.252685546875,94.7350845336914,61.960289001464844,193.3862762451172,1.0
1771105544.2158806,48000,281.25,-13.422802642153401,0,0,517.6450805664062,210.14913940429688,4039.892822265625,94.29817962646484,61.960289001464844,203.71971130371094,1.0
1771105544.2636201,48000,656.25,-12.87898860101226,0,0,509.0888671875,210.14913940429688,4653.4453125,93.79568481445312,61.960289001464844,191.0942840576172,1.0
1771105544.3196588,48000,328.125,-14.228061844494235,0,0,494.5564880371094,244.71484375,6158.50830078125,93.75123596191406,61.960289001464844,190.83450317382812,1.0
1771105544.4005036,48000,140.625,-12.402574165490268,0,0,487.86322021484375,249.17391967773438,6954.5517578125,93.4190673828125,61.960289001464844,193.27577209472656,1.0
1771105544.4489794,48000,328.125,-21.12837590663083,0,0,464.5056457519531,309.4227600097656,7609.51123046875,92.4701919555664,67.54025268554688,221.74179077148438,1.0
1771105544.4973722,48000,328.125,-21.12837590663083,1,0,423.319580078125,364.37164306640625,7491.310546875,91.43281555175781,76.07606506347656,265.86309814453125,1.0
1771105544.5422523,48000,93.75,-8.083916498259075,0,0,398.434326171875,284.0841064453125,5404.451171875,91.37493133544922,76.07606506347656,266.15106201171875,1.0
1771105544.5891268,48000,46.875,-15.690175264463358,0,0,397.8755187988281,264.07391357421875,5244.68310546875,90.54057312011719,76.07606506347656,274.7106018066406,1.0
1771105544.6369991,48000,328.125,-12.361592875862954,0,0,411.0302734375,292.49188232421875,7417.83154296875,88.96822357177734,76.07606506347656,314.95086669921875,1.0
1771105544.682876,48000,328.125,-11.724118596507688,0,0,425.626708984375,316.16522216796875,9148.4755859375,87.93135833740234,76.07606506347656,346.04473876953125,1.0
1771105544.7297509,48000,328.125,-11.928490562070982,0,0,438.3020324707031,316.16522216796875,9493.5732421875,87.02250671386719,76.07606506347656,375.9004821777344,1.0
1771105544.7765102,48000,328.125,-13.90572345438583,0,0,438.22210693359375,316.16522216796875,9529.53125,85.91223907470703,76.67105102539062,410.1371154785156,1.0
1771105544.8253784,48000,328.125,-23.838710729893688,0,0,431.8804626464844,316.16522216796875,10351.0078125,84.8396224975586,79.05245971679688,448.8167724609375,1.0
1771105544.8712568,48000,468.75,-21.3637927122633,0,0,434.44287109375,282.5480041503906,9439.421875,82.98033142089844,79.05245971679688,479.8199462890625,1.0
1771105544.9181306,48000,468.75,-21.3637927122633,0,0,432.9352722167969,309.6842041015625,9959.4365234375,82.04723358154297,79.05245971679688,478.47430419921875,1.0
1771105544.964008,48000,187.5,-30.092161146118308,0,0,383.7794494628906,405.650146484375,17686.642578125,78.47805786132812,93.89006805419922,493.30242919921875,1.0
1771105545.0118802,48000,93.75,-7.272228319333811,0,0,358.14739990234375,405.650146484375,16628.71875,76.85713958740234,90.83699798583984,425.3233947753906,1.0
1771105545.0567605,48000,46.875,-15.58440696896876,0,0,347.85125732421875,405.650146484375,13922.52734375,74.9500732421875,87.3797836303711,342.7864990234375,1.0
1771105545.1091533,48000,46.875,-16.075840735754795,0,0,335.59527587890625,301.1519775390625,10321.4931640625,72.03290557861328,69.93911743164062,274.3040771484375,1.0
1771105545.1506913,48000,46.875,-19.06395714487508,0,0,331.0597839355469,301.1519775390625,9606.1396484375,70.39228820800781,69.93911743164062,277.4976501464844,1.0
1771105545.1995375,48000,46.875,-22.22925622983112,0,0,330.0289611816406,301.1519775390625,9559.7841796875,68.84984588623047,69.93911743164062,295.05706787109375,1.0
1771105545.256817,48000,609.375,-30.850545577630236,0,0,318.17608642578125,301.1519775390625,11209.43359375,66.42330932617188,75.91869354248047,343.0628967285156,1.0
1771105545.3007247,48000,140.625,-15.018849673059869,0,0,312.703857421875,301.1519775390625,12440.994140625,64.89898681640625,76.23138427734375,370.7017517089844,1.0
1771105545.4194846,48000,281.25,-16.942138650523027,1,0,334.7568664550781,295.69622802734375,8396.123046875,63.6115608215332,76.23138427734375,347.7025146484375,1.0
1771105545.488281,48000,656.25,-13.768329105734407,0,0,314.7422180175781,251.6220245361328,5334.615234375,65.30010223388672,80.597900390625,430.9954528808594,1.0
1771105545.5356624,48000,328.125,-16.863658297567973,0,0,311.0621337890625,224.6925811767578,4872.826171875,65.50944519042969,80.597900390625,446.5267028808594,1.0
1771105545.5775867,48000,328.125,-16.632729390347695,0,0,301.9124450683594,224.6925811767578,4638.6259765625,64.8433609008789,80.597900390625,407.85809326171875,1.0
1771105545.6284506,48000,328.125,-15.396075282921975,0,0,302.86749267578125,224.6925811767578,4492.4990234375,64.23206329345703,80.597900390625,381.0677795410156,1.0
1771105545.6733713,48000,328.125,-12.085917297365214,0,0,314.9201354980469,177.10165405273438,2459.630126953125,63.61391067504883,80.597900390625,366.16424560546875,1.0
1771105545.719242,48000,328.125,-10.132896446063448,0,0,319.8836669921875,131.96798706054688,1784.68603515625,63.029483795166016,80.597900390625,365.5272521972656,1.0
1771105545.7651193,48000,328.125,-19.060037786248852,0,0,307.4417419433594,130.60755920410156,1913.619384765625,62.6457633972168,80.597900390625,372.30413818359375,1.0
1771105545.809002,48000,328.125,-11.889062117784313,0,0,294.4075927734375,130.60755920410156,1496.4898681640625,62.48143005371094,80.597900390625,354.37286376953125,1.0
1771105545.856874,48000,328.125,-11.889062117784313,0,0,293.0205993652344,130.60755920410156,1390.966796875,62.25947952270508,80.597900390625,350.9837951660156,1.0
1771105545.9027808,48000,328.125,-9.709803560702753,0,0,288.91015625,99.30400085449219,894.025390625,61.995094299316406,80.597900390625,349.78582763671875,1.0
1771105545.9516542,48000,140.625,-8.41576503927924,0,0,308.7756652832031,291.10882568359375,4904.7900390625,62.25482177734375,80.597900390625,349.6598205566406,1.0
1771105545.9955642,48000,140.625,-9.293592481548254,0,0,350.0714111328125,410.57574462890625,14327.2607421875,62.18633270263672,80.597900390625,350.67401123046875,1.0
1771105546.0424113,48000,93.75,-8.164463996229973,0,0,402.1488037109375,537.8370971679688,27592.1796875,61.873252868652344,80.597900390625,357.15423583984375,1.0
1771105546.0903726,48000,93.75,-11.163635845758213,0,0,488.5772705078125,582.8768920898438,45738.08203125,61.7109489440918,80.597900390625,361.2651672363281,1.0
1771105546.1382446,48000,93.75,-11.617829411179583,0,0,552.1369018554688,589.0081176757812,47966.296875,61.40639114379883,80.597900390625,367.6459045410156,1.0
1771105546.1841216,48000,93.75,-10.704593491755922,0,0,616.4946899414062,567.5172729492188,44880.3046875,60.90113830566406,80.597900390625,380.1172790527344,1.0
1771105546.2290301,48000,93.75,-9.548262788378294,0,0,680.3772583007812,556.1446533203125,38098.55859375,60.65216064453125,80.597900390625,388.7520446777344,1.0
1771105546.2778714,48000,93.75,-12.209565057268465,0,0,764.4822387695312,452.176513671875,15547.70703125,60.82945251464844,80.597900390625,377.34942626953125,1.0
1771105546.329768,48000,93.75,-12.209565057268465,1,0,800.4739990234375,281.378173828125,5458.95458984375,60.76384735107422,80.597900390625,376.17425537109375,1.0
1771105546.3706238,48000,93.75,-11.641013843478278,0,0,817.189697265625,194.16900634765625,1905.5689697265625,60.911598205566406,80.597900390625,375.8802795410156,1.0
1771105546.4274716,48000,93.75,-13.492138430002685,0,0,810.3582153320312,180.57745361328125,2610.5380859375,61.73667526245117,80.597900390625,366.0297546386719,1.0
1771105546.5182927,48000,93.75,-15.818327829939884,0,0,775.975830078125,246.65045166015625,6239.04052734375,62.69151306152344,80.597900390625,334.419921875,1.0
1771105546.61706,48000,93.75,-11.434690586216707,0,0,745.4525146484375,207.57904052734375,4230.60205078125,64.58638763427734,72.92930603027344,284.05145263671875,1.0
1771105546.6599722,48000,46.875,-17.524608965533083,0,0,719.8084106445312,222.87225341796875,4195.6494140625,65.32981872558594,72.92930603027344,303.4881591796875,1.0
1771105546.7068994,48000,46.875,-17.339789642439545,0,0,671.0299072265625,306.9120788574219,7289.3193359375,66.76471710205078,72.92930603027344,380.1673583984375,1.0
1771105546.7477627,48000,140.625,-16.429141873430133,0,0,636.9700927734375,310.8049621582031,9208.63671875,66.83446502685547,72.92930603027344,384.6611328125,1.0
1771105546.7976296,48000,93.75,-14.690441868845268,0,0,605.266845703125,347.77862548828125,11885.220703125,66.7917709350586,72.22188568115234,381.0487060546875,1.0
1771105546.8387277,48000,93.75,-14.690441868845268,0,0,574.983154296875,361.65106201171875,13543.388671875,67.07194519042969,72.22188568115234,398.0087890625,1.0
1771105546.8905888,48000,93.75,-12.169810689867989,0,0,555.774658203125,361.65106201171875,13253.31640625,67.3733901977539,72.22188568115234,409.56298828125,1.0
1771105546.9366055,48000,187.5,-19.911148633962643,0,0,536.7156372070312,361.65106201171875,12148.4111328125,67.62450408935547,72.22188568115234,413.2909851074219,1.0
1771105546.981486,48000,187.5,-18.352731606886753,0,0,498.7041015625,294.33221435546875,6230.97998046875,68.00029754638672,72.22188568115234,411.7421875,1.0
1771105547.0283906,48000,234.375,-15.027397559153588,0,0,460.6067810058594,182.77914428710938,2141.31494140625,69.83454132080078,72.22188568115234,417.45819091796875,1.0
1771105547.077312,48000,93.75,-10.73839571963319,0,0,459.3097229003906,161.45870971679688,1893.083740234375,70.05870819091797,72.22188568115234,422.3319396972656,1.0
1771105547.1211956,48000,46.875,-18.257214624709675,0,0,458.35211181640625,161.45870971679688,1869.361083984375,70.18852233886719,72.22188568115234,421.65399169921875,1.0
1771105547.1671145,48000,46.875,-16.638914344278497,0,0,459.5634765625,161.45870971679688,1809.4036865234375,70.36734008789062,72.22188568115234,419.0908508300781,1.0
1771105547.2129636,48000,93.75,-19.257841959928076,0,0,462.11077880859375,161.45870971679688,1678.2965087890625,70.70575714111328,72.22188568115234,418.0338439941406,1.0
1771105547.259838,48000,93.75,-19.201087954836705,0,0,455.4251403808594,161.45870971679688,1612.7249755859375,71.3546371459961,72.22188568115234,408.8982238769531,1.0
1771105547.3085012,48000,93.75,-19.201087954836705,0,0,450.184326171875,161.45870971679688,1585.6483154296875,71.62789916992188,72.22188568115234,400.85906982421875,1.0
1771105547.3553765,48000,140.625,-11.636437823806114,0,0,446.5896911621094,161.45870971679688,1801.850341796875,72.50076293945312,72.22188568115234,371.90240478515625,1.0
1771105547.4024096,48000,140.625,-15.683152809587565,0,0,452.3365478515625,155.61679077148438,1400.421875,72.88086700439453,72.22188568115234,358.53753662109375,1.0
1771105547.4562664,48000,140.625,-18.412735821400727,0,0,441.3775329589844,121.54574584960938,882.164794921875,73.48246002197266,72.22188568115234,333.8504333496094,1.0
1771105547.499151,48000,140.625,-13.411394659671902,0,0,431.1481018066406,123.91912841796875,974.8905029296875,75.77574920654297,63.438533782958984,286.4024353027344,1.0
1771105547.5520098,48000,93.75,-13.917476127469273,0,0,437.4436340332031,145.05270385742188,1611.7130126953125,76.83577728271484,63.438533782958984,283.6116027832031,1.0
1771105547.5963974,48000,375.0,-15.833656439008173,0,0,440.21209716796875,145.05270385742188,1754.03515625,77.12818908691406,63.438533782958984,283.14080810546875,1.0
1771105547.643272,48000,421.875,-17.593442131055642,0,0,442.4251403808594,145.05270385742188,1784.1907958984375,77.77932739257812,63.438533782958984,278.8227233886719,1.0
1771105547.6966357,48000,421.875,-13.244796390463282,0,0,451.3894348144531,145.05270385742188,1569.8785400390625,79.4153823852539,63.438533782958984,282.6211853027344,1.0
1771105547.7764225,48000,421.875,-11.137232079036032,0,0,457.37255859375,145.05270385742188,1385.1927490234375,81.8668212890625,66.47019958496094,298.0951843261719,1.0
1771105547.8282843,48000,421.875,-10.835078250788843,0,0,473.64398193359375,183.37704467773438,1741.12841796875,85.42925262451172,69.66619873046875,335.5105285644531,1.0
1771105547.873164,48000,93.75,-13.581286783849828,0,0,494.9231262207031,128.73117065429688,1510.845703125,87.45719146728516,69.66619873046875,369.62554931640625,1.0
1771105547.9190693,48000,93.75,-14.897319793005286,0,0,497.5257263183594,128.73117065429688,1647.9908447265625,89.17427062988281,69.66619873046875,409.4454345703125,1.0
1771105547.9649465,48000,750.0,-13.014674206297066,0,0,497.53558349609375,128.73117065429688,1721.0875244140625,89.90066528320312,72.83233642578125,444.4281311035156,1.0
1771105548.010796,48000,140.625,-16.413784238896813,0,0,491.2265625,177.05328369140625,2410.664794921875,91.0662841796875,79.98611450195312,514.179443359375,1.0
1771105548.0586681,48000,140.625,-18.859999196288683,0,0,481.6148681640625,208.132568359375,3686.212646484375,91.258544921875,79.98611450195312,521.476318359375,1.0
1771105548.1045735,48000,375.0,-17.235710980101484,0,0,469.8912658691406,229.33169555664062,5280.9228515625,91.11028289794922,79.98611450195312,517.5202026367188,1.0
1771105548.169363,48000,375.0,-9.503079400958446,1,0,452.3553466796875,229.33169555664062,6402.4208984375,91.58790588378906,79.98611450195312,522.3087158203125,1.0
1771105548.2490425,48000,375.0,-11.892875378877886,0,0,421.0200500488281,186.20663452148438,3270.6396484375,94.10881805419922,79.98611450195312,528.6478881835938,1.0
1771105548.292925,48000,93.75,-10.786684017026452,0,0,418.8592834472656,200.74563598632812,2941.231201171875,95.55109405517578,79.98611450195312,545.449951171875,1.0
1771105548.3388023,48000,375.0,-15.348043077014236,0,0,425.94647216796875,210.86398315429688,4295.259765625,96.15550994873047,79.98611450195312,550.9857788085938,1.0
1771105548.3873122,48000,375.0,-15.197267752543498,0,0,445.4971923828125,210.86398315429688,6086.83203125,97.08080291748047,79.98611450195312,525.482177734375,1.0
1771105548.4352124,48000,93.75,-14.163193363008958,0,0,455.6070861816406,212.49063110351562,6532.001953125,97.36450958251953,79.98611450195312,512.0802001953125,1.0
1771105548.4811165,48000,93.75,-9.412030744307517,0,0,509.9903869628906,364.364990234375,11274.373046875,97.75708770751953,79.98611450195312,493.8959045410156,1.0
1771105548.527892,48000,93.75,-10.631394742065002,0,0,551.5849609375,370.823974609375,13731.5224609375,98.00862121582031,79.98611450195312,483.2121276855469,1.0
1771105548.5727732,48000,328.125,-12.03876585115658,0,0,591.243896484375,343.516845703125,13358.82421875,98.41350555419922,79.98611450195312,462.3033142089844,1.0
1771105548.6220512,48000,93.75,-11.640684574277678,0,0,628.9467163085938,332.76385498046875,11566.7109375,99.25071716308594,79.98611450195312,427.1640319824219,1.0
1771105548.6668348,48000,328.125,-11.498613554400754,0,0,663.66064453125,221.03753662109375,7451.54931640625,100.82502746582031,78.62042236328125,355.4285888671875,1.0
1771105548.7176988,48000,93.75,-12.127001391695982,0,0,676.733154296875,221.03753662109375,5986.23095703125,102.00777435302734,74.82371520996094,303.5086975097656,1.0
1771105548.7651448,48000,93.75,-9.508523514074703,0,0,691.043701171875,220.93585205078125,3838.55908203125,102.7950439453125,62.826377868652344,280.2830505371094,1.0
1771105548.8100252,48000,93.75,-13.186985333134034,0,0,707.337646484375,128.10382080078125,1427.3709716796875,102.93733978271484,62.826377868652344,278.5845947265625,1.0
1771105548.8559022,48000,93.75,-12.611885511293046,0,0,710.2691650390625,116.40106201171875,1140.3189697265625,102.85909271240234,62.826377868652344,281.0099182128906,1.0
1771105548.9004426,48000,93.75,-16.215199393312428,0,0,701.7345581054688,116.40106201171875,1182.6109619140625,102.88988494873047,62.826377868652344,279.5816955566406,1.0
1771105548.9513066,48000,93.75,-16.02434663005472,0,0,676.147216796875,183.2086181640625,2318.898193359375,102.31436157226562,62.826377868652344,298.5738525390625,1.0
1771105549.0091786,48000,93.75,-15.503947505744758,0,0,636.7297973632812,247.25347900390625,4951.529296875,100.77129364013672,69.92536163330078,337.947265625,1.0
1771105549.0550563,48000,93.75,-21.21269081662676,0,0,623.321533203125,247.88967895507812,6373.56005859375,100.39039611816406,69.92536163330078,337.4340515136719,1.0
1771105549.095947,48000,140.625,-5.772153185340695,1,0,610.130126953125,247.88967895507812,6018.244140625,98.0132064819336,69.92536163330078,328.19732666015625,1.0
1771105549.136876,48000,46.875,-16.560262440082333,0,0,598.5089111328125,247.88967895507812,5622.4248046875,96.08810424804688,74.81990051269531,330.90692138671875,1.0
1771105549.1923108,48000,328.125,-12.527834862480379,0,0,581.2814331054688,235.31973266601562,4539.8466796875,93.9872817993164,77.75871276855469,333.94439697265625,1.0
1771105549.2381604,48000,656.25,-15.102844418466221,0,0,558.4542846679688,227.43087768554688,3750.72607421875,92.23981475830078,77.75871276855469,319.9203186035156,1.0
1771105549.283956,48000,656.25,-14.810797201464165,0,0,533.1630249023438,191.55776977539062,3392.99853515625,90.78004455566406,66.83102416992188,255.8849639892578,1.0
1771105549.3287659,48000,328.125,-15.059416786266196,0,0,496.9171447753906,260.7458190917969,5806.65625,89.57364654541016,66.83102416992188,221.63853454589844,1.0
1771105549.3756697,48000,328.125,-9.693409704177776,0,0,487.9703674316406,260.7458190917969,5997.73974609375,89.28514099121094,66.83102416992188,218.7604217529297,1.0
1771105549.4175284,48000,328.125,-13.05481407851127,0,0,486.3962707519531,260.7458190917969,6062.658203125,87.85979461669922,66.83102416992188,223.7467803955078,1.0
1771105549.4664285,48000,328.125,-20.263996653259024,0,0,458.7557067871094,268.2123107910156,6192.236328125,86.25338745117188,71.39598083496094,234.73814392089844,1.0
1771105549.5132723,48000,468.75,-32.513294723254276,0,0,423.2596435546875,303.4311218261719,7694.0634765625,84.55850219726562,77.28158569335938,228.67889404296875,1.0
1771105549.5591497,48000,140.625,-9.502176503032203,0,0,406.3981628417969,281.2748107910156,5694.28857421875,83.09754943847656,69.31086730957031,180.7537384033203,1.0
1771105549.6059806,48000,46.875,-15.272559578745184,0,0,402.4051513671875,237.4619140625,4900.8603515625,81.38880157470703,57.276546478271484,148.85850524902344,1.0
1771105549.6518302,48000,328.125,-10.729649250228881,0,0,415.2792663574219,282.9510803222656,6901.84765625,78.99085235595703,63.448123931884766,175.77743530273438,1.0
1771105549.7006989,48000,328.125,-11.585055494653439,0,0,432.4962463378906,284.0206604003906,8101.5302734375,77.77061462402344,63.448123931884766,207.579345703125,1.0
