[Startup] GUI framework loaded (+37 ms). Initializing application...
[Startup] Displaying splash screen...
[Startup] Loading audio engine and processing modules...

[Startup] main.py loading heavy modules...
[Startup] main.py imports ready (+1668 ms)
[Startup] Loaded main module (+1689 ms)
[Startup] Creating main window...
[Config] Legacy config migration failed: Unexpected UTF-8 BOM (decode using utf-8-sig): line 1 column 1 (char 0)
[Config] No saved config found, using defaults
[Learning] Release defaults applied — source=bundled profile=profile.tranquilizer.json, rule_fit=C:\Users\andre\Documents\vscodeworkspace\bREadbeats-master\defaults\learning\rule_fit.tranquilizer_blend.json
[Main] Auto-selected system default output device for loopback
[UI] Loaded all settings from config
[Main] Auto-connecting TCP on startup

Initialization complete. Starting GUI...

[Main] Using audio device index: 18 (loopback)
[Learning] Failed to load rule_fit: 'charmap' codec can't encode character '\u2192' in position 40: character maps to <undefined>
[Learning] Failed to load rule_fit: 'charmap' codec can't encode character '\u2192' in position 40: character maps to <undefined>
[Learning] Failed to load rule_fit: 'charmap' codec can't encode character '\u2192' in position 40: character maps to <undefined>
[Learning] Failed to load rule_fit: 'charmap' codec can't encode character '\u2192' in position 40: character maps to <undefined>
[Main] Cmd: a=0.39 b=0.61 v=1.00 P0=off C0=off P1=off P3=off GATE_FAIL=stroke_ready
[Main] Cmd: a=0.39 b=0.62 v=1.00 P0=off C0=off P1=off P3=off
[Main] Cmd: a=0.40 b=0.62 v=1.00 P0=off C0=off P1=off P3=off
[Main] Cmd: a=0.40 b=0.62 v=1.00 P0=off C0=off P1=off P3=off
[Main] Cmd: a=0.41 b=0.62 v=1.00 P0=off C0=off P1=off P3=off
[Main] Cmd: a=0.41 b=0.62 v=1.00 P0=off C0=off P1=off P3=off
[Main] Cmd: a=0.41 b=0.62 v=1.00 P0=off C0=off P1=off P3=off
[Main] Cmd: a=0.42 b=0.62 v=1.00 P0=off C0=off P1=off P3=off
[Main] Cmd: a=0.43 b=0.62 v=1.00 P0=off C0=off P1=off P3=off
[Main] Cmd: a=0.43 b=0.62 v=1.00 P0=off C0=off P1=off P3=off
[Main] Cmd: a=0.43 b=0.62 v=1.00 P0=off C0=off P1=off P3=off
[Main] Cmd: a=0.43 b=0.62 v=1.00 P0=off C0=off P1=off P3=off
[Main] Cmd: a=0.43 b=0.62 v=1.00 P0=off C0=off P1=off P3=off
[Main] Cmd: a=0.43 b=0.62 v=1.00 P0=off C0=off P1=off P3=off
[Main] Cmd: a=0.43 b=0.63 v=1.00 P0=off C0=off P1=off P3=off
[Main] Cmd: a=0.43 b=0.63 v=1.00 P0=off C0=off P1=off P3=off
[Main] Cmd: a=0.43 b=0.63 v=1.00 P0=off C0=off P1=off P3=off
[Main] Cmd: a=0.43 b=0.64 v=1.00 P0=off C0=off P1=off P3=off
[Main] Cmd: a=0.43 b=0.64 v=1.00 P0=off C0=off P1=off P3=off
[Main] Cmd: a=0.44 b=0.64 v=1.00 P0=off C0=off P1=off P3=off
[Main] Cmd: a=0.44 b=0.64 v=1.00 P0=off C0=off P1=off P3=off
[Main] Cmd: a=0.44 b=0.65 v=1.00 P0=off C0=off P1=off P3=off
[Main] Cmd: a=0.45 b=0.64 v=1.00 P0=off C0=off P1=off P3=off
[Main] Cmd: a=0.46 b=0.64 v=1.00 P0=off C0=off P1=off P3=off
[Main] Cmd: a=0.47 b=0.64 v=1.00 P0=off C0=off P1=off P3=off
[Main] Cmd: a=0.47 b=0.64 v=1.00 P0=off C0=off P1=off P3=off
[Main] Cmd: a=0.48 b=0.64 v=1.00 P0=off C0=off P1=off P3=off
[Main] Cmd: a=0.49 b=0.63 v=1.00 P0=off C0=off P1=off P3=off
[Main] Cmd: a=0.49 b=0.63 v=1.00 P0=off C0=off P1=off P3=off
[Main] Cmd: a=0.50 b=0.63 v=1.00 P0=off C0=off P1=off P3=off
[Main] Cmd: a=0.50 b=0.63 v=1.00 P0=off C0=off P1=off P3=off
[Main] Cmd: a=0.51 b=0.63 v=1.00 P0=off C0=off P1=off P3=off
[Main] Cmd: a=0.51 b=0.63 v=1.00 P0=off C0=off P1=off P3=off
[Main] Cmd: a=0.51 b=0.63 v=1.00 P0=off C0=off P1=off P3=off
[Main] Cmd: a=0.51 b=0.63 v=1.00 P0=off C0=off P1=off P3=off
[Main] Cmd: a=0.51 b=0.64 v=1.00 P0=off C0=off P1=off P3=off
[Main] Cmd: a=0.51 b=0.64 v=1.00 P0=off C0=off P1=off P3=off
[Main] Cmd: a=0.51 b=0.64 v=1.00 P0=off C0=off P1=off P3=off
[Main] Cmd: a=0.51 b=0.65 v=1.00 P0=off C0=off P1=off P3=off
[Main] Cmd: a=0.51 b=0.65 v=1.00 P0=off C0=off P1=off P3=off
[Main] Cmd: a=0.51 b=0.65 v=1.00 P0=off C0=off P1=off P3=off
[Main] Cmd: a=0.51 b=0.65 v=1.00 P0=off C0=off P1=off P3=off
[Main] Cmd: a=0.52 b=0.65 v=1.00 P0=off C0=off P1=off P3=off
[Main] Cmd: a=0.52 b=0.65 v=1.00 P0=off C0=off P1=off P3=off
[Main] Cmd: a=0.53 b=0.65 v=1.00 P0=off C0=off P1=off P3=off
[Main] Cmd: a=0.53 b=0.65 v=1.00 P0=off C0=off P1=off P3=off
[Main] Cmd: a=0.54 b=0.65 v=1.00 P0=off C0=off P1=off P3=off
[Main] Cmd: a=0.54 b=0.65 v=1.00 P0=off C0=off P1=off P3=off
[Main] Cmd: a=0.55 b=0.65 v=1.00 P0=off C0=off P1=off P3=off
[Main] Cmd: a=0.55 b=0.65 v=1.00 P0=off C0=off P1=off P3=off
[Main] Cmd: a=0.55 b=0.65 v=1.00 P0=off C0=off P1=off P3=off
[Main] Cmd: a=0.55 b=0.66 v=1.00 P0=off C0=off P1=off P3=off
[Main] Cmd: a=0.55 b=0.66 v=1.00 P0=off C0=off P1=off P3=off
[GUI] Beat counter/tempo reset due to silence.
[Main] Cmd: a=0.54 b=0.66 v=1.00 P0=off C0=off P1=off P3=off
[Main] Cmd: a=0.54 b=0.67 v=1.00 P0=off C0=off P1=off P3=off
[Main] Cmd: a=0.54 b=0.67 v=1.00 P0=off C0=off P1=off P3=off
[Main] Cmd: a=0.53 b=0.68 v=1.00 P0=off C0=off P1=off P3=off
[Main] Cmd: a=0.53 b=0.68 v=1.00 P0=off C0=off P1=off P3=off
[Main] Cmd: a=0.52 b=0.69 v=1.00 P0=off C0=off P1=off P3=off
[Main] Cmd: a=0.52 b=0.69 v=1.00 P0=off C0=off P1=off P3=off
[Main] Cmd: a=0.51 b=0.70 v=1.00 P0=off C0=off P1=off P3=off
[Main] Cmd: a=0.51 b=0.70 v=1.00 P0=off C0=off P1=off P3=off
[Main] Cmd: a=0.51 b=0.71 v=1.00 P0=off C0=off P1=off P3=off
[Main] Cmd: a=0.51 b=0.71 v=1.00 P0=off C0=off P1=off P3=off GATE_FAIL=mid_trigger
[Main] Cmd: a=0.51 b=0.71 v=1.00 P0=off C0=off P1=off P3=off
[Main] Cmd: a=0.51 b=0.71 v=1.00 P0=off C0=off P1=off P3=off
[Main] Cmd: a=0.51 b=0.71 v=1.00 P0=off C0=off P1=off P3=off
[Main] Cmd: a=0.51 b=0.72 v=1.00 P0=off C0=off P1=off P3=off
[Main] Cmd: a=0.52 b=0.72 v=1.00 P0=off C0=off P1=off P3=off
[Main] Cmd: a=0.52 b=0.72 v=1.00 P0=off C0=off P1=off P3=off
[Main] Cmd: a=0.52 b=0.72 v=1.00 P0=off C0=off P1=off P3=off
[Main] Cmd: a=0.51 b=0.72 v=1.00 P0=off C0=off P1=off P3=off
[Main] Cmd: a=0.51 b=0.73 v=1.00 P0=off C0=off P1=off P3=off
[Main] Cmd: a=0.51 b=0.73 v=1.00 P0=off C0=off P1=off P3=off
[Main] Cmd: a=0.50 b=0.73 v=1.00 P0=off C0=off P1=off P3=off
[Main] Cmd: a=0.50 b=0.74 v=1.00 P0=off C0=off P1=off P3=off
[Main] Cmd: a=0.49 b=0.74 v=1.00 P0=off C0=off P1=off P3=off
[Main] Cmd: a=0.49 b=0.75 v=1.00 P0=off C0=off P1=off P3=off
[Main] Cmd: a=0.48 b=0.75 v=1.00 P0=off C0=off P1=off P3=off
[Main] Cmd: a=0.48 b=0.76 v=1.00 P0=off C0=off P1=off P3=off GATE_FAIL=mid_trigger
[Main] Cmd: a=0.47 b=0.76 v=1.00 P0=off C0=off P1=off P3=off
[Main] Cmd: a=0.47 b=0.76 v=1.00 P0=off C0=off P1=off P3=off
[Main] Cmd: a=0.47 b=0.77 v=1.00 P0=off C0=off P1=off P3=off
[Main] Cmd: a=0.47 b=0.77 v=1.00 P0=off C0=off P1=off P3=off
[Main] Cmd: a=0.47 b=0.77 v=1.00 P0=off C0=off P1=off P3=off
[Main] Cmd: a=0.47 b=0.78 v=1.00 P0=off C0=off P1=off P3=off
[Main] Cmd: a=0.47 b=0.78 v=1.00 P0=off C0=off P1=off P3=off
[Main] Cmd: a=0.47 b=0.78 v=1.00 P0=off C0=off P1=off P3=off
[Main] Cmd: a=0.47 b=0.78 v=1.00 P0=off C0=off P1=off P3=off
[Main] Cmd: a=0.47 b=0.78 v=1.00 P0=off C0=off P1=off P3=off
[Main] Cmd: a=0.47 b=0.78 v=1.00 P0=off C0=off P1=off P3=off
[Main] Cmd: a=0.47 b=0.79 v=1.00 P0=off C0=off P1=off P3=off
[Main] Cmd: a=0.46 b=0.79 v=1.00 P0=off C0=off P1=off P3=off
[Main] Cmd: a=0.46 b=0.79 v=1.00 P0=off C0=off P1=off P3=off
[Main] Cmd: a=0.46 b=0.79 v=1.00 P0=off C0=off P1=off P3=off
[Main] Cmd: a=0.45 b=0.80 v=1.00 P0=off C0=off P1=off P3=off GATE_FAIL=mid_trigger
[Main] Cmd: a=0.45 b=0.80 v=1.00 P0=off C0=off P1=off P3=off
[Main] Cmd: a=0.44 b=0.80 v=1.00 P0=off C0=off P1=off P3=off
[Main] Cmd: a=0.43 b=0.81 v=1.00 P0=off C0=off P1=off P3=off
[Main] Cmd: a=0.43 b=0.81 v=1.00 P0=off C0=off P1=off P3=off
[Main] Cmd: a=0.42 b=0.82 v=1.00 P0=off C0=off P1=off P3=off
[Main] Cmd: a=0.42 b=0.82 v=1.00 P0=off C0=off P1=off P3=off
[Main] Cmd: a=0.42 b=0.82 v=1.00 P0=off C0=off P1=off P3=off
[Main] Cmd: a=0.42 b=0.83 v=1.00 P0=off C0=off P1=off P3=off
[Main] Cmd: a=0.41 b=0.83 v=1.00 P0=off C0=off P1=off P3=off
[Main] Cmd: a=0.41 b=0.83 v=1.00 P0=off C0=off P1=off P3=off
[Main] Cmd: a=0.41 b=0.83 v=1.00 P0=off C0=off P1=off P3=off
[Main] Cmd: a=0.41 b=0.84 v=1.00 P0=off C0=off P1=off P3=off
[Main] Cmd: a=0.41 b=0.84 v=1.00 P0=off C0=off P1=off P3=off
[Main] Cmd: a=0.41 b=0.84 v=1.00 P0=off C0=off P1=off P3=off
[Main] Cmd: a=0.41 b=0.84 v=1.00 P0=off C0=off P1=off P3=off
[Main] Cmd: a=0.41 b=0.84 v=1.00 P0=off C0=off P1=off P3=off GATE_FAIL=mid_trigger
[Main] Cmd: a=0.41 b=0.84 v=1.00 P0=off C0=off P1=off P3=off
[Main] Cmd: a=0.41 b=0.85 v=1.00 P0=off C0=off P1=off P3=off
[Main] Cmd: a=0.40 b=0.85 v=1.00 P0=off C0=off P1=off P3=off
[Main] Cmd: a=0.40 b=0.85 v=1.00 P0=off C0=off P1=off P3=off
[Main] Cmd: a=0.39 b=0.85 v=1.00 P0=off C0=off P1=off P3=off
[Main] Cmd: a=0.39 b=0.86 v=1.00 P0=off C0=off P1=off P3=off
[Main] Cmd: a=0.38 b=0.86 v=1.00 P0=off C0=off P1=off P3=off
[Main] Cmd: a=0.38 b=0.86 v=1.00 P0=off C0=off P1=off P3=off
[Main] Cmd: a=0.37 b=0.87 v=1.00 P0=off C0=off P1=off P3=off
[Main] Cmd: a=0.36 b=0.87 v=1.00 P0=off C0=off P1=off P3=off
[Main] Cmd: a=0.36 b=0.87 v=1.00 P0=off C0=off P1=off P3=off
[Main] Cmd: a=0.36 b=0.88 v=1.00 P0=off C0=off P1=off P3=off
[Main] Cmd: a=0.36 b=0.88 v=1.00 P0=off C0=off P1=off P3=off
[Main] Cmd: a=0.36 b=0.88 v=1.00 P0=off C0=off P1=off P3=off
[Main] Cmd: a=0.35 b=0.88 v=1.00 P0=off C0=off P1=off P3=off
[Main] Cmd: a=0.35 b=0.89 v=1.00 P0=off C0=off P1=off P3=off GATE_FAIL=mid_trigger
[Main] Cmd: a=0.35 b=0.89 v=1.00 P0=off C0=off P1=off P3=off
[Main] Cmd: a=0.35 b=0.89 v=1.00 P0=off C0=off P1=off P3=off
[Main] Cmd: a=0.35 b=0.89 v=1.00 P0=off C0=off P1=off P3=off
[Main] Cmd: a=0.35 b=0.89 v=1.00 P0=off C0=off P1=off P3=off
[Main] Cmd: a=0.35 b=0.89 v=1.00 P0=off C0=off P1=off P3=off
[Main] Cmd: a=0.35 b=0.89 v=1.00 P0=off C0=off P1=off P3=off
[Main] Cmd: a=0.34 b=0.90 v=1.00 P0=off C0=off P1=off P3=off
[Main] Cmd: a=0.34 b=0.90 v=1.00 P0=off C0=off P1=off P3=off
[Main] Cmd: a=0.33 b=0.90 v=1.00 P0=off C0=off P1=off P3=off
[Main] Cmd: a=0.32 b=0.90 v=1.00 P0=off C0=off P1=off P3=off
[Main] Cmd: a=0.32 b=0.91 v=1.00 P0=off C0=off P1=off P3=off
[Main] Cmd: a=0.31 b=0.91 v=1.00 P0=off C0=off P1=off P3=off
[Main] Cmd: a=0.31 b=0.91 v=1.00 P0=off C0=off P1=off P3=off
[Main] Cmd: a=0.30 b=0.91 v=1.00 P0=off C0=off P1=off P3=off
[Main] Cmd: a=0.30 b=0.92 v=1.00 P0=off C0=off P1=off P3=off
[Main] Cmd: a=0.30 b=0.92 v=1.00 P0=off C0=off P1=off P3=off GATE_FAIL=mid_trigger
[Main] Cmd: a=0.29 b=0.92 v=1.00 P0=off C0=off P1=off P3=off
[Main] Cmd: a=0.29 b=0.92 v=1.00 P0=off C0=off P1=off P3=off
[Main] Cmd: a=0.29 b=0.92 v=1.00 P0=off C0=off P1=off P3=off
[Main] Cmd: a=0.29 b=0.93 v=1.00 P0=off C0=off P1=off P3=off
[Main] Cmd: a=0.29 b=0.93 v=1.00 P0=off C0=off P1=off P3=off
[Main] Cmd: a=0.29 b=0.93 v=1.00 P0=off C0=off P1=off P3=off
[Main] Cmd: a=0.29 b=0.93 v=1.00 P0=off C0=off P1=off P3=off
[Main] Cmd: a=0.28 b=0.93 v=1.00 P0=off C0=off P1=off P3=off
[Main] Cmd: a=0.28 b=0.93 v=1.00 P0=off C0=off P1=off P3=off
[Main] Cmd: a=0.28 b=0.93 v=1.00 P0=off C0=off P1=off P3=off
[Main] Cmd: a=0.27 b=0.94 v=1.00 P0=off C0=off P1=off P3=off
[Main] Cmd: a=0.27 b=0.94 v=1.00 P0=off C0=off P1=off P3=off
[Main] Cmd: a=0.27 b=0.94 v=1.00 P0=off C0=off P1=off P3=off
[Main] Cmd: a=0.26 b=0.94 v=1.00 P0=off C0=off P1=off P3=off
[Main] Cmd: a=0.25 b=0.94 v=1.00 P0=off C0=off P1=off P3=off GATE_FAIL=mid_trigger
[Main] Cmd: a=0.25 b=0.95 v=1.00 P0=off C0=off P1=off P3=off
[Main] Cmd: a=0.24 b=0.95 v=1.00 P0=off C0=off P1=off P3=off
[Main] Cmd: a=0.24 b=0.95 v=1.00 P0=off C0=off P1=off P3=off
[Main] Cmd: a=0.23 b=0.95 v=1.00 P0=off C0=off P1=off P3=off
[Main] Cmd: a=0.23 b=0.95 v=1.00 P0=off C0=off P1=off P3=off
[Main] Cmd: a=0.23 b=0.95 v=1.00 P0=off C0=off P1=off P3=off
[Main] Cmd: a=0.22 b=0.96 v=1.00 P0=off C0=off P1=off P3=off
[Main] Cmd: a=0.22 b=0.96 v=1.00 P0=off C0=off P1=off P3=off
[Main] Cmd: a=0.22 b=0.96 v=1.00 P0=off C0=off P1=off P3=off
[Main] Cmd: a=0.22 b=0.96 v=1.00 P0=off C0=off P1=off P3=off
[Main] Cmd: a=0.22 b=0.96 v=1.00 P0=off C0=off P1=off P3=off
[Main] Cmd: a=0.21 b=0.96 v=1.00 P0=off C0=off P1=off P3=off
[Main] Cmd: a=0.21 b=0.96 v=1.00 P0=off C0=off P1=off P3=off
[Main] Cmd: a=0.21 b=0.96 v=1.00 P0=off C0=off P1=off P3=off
[Main] Cmd: a=0.21 b=0.97 v=1.00 P0=off C0=off P1=off P3=off
[Main] Cmd: a=0.20 b=0.97 v=1.00 P0=off C0=off P1=off P3=off GATE_FAIL=mid_trigger
[Main] Cmd: a=0.20 b=0.97 v=1.00 P0=off C0=off P1=off P3=off
[Main] Cmd: a=0.19 b=0.97 v=1.00 P0=off C0=off P1=off P3=off
[Main] Cmd: a=0.19 b=0.97 v=1.00 P0=off C0=off P1=off P3=off
[Main] Cmd: a=0.18 b=0.97 v=1.00 P0=off C0=off P1=off P3=off
[Main] Cmd: a=0.18 b=0.97 v=1.00 P0=off C0=off P1=off P3=off
[Main] Cmd: a=0.17 b=0.97 v=1.00 P0=off C0=off P1=off P3=off
[Main] Cmd: a=0.16 b=0.98 v=1.00 P0=off C0=off P1=off P3=off
[Main] Cmd: a=0.16 b=0.98 v=1.00 P0=off C0=off P1=off P3=off
[Main] Cmd: a=0.16 b=0.98 v=1.00 P0=off C0=off P1=off P3=off
[Main] Cmd: a=0.15 b=0.98 v=1.00 P0=off C0=off P1=off P3=off
[Main] Cmd: a=0.15 b=0.98 v=1.00 P0=off C0=off P1=off P3=off
[Main] Cmd: a=0.15 b=0.98 v=1.00 P0=off C0=off P1=off P3=off
[Main] Cmd: a=0.15 b=0.98 v=1.00 P0=off C0=off P1=off P3=off
[Main] Cmd: a=0.14 b=0.98 v=1.00 P0=off C0=off P1=off P3=off
[Main] Cmd: a=0.14 b=0.98 v=1.00 P0=off C0=off P1=off P3=off
[Main] Cmd: a=0.14 b=0.98 v=1.00 P0=off C0=off P1=off P3=off
[Main] Cmd: a=0.14 b=0.99 v=1.00 P0=off C0=off P1=off P3=off GATE_FAIL=mid_trigger
[Main] Cmd: a=0.14 b=0.99 v=1.00 P0=off C0=off P1=off P3=off
[Main] Cmd: a=0.13 b=0.99 v=1.00 P0=off C0=off P1=off P3=off
[Main] Cmd: a=0.13 b=0.99 v=1.00 P0=off C0=off P1=off P3=off
[Main] Cmd: a=0.12 b=0.99 v=1.00 P0=off C0=off P1=off P3=off
[Main] Cmd: a=0.12 b=0.99 v=1.00 P0=off C0=off P1=off P3=off
[Main] Cmd: a=0.11 b=0.99 v=1.00 P0=off C0=off P1=off P3=off
[Main] Cmd: a=0.11 b=0.99 v=1.00 P0=off C0=off P1=off P3=off
[Main] Cmd: a=0.10 b=0.99 v=1.00 P0=off C0=off P1=off P3=off
[Main] Cmd: a=0.10 b=0.99 v=1.00 P0=off C0=off P1=off P3=off
[Main] Cmd: a=0.09 b=0.99 v=1.00 P0=off C0=off P1=off P3=off
[Main] Cmd: a=0.09 b=0.99 v=1.00 P0=off C0=off P1=off P3=off
[Main] Cmd: a=0.08 b=0.99 v=1.00 P0=off C0=off P1=off P3=off
[Main] Cmd: a=0.08 b=0.99 v=1.00 P0=off C0=off P1=off P3=off
[Main] Cmd: a=0.08 b=0.99 v=1.00 P0=off C0=off P1=off P3=off
[Main] Cmd: a=0.07 b=1.00 v=1.00 P0=off C0=off P1=off P3=off
[Main] Cmd: a=0.07 b=1.00 v=1.00 P0=off C0=off P1=off P3=off
[Main] Cmd: a=0.07 b=1.00 v=1.00 P0=off C0=off P1=off P3=off
[Main] Cmd: a=0.07 b=1.00 v=1.00 P0=off C0=off P1=off P3=off GATE_FAIL=mid_trigger
[Main] Cmd: a=0.07 b=1.00 v=1.00 P0=off C0=off P1=off P3=off
[Main] Cmd: a=0.06 b=1.00 v=1.00 P0=off C0=off P1=off P3=off
[Main] Cmd: a=0.06 b=1.00 v=1.00 P0=off C0=off P1=off P3=off
[Main] Cmd: a=0.06 b=1.00 v=1.00 P0=off C0=off P1=off P3=off
[Main] Cmd: a=0.05 b=1.00 v=1.00 P0=off C0=off P1=off P3=off
[Main] Cmd: a=0.05 b=1.00 v=1.00 P0=off C0=off P1=off P3=off
[Main] Cmd: a=0.04 b=1.00 v=1.00 P0=off C0=off P1=off P3=off
[Main] Cmd: a=0.04 b=1.00 v=1.00 P0=off C0=off P1=off P3=off
[Main] Cmd: a=0.03 b=1.00 v=1.00 P0=off C0=off P1=off P3=off
[Main] Cmd: a=0.02 b=1.00 v=1.00 P0=off C0=off P1=off P3=off
[Main] Cmd: a=0.02 b=1.00 v=1.00 P0=off C0=off P1=off P3=off
[Main] Cmd: a=0.01 b=1.00 v=1.00 P0=off C0=off P1=off P3=off
[Main] Cmd: a=0.01 b=1.00 v=1.00 P0=off C0=off P1=off P3=off
[Main] Cmd: a=0.01 b=1.00 v=1.00 P0=off C0=off P1=off P3=off
[Main] Cmd: a=0.00 b=1.00 v=1.00 P0=off C0=off P1=off P3=off
[Main] Cmd: a=0.00 b=1.00 v=1.00 P0=off C0=off P1=off P3=off
[Main] Cmd: a=-0.00 b=1.00 v=1.00 P0=off C0=off P1=off P3=off
[Main] Cmd: a=-0.00 b=1.00 v=1.00 P0=off C0=off P1=off P3=off GATE_FAIL=mid_trigger
[Main] Cmd: a=-0.01 b=1.00 v=1.00 P0=off C0=off P1=off P3=off
[Main] Cmd: a=-0.01 b=1.00 v=1.00 P0=off C0=off P1=off P3=off
[Main] Cmd: a=-0.01 b=1.00 v=1.00 P0=off C0=off P1=off P3=off
[Main] Cmd: a=-0.01 b=1.00 v=1.00 P0=off C0=off P1=off P3=off
[Main] Cmd: a=-0.02 b=1.00 v=1.00 P0=off C0=off P1=off P3=off
[Main] Cmd: a=-0.02 b=1.00 v=1.00 P0=off C0=off P1=off P3=off
[Main] Cmd: a=-0.03 b=1.00 v=1.00 P0=off C0=off P1=off P3=off
[Main] Cmd: a=-0.03 b=1.00 v=1.00 P0=off C0=off P1=off P3=off
[Main] Cmd: a=-0.04 b=1.00 v=1.00 P0=off C0=off P1=off P3=off
[Main] Cmd: a=-0.04 b=1.00 v=1.00 P0=off C0=off P1=off P3=off
[Main] Cmd: a=-0.05 b=1.00 v=1.00 P0=off C0=off P1=off P3=off
[Main] Cmd: a=-0.05 b=1.00 v=1.00 P0=off C0=off P1=off P3=off
[Main] Cmd: a=-0.06 b=1.00 v=1.00 P0=off C0=off P1=off P3=off
[Main] Cmd: a=-0.06 b=1.00 v=1.00 P0=off C0=off P1=off P3=off
[Main] Cmd: a=-0.07 b=1.00 v=1.00 P0=off C0=off P1=off P3=off
[Main] Cmd: a=-0.07 b=1.00 v=1.00 P0=off C0=off P1=off P3=off
[Main] Cmd: a=-0.07 b=1.00 v=1.00 P0=off C0=off P1=off P3=off
[Main] Cmd: a=-0.08 b=1.00 v=1.00 P0=off C0=off P1=off P3=off
[Main] Cmd: a=-0.08 b=1.00 v=1.00 P0=off C0=off P1=off P3=off GATE_FAIL=mid_trigger
[Main] Cmd: a=-0.08 b=0.99 v=1.00 P0=off C0=off P1=off P3=off GATE_FAIL=mid_trigger
[Main] Cmd: a=-0.08 b=0.99 v=1.00 P0=off C0=off P1=off P3=off
[Main] Cmd: a=-0.09 b=0.99 v=1.00 P0=off C0=off P1=off P3=off
[Main] Cmd: a=-0.09 b=0.99 v=1.00 P0=off C0=off P1=off P3=off
[Main] Cmd: a=-0.09 b=0.99 v=1.00 P0=off C0=off P1=off P3=off
[Main] Cmd: a=-0.09 b=0.99 v=1.00 P0=off C0=off P1=off P3=off
[Main] Cmd: a=-0.10 b=0.99 v=1.00 P0=off C0=off P1=off P3=off
[Main] Cmd: a=-0.10 b=0.99 v=1.00 P0=off C0=off P1=off P3=off
[Main] Cmd: a=-0.11 b=0.99 v=1.00 P0=off C0=off P1=off P3=off
[Main] Cmd: a=-0.11 b=0.99 v=1.00 P0=off C0=off P1=off P3=off
[Main] Cmd: a=-0.12 b=0.99 v=1.00 P0=off C0=off P1=off P3=off
[Main] Cmd: a=-0.12 b=0.99 v=1.00 P0=off C0=off P1=off P3=off
[Main] Cmd: a=-0.13 b=0.99 v=1.00 P0=off C0=off P1=off P3=off
[Main] Cmd: a=-0.13 b=0.99 v=1.00 P0=off C0=off P1=off P3=off
[Main] Cmd: a=-0.14 b=0.98 v=1.00 P0=off C0=off P1=off P3=off
[Main] Cmd: a=-0.14 b=0.98 v=1.00 P0=off C0=off P1=off P3=off
[Main] Cmd: a=-0.15 b=0.98 v=1.00 P0=off C0=off P1=off P3=off
[Main] Cmd: a=-0.15 b=0.98 v=1.00 P0=off C0=off P1=off P3=off
[Main] Cmd: a=-0.15 b=0.98 v=1.00 P0=off C0=off P1=off P3=off GATE_FAIL=stroke_ready
[Main] Cmd: a=-0.15 b=0.98 v=1.00 P0=off C0=off P1=off P3=off
[Main] Cmd: a=-0.16 b=0.98 v=1.00 P0=off C0=off P1=off P3=off
[Main] Cmd: a=-0.16 b=0.98 v=1.00 P0=off C0=off P1=off P3=off
[Main] Cmd: a=-0.16 b=0.98 v=1.00 P0=off C0=off P1=off P3=off
[Main] Cmd: a=-0.16 b=0.98 v=1.00 P0=off C0=off P1=off P3=off
[Main] Cmd: a=-0.16 b=0.98 v=1.00 P0=off C0=off P1=off P3=off
[Main] Cmd: a=-0.17 b=0.97 v=1.00 P0=off C0=off P1=off P3=off
[Main] Cmd: a=-0.17 b=0.97 v=1.00 P0=off C0=off P1=off P3=off
[Main] Cmd: a=-0.18 b=0.97 v=1.00 P0=off C0=off P1=off P3=off
[Main] Cmd: a=-0.18 b=0.97 v=1.00 P0=off C0=off P1=off P3=off
[Main] Cmd: a=-0.19 b=0.97 v=1.00 P0=off C0=off P1=off P3=off
[Main] Cmd: a=-0.19 b=0.97 v=1.00 P0=off C0=off P1=off P3=off
[Main] Cmd: a=-0.20 b=0.97 v=1.00 P0=off C0=off P1=off P3=off
[Main] Cmd: a=-0.20 b=0.96 v=1.00 P0=off C0=off P1=off P3=off
[Main] Cmd: a=-0.21 b=0.96 v=1.00 P0=off C0=off P1=off P3=off
[Main] Cmd: a=-0.21 b=0.96 v=1.00 P0=off C0=off P1=off P3=off
[Main] Cmd: a=-0.22 b=0.96 v=1.00 P0=off C0=off P1=off P3=off
[Main] Cmd: a=-0.22 b=0.96 v=1.00 P0=off C0=off P1=off P3=off
[Main] Cmd: a=-0.22 b=0.96 v=1.00 P0=off C0=off P1=off P3=off
[Main] Cmd: a=-0.23 b=0.96 v=1.00 P0=off C0=off P1=off P3=off
[Main] Cmd: a=-0.23 b=0.96 v=1.00 P0=off C0=off P1=off P3=off
[Main] Cmd: a=-0.23 b=0.96 v=1.00 P0=off C0=off P1=off P3=off GATE_FAIL=stroke_ready
[Main] Cmd: a=-0.23 b=0.95 v=1.00 P0=off C0=off P1=off P3=off
[Main] Cmd: a=-0.23 b=0.95 v=1.00 P0=off C0=off P1=off P3=off
[Main] Cmd: a=-0.23 b=0.95 v=1.00 P0=off C0=off P1=off P3=off
[Main] Cmd: a=-0.24 b=0.95 v=1.00 P0=off C0=off P1=off P3=off
[Main] Cmd: a=-0.24 b=0.95 v=1.00 P0=off C0=off P1=off P3=off
[Main] Cmd: a=-0.24 b=0.95 v=1.00 P0=off C0=off P1=off P3=off
[Main] Cmd: a=-0.25 b=0.94 v=1.00 P0=off C0=off P1=off P3=off
[Main] Cmd: a=-0.25 b=0.94 v=1.00 P0=off C0=off P1=off P3=off
[Main] Cmd: a=-0.26 b=0.94 v=1.00 P0=off C0=off P1=off P3=off
[Main] Cmd: a=-0.26 b=0.94 v=1.00 P0=off C0=off P1=off P3=off
[Main] Cmd: a=-0.27 b=0.94 v=1.00 P0=off C0=off P1=off P3=off
[Main] Cmd: a=-0.27 b=0.93 v=1.00 P0=off C0=off P1=off P3=off
[Main] Cmd: a=-0.28 b=0.93 v=1.00 P0=off C0=off P1=off P3=off
[Main] Cmd: a=-0.29 b=0.93 v=1.00 P0=off C0=off P1=off P3=off
[Main] Cmd: a=-0.29 b=0.93 v=1.00 P0=off C0=off P1=off P3=off
[Main] Cmd: a=-0.29 b=0.93 v=1.00 P0=off C0=off P1=off P3=off
[Main] Cmd: a=-0.29 b=0.93 v=1.00 P0=off C0=off P1=off P3=off
[Main] Cmd: a=-0.30 b=0.92 v=1.00 P0=off C0=off P1=off P3=off
[Main] Cmd: a=-0.30 b=0.92 v=1.00 P0=off C0=off P1=off P3=off
[Main] Cmd: a=-0.30 b=0.92 v=1.00 P0=off C0=off P1=off P3=off
[Main] Cmd: a=-0.30 b=0.92 v=1.00 P0=off C0=off P1=off P3=off
[Main] Cmd: a=-0.30 b=0.92 v=1.00 P0=off C0=off P1=off P3=off
[Main] Cmd: a=-0.30 b=0.92 v=1.00 P0=off C0=off P1=off P3=off GATE_FAIL=stroke_ready
[Main] Cmd: a=-0.30 b=0.92 v=1.00 P0=off C0=off P1=off P3=off
[Main] Cmd: a=-0.31 b=0.91 v=1.00 P0=off C0=off P1=off P3=off
[Main] Cmd: a=-0.31 b=0.91 v=1.00 P0=off C0=off P1=off P3=off
[Main] Cmd: a=-0.31 b=0.91 v=1.00 P0=off C0=off P1=off P3=off
[Main] Cmd: a=-0.32 b=0.91 v=1.00 P0=off C0=off P1=off P3=off
[Main] Cmd: a=-0.32 b=0.90 v=1.00 P0=off C0=off P1=off P3=off
[GUI] Beat counter/tempo reset due to silence.
[Main] Cmd: a=-0.33 b=0.90 v=1.00 P0=off C0=off P1=off P3=off
[Main] Cmd: a=-0.33 b=0.90 v=1.00 P0=off C0=off P1=off P3=off
[Main] Cmd: a=-0.34 b=0.89 v=1.00 P0=off C0=off P1=off P3=off
[Main] Cmd: a=-0.35 b=0.89 v=1.00 P0=off C0=off P1=off P3=off
[Main] Cmd: a=-0.35 b=0.89 v=1.00 P0=off C0=off P1=off P3=off
[Main] Cmd: a=-0.35 b=0.89 v=1.00 P0=off C0=off P1=off P3=off
[Main] Cmd: a=-0.36 b=0.89 v=1.00 P0=off C0=off P1=off P3=off
[Main] Cmd: a=-0.36 b=0.88 v=1.00 P0=off C0=off P1=off P3=off
[Main] Cmd: a=-0.36 b=0.88 v=1.00 P0=off C0=off P1=off P3=off
[Main] Cmd: a=-0.36 b=0.88 v=1.00 P0=off C0=off P1=off P3=off
[Main] Cmd: a=-0.36 b=0.88 v=1.00 P0=off C0=off P1=off P3=off
[Main] Cmd: a=-0.36 b=0.88 v=1.00 P0=off C0=off P1=off P3=off
[Main] Cmd: a=-0.36 b=0.88 v=1.00 P0=off C0=off P1=off P3=off
[Main] Cmd: a=-0.36 b=0.88 v=1.00 P0=off C0=off P1=off P3=off
[Main] Cmd: a=-0.37 b=0.87 v=1.00 P0=off C0=off P1=off P3=off
[Main] Cmd: a=-0.37 b=0.87 v=1.00 P0=off C0=off P1=off P3=off
[Main] Cmd: a=-0.37 b=0.87 v=1.00 P0=off C0=off P1=off P3=off
[Main] Cmd: a=-0.37 b=0.86 v=1.00 P0=off C0=off P1=off P3=off GATE_FAIL=stroke_ready
[Main] Cmd: a=-0.38 b=0.86 v=1.00 P0=off C0=off P1=off P3=off
[Main] Cmd: a=-0.38 b=0.86 v=1.00 P0=off C0=off P1=off P3=off
[Main] Cmd: a=-0.39 b=0.85 v=1.00 P0=off C0=off P1=off P3=off
[Main] Cmd: a=-0.40 b=0.85 v=1.00 P0=off C0=off P1=off P3=off
[Main] Cmd: a=-0.40 b=0.85 v=1.00 P0=off C0=off P1=off P3=off
[Main] Cmd: a=-0.41 b=0.84 v=1.00 P0=off C0=off P1=off P3=off
[Main] Cmd: a=-0.41 b=0.84 v=1.00 P0=off C0=off P1=off P3=off
[Main] Cmd: a=-0.41 b=0.84 v=1.00 P0=off C0=off P1=off P3=off
[Main] Cmd: a=-0.42 b=0.84 v=1.00 P0=off C0=off P1=off P3=off
[Main] Cmd: a=-0.42 b=0.83 v=1.00 P0=off C0=off P1=off P3=off
[Main] Cmd: a=-0.42 b=0.83 v=1.00 P0=off C0=off P1=off P3=off
[Main] Cmd: a=-0.42 b=0.83 v=1.00 P0=off C0=off P1=off P3=off
[Main] Cmd: a=-0.42 b=0.83 v=1.00 P0=off C0=off P1=off P3=off GATE_FAIL=stroke_ready
[Main] Cmd: a=-0.42 b=0.83 v=1.00 P0=off C0=off P1=off P3=off
[Main] Cmd: a=-0.42 b=0.83 v=1.00 P0=off C0=off P1=off P3=off
[Main] Cmd: a=-0.42 b=0.82 v=1.00 P0=off C0=off P1=off P3=off
[Main] Cmd: a=-0.42 b=0.82 v=1.00 P0=off C0=off P1=off P3=off
[Main] Cmd: a=-0.42 b=0.82 v=1.00 P0=off C0=off P1=off P3=off
[Main] Cmd: a=-0.43 b=0.82 v=1.00 P0=off C0=off P1=off P3=off
[Main] Cmd: a=-0.43 b=0.81 v=1.00 P0=off C0=off P1=off P3=off
[Main] Cmd: a=-0.43 b=0.81 v=1.00 P0=off C0=off P1=off P3=off
[Main] Cmd: a=-0.44 b=0.81 v=1.00 P0=off C0=off P1=off P3=off
[Main] Cmd: a=-0.44 b=0.80 v=1.00 P0=off C0=off P1=off P3=off
[Main] Cmd: a=-0.45 b=0.80 v=1.00 P0=off C0=off P1=off P3=off GATE_FAIL=stroke_ready
[Main] Cmd: a=-0.45 b=0.79 v=1.00 P0=off C0=off P1=off P3=off
[Main] Cmd: a=-0.46 b=0.79 v=1.00 P0=off C0=off P1=off P3=off
[Main] Cmd: a=-0.46 b=0.79 v=1.00 P0=off C0=off P1=off P3=off
[Main] Cmd: a=-0.47 b=0.78 v=1.00 P0=off C0=off P1=off P3=off
[Main] Cmd: a=-0.47 b=0.78 v=1.00 P0=off C0=off P1=off P3=off
[Main] Cmd: a=-0.48 b=0.78 v=1.00 P0=off C0=off P1=off P3=off
[Main] Cmd: a=-0.48 b=0.78 v=1.00 P0=off C0=off P1=off P3=off
[Main] Cmd: a=-0.48 b=0.77 v=1.00 P0=off C0=off P1=off P3=off
[Main] Cmd: a=-0.48 b=0.77 v=1.00 P0=off C0=off P1=off P3=off
[Main] Cmd: a=-0.48 b=0.77 v=1.00 P0=off C0=off P1=off P3=off
[Main] Cmd: a=-0.48 b=0.77 v=1.00 P0=off C0=off P1=off P3=off
[Main] Cmd: a=-0.47 b=0.77 v=1.00 P0=off C0=off P1=off P3=off
[Main] Cmd: a=-0.47 b=0.76 v=1.00 P0=off C0=off P1=off P3=off
[Main] Cmd: a=-0.47 b=0.76 v=1.00 P0=off C0=off P1=off P3=off
[Main] Cmd: a=-0.47 b=0.76 v=1.00 P0=off C0=off P1=off P3=off
[Main] Cmd: a=-0.48 b=0.76 v=1.00 P0=off C0=off P1=off P3=off
[Main] Cmd: a=-0.48 b=0.75 v=1.00 P0=off C0=off P1=off P3=off
[Main] Cmd: a=-0.48 b=0.75 v=1.00 P0=off C0=off P1=off P3=off
[Main] Cmd: a=-0.49 b=0.74 v=1.00 P0=off C0=off P1=off P3=off
[Main] Cmd: a=-0.49 b=0.74 v=1.00 P0=off C0=off P1=off P3=off
[Main] Cmd: a=-0.50 b=0.73 v=1.00 P0=off C0=off P1=off P3=off
[Main] Cmd: a=-0.50 b=0.73 v=1.00 P0=off C0=off P1=off P3=off
[Main] Cmd: a=-0.51 b=0.72 v=1.00 P0=off C0=off P1=off P3=off GATE_FAIL=stroke_ready
[Main] Cmd: a=-0.51 b=0.72 v=1.00 P0=off C0=off P1=off P3=off
[Main] Cmd: a=-0.52 b=0.72 v=1.00 P0=off C0=off P1=off P3=off
[Main] Cmd: a=-0.52 b=0.71 v=1.00 P0=off C0=off P1=off P3=off
[Main] Cmd: a=-0.52 b=0.71 v=1.00 P0=off C0=off P1=off P3=off
[Main] Cmd: a=-0.52 b=0.71 v=1.00 P0=off C0=off P1=off P3=off
[Main] Cmd: a=-0.52 b=0.71 v=1.00 P0=off C0=off P1=off P3=off
[Main] Cmd: a=-0.52 b=0.71 v=1.00 P0=off C0=off P1=off P3=off
[Main] Cmd: a=-0.52 b=0.70 v=1.00 P0=off C0=off P1=off P3=off
[Main] Cmd: a=-0.52 b=0.70 v=1.00 P0=off C0=off P1=off P3=off
[Main] Cmd: a=-0.52 b=0.70 v=1.00 P0=off C0=off P1=off P3=off
[Main] Cmd: a=-0.52 b=0.70 v=1.00 P0=off C0=off P1=off P3=off
[Main] Cmd: a=-0.52 b=0.70 v=1.00 P0=off C0=off P1=off P3=off
[Main] Cmd: a=-0.52 b=0.69 v=1.00 P0=off C0=off P1=off P3=off
[Main] Cmd: a=-0.52 b=0.69 v=1.00 P0=off C0=off P1=off P3=off
[Main] Cmd: a=-0.52 b=0.68 v=1.00 P0=off C0=off P1=off P3=off
[Main] Cmd: a=-0.52 b=0.68 v=1.00 P0=off C0=off P1=off P3=off
[Main] Cmd: a=-0.53 b=0.67 v=1.00 P0=off C0=off P1=off P3=off
[Main] Cmd: a=-0.53 b=0.67 v=1.00 P0=off C0=off P1=off P3=off
[GUI] Beat counter/tempo reset due to silence.
[Main] Cmd: a=-0.54 b=0.66 v=1.00 P0=off C0=off P1=off P3=off
[Main] Cmd: a=-0.54 b=0.66 v=1.00 P0=off C0=off P1=off P3=off
[Main] Cmd: a=-0.55 b=0.65 v=1.00 P0=off C0=off P1=off P3=off
[Main] Cmd: a=-0.55 b=0.65 v=1.00 P0=off C0=off P1=off P3=off
[Main] Cmd: a=-0.56 b=0.64 v=1.00 P0=off C0=off P1=off P3=off GATE_FAIL=stroke_ready
[Main] Cmd: a=-0.56 b=0.64 v=1.00 P0=off C0=off P1=off P3=off
[Main] Cmd: a=-0.56 b=0.64 v=1.00 P0=off C0=off P1=off P3=off
[Main] Cmd: a=-0.56 b=0.64 v=1.00 P0=off C0=off P1=off P3=off
[Main] Cmd: a=-0.56 b=0.64 v=1.00 P0=off C0=off P1=off P3=off
[Main] Cmd: a=-0.56 b=0.63 v=1.00 P0=off C0=off P1=off P3=off
[Main] Cmd: a=-0.55 b=0.63 v=1.00 P0=off C0=off P1=off P3=off
[Main] Cmd: a=-0.55 b=0.63 v=1.00 P0=off C0=off P1=off P3=off
[Main] Cmd: a=-0.55 b=0.63 v=1.00 P0=off C0=off P1=off P3=off
[Main] Cmd: a=-0.55 b=0.63 v=1.00 P0=off C0=off P1=off P3=off
[Main] Cmd: a=-0.55 b=0.62 v=1.00 P0=off C0=off P1=off P3=off
[Main] Cmd: a=-0.55 b=0.62 v=1.00 P0=off C0=off P1=off P3=off
[Main] Cmd: a=-0.55 b=0.61 v=1.00 P0=off C0=off P1=off P3=off
[Main] Cmd: a=-0.55 b=0.61 v=1.00 P0=off C0=off P1=off P3=off
[Main] Cmd: a=-0.56 b=0.60 v=1.00 P0=off C0=off P1=off P3=off
[Main] Cmd: a=-0.56 b=0.60 v=1.00 P0=off C0=off P1=off P3=off
[Main] Cmd: a=-0.57 b=0.59 v=1.00 P0=off C0=off P1=off P3=off
[Main] Cmd: a=-0.57 b=0.58 v=1.00 P0=off C0=off P1=off P3=off
[Main] Cmd: a=-0.58 b=0.58 v=1.00 P0=off C0=off P1=off P3=off
[Main] Cmd: a=-0.58 b=0.57 v=1.00 P0=off C0=off P1=off P3=off
[Main] Cmd: a=-0.58 b=0.57 v=1.00 P0=off C0=off P1=off P3=off
[Main] Cmd: a=-0.59 b=0.57 v=1.00 P0=off C0=off P1=off P3=off GATE_FAIL=stroke_ready
[Main] Cmd: a=-0.59 b=0.56 v=1.00 P0=off C0=off P1=off P3=off
[Main] Cmd: a=-0.59 b=0.56 v=1.00 P0=off C0=off P1=off P3=off
[Main] Cmd: a=-0.59 b=0.56 v=1.00 P0=off C0=off P1=off P3=off
[Main] Cmd: a=-0.58 b=0.56 v=1.00 P0=off C0=off P1=off P3=off
[Main] Cmd: a=-0.58 b=0.56 v=1.00 P0=off C0=off P1=off P3=off
[Main] Cmd: a=-0.58 b=0.56 v=1.00 P0=off C0=off P1=off P3=off
[Main] Cmd: a=-0.58 b=0.56 v=1.00 P0=off C0=off P1=off P3=off
[Main] Cmd: a=-0.57 b=0.56 v=1.00 P0=off C0=off P1=off P3=off
[Main] Cmd: a=-0.57 b=0.55 v=1.00 P0=off C0=off P1=off P3=off
[Main] Cmd: a=-0.57 b=0.55 v=1.00 P0=off C0=off P1=off P3=off
[Main] Cmd: a=-0.57 b=0.54 v=1.00 P0=off C0=off P1=off P3=off
[Main] Cmd: a=-0.57 b=0.54 v=1.00 P0=off C0=off P1=off P3=off
[Main] Cmd: a=-0.58 b=0.53 v=1.00 P0=off C0=off P1=off P3=off
[Main] Cmd: a=-0.58 b=0.53 v=1.00 P0=off C0=off P1=off P3=off
[Main] Cmd: a=-0.58 b=0.52 v=1.00 P0=off C0=off P1=off P3=off
[Main] Cmd: a=-0.59 b=0.52 v=1.00 P0=off C0=off P1=off P3=off
[Main] Cmd: a=-0.59 b=0.51 v=1.00 P0=off C0=off P1=off P3=off
[Main] Cmd: a=-0.59 b=0.50 v=1.00 P0=off C0=off P1=off P3=off
[Main] Cmd: a=-0.59 b=0.50 v=1.00 P0=off C0=off P1=off P3=off
[Main] Cmd: a=-0.60 b=0.49 v=1.00 P0=off C0=off P1=off P3=off GATE_FAIL=stroke_ready
[Main] Cmd: a=-0.60 b=0.49 v=1.00 P0=off C0=off P1=off P3=off
[Main] Cmd: a=-0.60 b=0.49 v=1.00 P0=off C0=off P1=off P3=off
[Main] Cmd: a=-0.60 b=0.48 v=1.00 P0=off C0=off P1=off P3=off
[Main] Cmd: a=-0.60 b=0.48 v=1.00 P0=off C0=off P1=off P3=off
[Main] Cmd: a=-0.60 b=0.48 v=1.00 P0=off C0=off P1=off P3=off
[Main] Cmd: a=-0.60 b=0.47 v=1.00 P0=off C0=off P1=off P3=off
[Main] Cmd: a=-0.60 b=0.47 v=1.00 P0=off C0=off P1=off P3=off
[Main] Cmd: a=-0.60 b=0.47 v=1.00 P0=off C0=off P1=off P3=off
[Main] Cmd: a=-0.60 b=0.46 v=1.00 P0=off C0=off P1=off P3=off
[Main] Cmd: a=-0.60 b=0.46 v=1.00 P0=off C0=off P1=off P3=off
[Main] Cmd: a=-0.60 b=0.46 v=1.00 P0=off C0=off P1=off P3=off
[Main] Cmd: a=-0.60 b=0.46 v=1.00 P0=off C0=off P1=off P3=off
[Main] Cmd: a=-0.60 b=0.45 v=1.00 P0=off C0=off P1=off P3=off
[Main] Cmd: a=-0.60 b=0.45 v=1.00 P0=off C0=off P1=off P3=off
[Main] Cmd: a=-0.60 b=0.45 v=1.00 P0=off C0=off P1=off P3=off
[Main] Cmd: a=-0.60 b=0.44 v=1.00 P0=off C0=off P1=off P3=off
[Main] Cmd: a=-0.60 b=0.44 v=1.00 P0=off C0=off P1=off P3=off
[Main] Cmd: a=-0.59 b=0.44 v=1.00 P0=off C0=off P1=off P3=off
[Main] Cmd: a=-0.59 b=0.44 v=1.00 P0=off C0=off P1=off P3=off GATE_FAIL=stroke_ready
[Main] Cmd: a=-0.59 b=0.43 v=1.00 P0=off C0=off P1=off P3=off
[Main] Cmd: a=-0.59 b=0.43 v=1.00 P0=off C0=off P1=off P3=off
[Main] Cmd: a=-0.59 b=0.42 v=1.00 P0=off C0=off P1=off P3=off
[Main] Cmd: a=-0.59 b=0.42 v=1.00 P0=off C0=off P1=off P3=off
[Main] Cmd: a=-0.59 b=0.42 v=1.00 P0=off C0=off P1=off P3=off
[Main] Cmd: a=-0.59 b=0.41 v=1.00 P0=off C0=off P1=off P3=off
[Main] Cmd: a=-0.59 b=0.41 v=1.00 P0=off C0=off P1=off P3=off
[Main] Cmd: a=-0.59 b=0.40 v=1.00 P0=off C0=off P1=off P3=off
[Main] Cmd: a=-0.59 b=0.40 v=1.00 P0=off C0=off P1=off P3=off
[Main] Cmd: a=-0.60 b=0.39 v=1.00 P0=off C0=off P1=off P3=off
[Main] Cmd: a=-0.60 b=0.39 v=1.00 P0=off C0=off P1=off P3=off
[Main] Cmd: a=-0.60 b=0.38 v=1.00 P0=off C0=off P1=off P3=off
[Main] Cmd: a=-0.60 b=0.38 v=1.00 P0=off C0=off P1=off P3=off GATE_FAIL=stroke_ready
[Main] Cmd: a=-0.60 b=0.37 v=1.00 P0=off C0=off P1=off P3=off
[Main] Cmd: a=-0.60 b=0.37 v=1.00 P0=off C0=off P1=off P3=off
[Main] Cmd: a=-0.60 b=0.36 v=1.00 P0=off C0=off P1=off P3=off
[Main] Cmd: a=-0.60 b=0.36 v=1.00 P0=off C0=off P1=off P3=off
[Main] Cmd: a=-0.60 b=0.35 v=1.00 P0=off C0=off P1=off P3=off
[Main] Cmd: a=-0.60 b=0.35 v=1.00 P0=off C0=off P1=off P3=off
[Main] Cmd: a=-0.60 b=0.34 v=1.00 P0=off C0=off P1=off P3=off
[Main] Cmd: a=-0.60 b=0.34 v=1.00 P0=off C0=off P1=off P3=off GATE_FAIL=stroke_ready
[Main] Cmd: a=-0.60 b=0.34 v=1.00 P0=off C0=off P1=off P3=off
[Main] Cmd: a=-0.60 b=0.33 v=1.00 P0=off C0=off P1=off P3=off
[Main] Cmd: a=-0.60 b=0.33 v=1.00 P0=off C0=off P1=off P3=off
[Main] Cmd: a=-0.60 b=0.33 v=1.00 P0=off C0=off P1=off P3=off
[Main] Cmd: a=-0.60 b=0.32 v=1.00 P0=off C0=off P1=off P3=off
[Main] Cmd: a=-0.60 b=0.32 v=1.00 P0=off C0=off P1=off P3=off
[Main] Cmd: a=-0.60 b=0.32 v=1.00 P0=off C0=off P1=off P3=off
[Main] Cmd: a=-0.60 b=0.32 v=1.00 P0=off C0=off P1=off P3=off
[Main] Cmd: a=-0.60 b=0.31 v=1.00 P0=off C0=off P1=off P3=off
[Main] Cmd: a=-0.60 b=0.31 v=1.00 P0=off C0=off P1=off P3=off
[Main] Cmd: a=-0.59 b=0.31 v=1.00 P0=off C0=off P1=off P3=off
[Main] Cmd: a=-0.59 b=0.31 v=1.00 P0=off C0=off P1=off P3=off
[Main] Cmd: a=-0.59 b=0.30 v=1.00 P0=off C0=off P1=off P3=off
[Main] Cmd: a=-0.59 b=0.30 v=1.00 P0=off C0=off P1=off P3=off
[Main] Cmd: a=-0.59 b=0.30 v=1.00 P0=off C0=off P1=off P3=off
[Main] Cmd: a=-0.58 b=0.30 v=1.00 P0=off C0=off P1=off P3=off
[Main] Cmd: a=-0.58 b=0.29 v=1.00 P0=off C0=off P1=off P3=off
[Main] Cmd: a=-0.58 b=0.29 v=1.00 P0=off C0=off P1=off P3=off
[Main] Cmd: a=-0.58 b=0.29 v=1.00 P0=off C0=off P1=off P3=off
[Main] Cmd: a=-0.58 b=0.28 v=1.00 P0=off C0=off P1=off P3=off
[Main] Cmd: a=-0.58 b=0.28 v=1.00 P0=off C0=off P1=off P3=off
[Main] Cmd: a=-0.58 b=0.27 v=1.00 P0=off C0=off P1=off P3=off
[Main] Cmd: a=-0.58 b=0.27 v=1.00 P0=off C0=off P1=off P3=off
[Main] Cmd: a=-0.58 b=0.26 v=1.00 P0=off C0=off P1=off P3=off
[Main] Cmd: a=-0.58 b=0.26 v=1.00 P0=off C0=off P1=off P3=off
[Main] Cmd: a=-0.58 b=0.25 v=1.00 P0=off C0=off P1=off P3=off
[Main] Cmd: a=-0.58 b=0.24 v=1.00 P0=off C0=off P1=off P3=off
[Main] Cmd: a=-0.58 b=0.24 v=1.00 P0=off C0=off P1=off P3=off
[Main] Cmd: a=-0.58 b=0.23 v=1.00 P0=off C0=off P1=off P3=off
[Main] Cmd: a=-0.58 b=0.23 v=1.00 P0=off C0=off P1=off P3=off
[Main] Cmd: a=-0.58 b=0.22 v=1.00 P0=off C0=off P1=off P3=off
[Main] Cmd: a=-0.58 b=0.22 v=1.00 P0=off C0=off P1=off P3=off
[Main] Cmd: a=-0.58 b=0.21 v=1.00 P0=off C0=off P1=off P3=off
[Main] Cmd: a=-0.58 b=0.21 v=1.00 P0=off C0=off P1=off P3=off
[Main] Cmd: a=-0.58 b=0.21 v=1.00 P0=off C0=off P1=off P3=off
[Main] Cmd: a=-0.58 b=0.20 v=1.00 P0=off C0=off P1=off P3=off
[Main] Cmd: a=-0.58 b=0.20 v=1.00 P0=off C0=off P1=off P3=off
[Main] Cmd: a=-0.58 b=0.20 v=1.00 P0=off C0=off P1=off P3=off
[Main] Cmd: a=-0.58 b=0.19 v=1.00 P0=off C0=off P1=off P3=off
[Main] Cmd: a=-0.57 b=0.19 v=1.00 P0=off C0=off P1=off P3=off
[Main] Cmd: a=-0.57 b=0.19 v=1.00 P0=off C0=off P1=off P3=off
[Main] Cmd: a=-0.57 b=0.19 v=1.00 P0=off C0=off P1=off P3=off
[Main] Cmd: a=-0.56 b=0.19 v=1.00 P0=off C0=off P1=off P3=off
[Main] Cmd: a=-0.56 b=0.19 v=1.00 P0=off C0=off P1=off P3=off
[Main] Cmd: a=-0.55 b=0.19 v=1.00 P0=off C0=off P1=off P3=off GATE_FAIL=mid_trigger
[Main] Cmd: a=-0.55 b=0.19 v=1.00 P0=off C0=off P1=off P3=off
[Main] Cmd: a=-0.55 b=0.19 v=1.00 P0=off C0=off P1=off P3=off
[Main] Cmd: a=-0.54 b=0.18 v=1.00 P0=off C0=off P1=off P3=off
[Main] Cmd: a=-0.54 b=0.18 v=1.00 P0=off C0=off P1=off P3=off
[Main] Cmd: a=-0.54 b=0.17 v=1.00 P0=off C0=off P1=off P3=off
[Main] Cmd: a=-0.54 b=0.17 v=1.00 P0=off C0=off P1=off P3=off
[Main] Cmd: a=-0.54 b=0.16 v=1.00 P0=off C0=off P1=off P3=off
[Main] Cmd: a=-0.54 b=0.15 v=1.00 P0=off C0=off P1=off P3=off
[Main] Cmd: a=-0.54 b=0.14 v=1.00 P0=off C0=off P1=off P3=off
[Main] Cmd: a=-0.55 b=0.13 v=1.00 P0=off C0=off P1=off P3=off
[Main] Cmd: a=-0.55 b=0.13 v=1.00 P0=off C0=off P1=off P3=off
[Main] Cmd: a=-0.55 b=0.12 v=1.00 P0=off C0=off P1=off P3=off
[Main] Cmd: a=-0.55 b=0.12 v=1.00 P0=off C0=off P1=off P3=off
[Main] Cmd: a=-0.55 b=0.12 v=1.00 P0=off C0=off P1=off P3=off
[Main] Cmd: a=-0.55 b=0.11 v=1.00 P0=off C0=off P1=off P3=off GATE_FAIL=mid_trigger
[Main] Cmd: a=-0.54 b=0.11 v=1.00 P0=off C0=off P1=off P3=off
[Main] Cmd: a=-0.54 b=0.11 v=1.00 P0=off C0=off P1=off P3=off
[Main] Cmd: a=-0.54 b=0.11 v=1.00 P0=off C0=off P1=off P3=off
[Main] Cmd: a=-0.53 b=0.12 v=1.00 P0=off C0=off P1=off P3=off
[Main] Cmd: a=-0.53 b=0.11 v=1.00 P0=off C0=off P1=off P3=off
[Main] Cmd: a=-0.52 b=0.11 v=1.00 P0=off C0=off P1=off P3=off
[Main] Cmd: a=-0.52 b=0.11 v=1.00 P0=off C0=off P1=off P3=off
[Main] Cmd: a=-0.52 b=0.11 v=1.00 P0=off C0=off P1=off P3=off
[Main] Cmd: a=-0.52 b=0.11 v=1.00 P0=off C0=off P1=off P3=off
[Main] Cmd: a=-0.51 b=0.10 v=1.00 P0=off C0=off P1=off P3=off
[Main] Cmd: a=-0.51 b=0.10 v=1.00 P0=off C0=off P1=off P3=off
[Main] Cmd: a=-0.51 b=0.10 v=1.00 P0=off C0=off P1=off P3=off
[Main] Cmd: a=-0.51 b=0.09 v=1.00 P0=off C0=off P1=off P3=off
[Main] Cmd: a=-0.50 b=0.09 v=1.00 P0=off C0=off P1=off P3=off
[Main] Cmd: a=-0.50 b=0.09 v=1.00 P0=off C0=off P1=off P3=off
[Main] Cmd: a=-0.50 b=0.08 v=1.00 P0=off C0=off P1=off P3=off
[Main] Cmd: a=-0.50 b=0.08 v=1.00 P0=off C0=off P1=off P3=off GATE_FAIL=low_band
[Main] Cmd: a=-0.49 b=0.07 v=1.00 P0=off C0=off P1=off P3=off
[Main] Cmd: a=-0.49 b=0.07 v=1.00 P0=off C0=off P1=off P3=off
[Main] Cmd: a=-0.49 b=0.07 v=1.00 P0=off C0=off P1=off P3=off
[Main] Cmd: a=-0.49 b=0.06 v=1.00 P0=off C0=off P1=off P3=off
[GUI] Beat counter/tempo reset due to silence.
[Main] Cmd: a=-0.49 b=0.06 v=1.00 P0=off C0=off P1=off P3=off
[Main] Cmd: a=-0.49 b=0.06 v=1.00 P0=off C0=off P1=off P3=off
[Main] Cmd: a=-0.48 b=0.05 v=1.00 P0=off C0=off P1=off P3=off
[Main] Cmd: a=-0.48 b=0.05 v=1.00 P0=off C0=off P1=off P3=off
[Main] Cmd: a=-0.48 b=0.04 v=1.00 P0=off C0=off P1=off P3=off
[Main] Cmd: a=-0.48 b=0.04 v=1.00 P0=off C0=off P1=off P3=off
[Main] Cmd: a=-0.48 b=0.03 v=1.00 P0=off C0=off P1=off P3=off
[Main] Cmd: a=-0.48 b=0.03 v=1.00 P0=off C0=off P1=off P3=off
[Main] Cmd: a=-0.47 b=0.03 v=1.00 P0=off C0=off P1=off P3=off
[Main] Cmd: a=-0.47 b=0.02 v=1.00 P0=off C0=off P1=off P3=off
[Main] Cmd: a=-0.47 b=0.02 v=1.00 P0=off C0=off P1=off P3=off
[Main] Cmd: a=-0.47 b=0.02 v=1.00 P0=off C0=off P1=off P3=off GATE_FAIL=low_band
[Main] Cmd: a=-0.47 b=0.01 v=1.00 P0=off C0=off P1=off P3=off
[Main] Cmd: a=-0.46 b=0.01 v=1.00 P0=off C0=off P1=off P3=off
[Main] Cmd: a=-0.46 b=0.01 v=1.00 P0=off C0=off P1=off P3=off
[Main] Cmd: a=-0.46 b=0.00 v=1.00 P0=off C0=off P1=off P3=off
[Main] Cmd: a=-0.46 b=-0.00 v=1.00 P0=off C0=off P1=off P3=off
[Main] Cmd: a=-0.46 b=-0.00 v=1.00 P0=off C0=off P1=off P3=off
[Main] Cmd: a=-0.45 b=-0.01 v=1.00 P0=off C0=off P1=off P3=off
[Main] Cmd: a=-0.45 b=-0.01 v=1.00 P0=off C0=off P1=off P3=off
[Main] Cmd: a=-0.45 b=-0.01 v=1.00 P0=off C0=off P1=off P3=off
[Main] Cmd: a=-0.44 b=-0.01 v=1.00 P0=off C0=off P1=off P3=off
[Main] Cmd: a=-0.44 b=-0.02 v=1.00 P0=off C0=off P1=off P3=off
[Main] Cmd: a=-0.44 b=-0.02 v=1.00 P0=off C0=off P1=off P3=off
[Main] Cmd: a=-0.44 b=-0.02 v=1.00 P0=off C0=off P1=off P3=off
[Main] Cmd: a=-0.43 b=-0.02 v=1.00 P0=off C0=off P1=off P3=off
[Main] Cmd: a=-0.43 b=-0.03 v=1.00 P0=off C0=off P1=off P3=off
[Main] Cmd: a=-0.43 b=-0.03 v=1.00 P0=off C0=off P1=off P3=off
[Main] Cmd: a=-0.42 b=-0.03 v=1.00 P0=off C0=off P1=off P3=off GATE_FAIL=high_band
[Main] Cmd: a=-0.42 b=-0.03 v=1.00 P0=off C0=off P1=off P3=off
[Main] Cmd: a=-0.42 b=-0.03 v=1.00 P0=off C0=off P1=off P3=off
[Main] Cmd: a=-0.42 b=-0.03 v=1.00 P0=off C0=off P1=off P3=off
[Main] Cmd: a=-0.41 b=-0.03 v=1.00 P0=off C0=off P1=off P3=off
[Main] Cmd: a=-0.41 b=-0.04 v=1.00 P0=off C0=off P1=off P3=off
[Main] Cmd: a=-0.41 b=-0.04 v=1.00 P0=off C0=off P1=off P3=off
[Main] Cmd: a=-0.40 b=-0.04 v=1.00 P0=off C0=off P1=off P3=off
[Main] Cmd: a=-0.40 b=-0.04 v=1.00 P0=off C0=off P1=off P3=off
[Main] Cmd: a=-0.40 b=-0.04 v=1.00 P0=off C0=off P1=off P3=off
[Main] Cmd: a=-0.39 b=-0.05 v=1.00 P0=off C0=off P1=off P3=off
[Main] Cmd: a=-0.39 b=-0.05 v=1.00 P0=off C0=off P1=off P3=off
[Main] Cmd: a=-0.39 b=-0.05 v=1.00 P0=off C0=off P1=off P3=off
[Main] Cmd: a=-0.38 b=-0.05 v=1.00 P0=off C0=off P1=off P3=off
[Main] Cmd: a=-0.38 b=-0.05 v=1.00 P0=off C0=off P1=off P3=off
[Main] Cmd: a=-0.37 b=-0.05 v=1.00 P0=off C0=off P1=off P3=off
[Main] Cmd: a=-0.37 b=-0.05 v=1.00 P0=off C0=off P1=off P3=off
[Main] Cmd: a=-0.37 b=-0.06 v=1.00 P0=off C0=off P1=off P3=off GATE_FAIL=mid_trigger
[Main] Cmd: a=-0.36 b=-0.06 v=1.00 P0=off C0=off P1=off P3=off
[Main] Cmd: a=-0.36 b=-0.07 v=1.00 P0=off C0=off P1=off P3=off
[Main] Cmd: a=-0.36 b=-0.07 v=1.00 P0=off C0=off P1=off P3=off
[Main] Cmd: a=-0.36 b=-0.08 v=1.00 P0=off C0=off P1=off P3=off
[Main] Cmd: a=-0.35 b=-0.08 v=1.00 P0=off C0=off P1=off P3=off
[Main] Cmd: a=-0.35 b=-0.08 v=1.00 P0=off C0=off P1=off P3=off
[Main] Cmd: a=-0.35 b=-0.09 v=1.00 P0=off C0=off P1=off P3=off
[Main] Cmd: a=-0.35 b=-0.09 v=1.00 P0=off C0=off P1=off P3=off
[Main] Cmd: a=-0.34 b=-0.09 v=1.00 P0=off C0=off P1=off P3=off
[Main] Cmd: a=-0.34 b=-0.10 v=1.00 P0=off C0=off P1=off P3=off
[Main] Cmd: a=-0.34 b=-0.10 v=1.00 P0=off C0=off P1=off P3=off
[Main] Cmd: a=-0.34 b=-0.11 v=1.00 P0=off C0=off P1=off P3=off
[Main] Cmd: a=-0.33 b=-0.11 v=1.00 P0=off C0=off P1=off P3=off
[Main] Cmd: a=-0.33 b=-0.11 v=1.00 P0=off C0=off P1=off P3=off
[Main] Cmd: a=-0.33 b=-0.11 v=1.00 P0=off C0=off P1=off P3=off
[Main] Cmd: a=-0.33 b=-0.12 v=1.00 P0=off C0=off P1=off P3=off GATE_FAIL=high_band
[Main] Cmd: a=-0.32 b=-0.12 v=1.00 P0=off C0=off P1=off P3=off
[Main] Cmd: a=-0.32 b=-0.12 v=1.00 P0=off C0=off P1=off P3=off
[Main] Cmd: a=-0.32 b=-0.12 v=1.00 P0=off C0=off P1=off P3=off
[Main] Cmd: a=-0.31 b=-0.12 v=1.00 P0=off C0=off P1=off P3=off
[Main] Cmd: a=-0.31 b=-0.12 v=1.00 P0=off C0=off P1=off P3=off
[Main] Cmd: a=-0.31 b=-0.13 v=1.00 P0=off C0=off P1=off P3=off
[Main] Cmd: a=-0.30 b=-0.13 v=1.00 P0=off C0=off P1=off P3=off
[Main] Cmd: a=-0.30 b=-0.13 v=1.00 P0=off C0=off P1=off P3=off
[Main] Cmd: a=-0.30 b=-0.13 v=1.00 P0=off C0=off P1=off P3=off
[Main] Cmd: a=-0.29 b=-0.13 v=1.00 P0=off C0=off P1=off P3=off
[Main] Cmd: a=-0.29 b=-0.13 v=1.00 P0=off C0=off P1=off P3=off
[Main] Cmd: a=-0.29 b=-0.13 v=1.00 P0=off C0=off P1=off P3=off
[Main] Cmd: a=-0.28 b=-0.13 v=1.00 P0=off C0=off P1=off P3=off
[Main] Cmd: a=-0.28 b=-0.13 v=1.00 P0=off C0=off P1=off P3=off
[Main] Cmd: a=-0.28 b=-0.13 v=1.00 P0=off C0=off P1=off P3=off
[Main] Cmd: a=-0.27 b=-0.13 v=1.00 P0=off C0=off P1=off P3=off
[Main] Cmd: a=-0.27 b=-0.13 v=1.00 P0=off C0=off P1=off P3=off GATE_FAIL=low_band
[Main] Cmd: a=-0.26 b=-0.13 v=1.00 P0=off C0=off P1=off P3=off
[Main] Cmd: a=-0.26 b=-0.14 v=1.00 P0=off C0=off P1=off P3=off
[Main] Cmd: a=-0.26 b=-0.14 v=1.00 P0=off C0=off P1=off P3=off
[Main] Cmd: a=-0.25 b=-0.14 v=1.00 P0=off C0=off P1=off P3=off
[Main] Cmd: a=-0.25 b=-0.14 v=1.00 P0=off C0=off P1=off P3=off
[Main] Cmd: a=-0.25 b=-0.14 v=1.00 P0=off C0=off P1=off P3=off
[Main] Cmd: a=-0.24 b=-0.14 v=1.00 P0=off C0=off P1=off P3=off
[Main] Cmd: a=-0.24 b=-0.14 v=1.00 P0=off C0=off P1=off P3=off
[Main] Cmd: a=-0.23 b=-0.14 v=1.00 P0=off C0=off P1=off P3=off
[Main] Cmd: a=-0.23 b=-0.14 v=1.00 P0=off C0=off P1=off P3=off
[Main] Cmd: a=-0.23 b=-0.15 v=1.00 P0=off C0=off P1=off P3=off
[Main] Cmd: a=-0.22 b=-0.15 v=1.00 P0=off C0=off P1=off P3=off
[Main] Cmd: a=-0.22 b=-0.15 v=1.00 P0=off C0=off P1=off P3=off
[Main] Cmd: a=-0.21 b=-0.15 v=1.00 P0=off C0=off P1=off P3=off
[Main] Cmd: a=-0.21 b=-0.15 v=1.00 P0=off C0=off P1=off P3=off
[Main] Cmd: a=-0.21 b=-0.16 v=1.00 P0=off C0=off P1=off P3=off GATE_FAIL=low_band
[Main] Cmd: a=-0.20 b=-0.16 v=1.00 P0=off C0=off P1=off P3=off
[Main] Cmd: a=-0.20 b=-0.16 v=1.00 P0=off C0=off P1=off P3=off
[Main] Cmd: a=-0.20 b=-0.16 v=1.00 P0=off C0=off P1=off P3=off
[Main] Cmd: a=-0.19 b=-0.16 v=1.00 P0=off C0=off P1=off P3=off
[Main] Cmd: a=-0.19 b=-0.17 v=1.00 P0=off C0=off P1=off P3=off
[Main] Cmd: a=-0.19 b=-0.17 v=1.00 P0=off C0=off P1=off P3=off
[Main] Cmd: a=-0.18 b=-0.17 v=1.00 P0=off C0=off P1=off P3=off
[Main] Cmd: a=-0.18 b=-0.17 v=1.00 P0=off C0=off P1=off P3=off
[Main] Cmd: a=-0.18 b=-0.18 v=1.00 P0=off C0=off P1=off P3=off
[Main] Cmd: a=-0.17 b=-0.18 v=1.00 P0=off C0=off P1=off P3=off
[Main] Cmd: a=-0.17 b=-0.18 v=1.00 P0=off C0=off P1=off P3=off
[Main] Cmd: a=-0.17 b=-0.18 v=1.00 P0=off C0=off P1=off P3=off
[Main] Cmd: a=-0.16 b=-0.18 v=1.00 P0=off C0=off P1=off P3=off
[Main] Cmd: a=-0.16 b=-0.19 v=1.00 P0=off C0=off P1=off P3=off
[Main] Cmd: a=-0.15 b=-0.19 v=1.00 P0=off C0=off P1=off P3=off
[Main] Cmd: a=-0.15 b=-0.19 v=1.00 P0=off C0=off P1=off P3=off
[Main] Cmd: a=-0.15 b=-0.19 v=1.00 P0=off C0=off P1=off P3=off GATE_FAIL=low_band
[Main] Cmd: a=-0.14 b=-0.19 v=1.00 P0=off C0=off P1=off P3=off
[Main] Cmd: a=-0.14 b=-0.19 v=1.00 P0=off C0=off P1=off P3=off
[Main] Cmd: a=-0.14 b=-0.19 v=1.00 P0=off C0=off P1=off P3=off
[Main] Cmd: a=-0.13 b=-0.19 v=1.00 P0=off C0=off P1=off P3=off
[Main] Cmd: a=-0.13 b=-0.20 v=1.00 P0=off C0=off P1=off P3=off
[Main] Cmd: a=-0.13 b=-0.20 v=1.00 P0=off C0=off P1=off P3=off
[Main] Cmd: a=-0.12 b=-0.20 v=1.00 P0=off C0=off P1=off P3=off
[Main] Cmd: a=-0.12 b=-0.20 v=1.00 P0=off C0=off P1=off P3=off
[Main] Cmd: a=-0.12 b=-0.20 v=1.00 P0=off C0=off P1=off P3=off
[Main] Cmd: a=-0.11 b=-0.20 v=1.00 P0=off C0=off P1=off P3=off
[Main] Cmd: a=-0.11 b=-0.20 v=1.00 P0=off C0=off P1=off P3=off
[Main] Cmd: a=-0.11 b=-0.20 v=1.00 P0=off C0=off P1=off P3=off
[Main] Cmd: a=-0.10 b=-0.20 v=1.00 P0=off C0=off P1=off P3=off
[Main] Cmd: a=-0.10 b=-0.20 v=1.00 P0=off C0=off P1=off P3=off
[Main] Cmd: a=-0.09 b=-0.19 v=1.00 P0=off C0=off P1=off P3=off
[Main] Cmd: a=-0.09 b=-0.19 v=1.00 P0=off C0=off P1=off P3=off
[Main] Cmd: a=-0.09 b=-0.19 v=1.00 P0=off C0=off P1=off P3=off GATE_FAIL=low_band
[Main] Cmd: a=-0.08 b=-0.19 v=1.00 P0=off C0=off P1=off P3=off
[Main] Cmd: a=-0.08 b=-0.19 v=1.00 P0=off C0=off P1=off P3=off
[Main] Cmd: a=-0.07 b=-0.19 v=1.00 P0=off C0=off P1=off P3=off
[Main] Cmd: a=-0.07 b=-0.19 v=1.00 P0=off C0=off P1=off P3=off
[Main] Cmd: a=-0.07 b=-0.19 v=1.00 P0=off C0=off P1=off P3=off
[Main] Cmd: a=-0.06 b=-0.19 v=1.00 P0=off C0=off P1=off P3=off
[Main] Cmd: a=-0.06 b=-0.19 v=1.00 P0=off C0=off P1=off P3=off
[Main] Cmd: a=-0.05 b=-0.19 v=1.00 P0=off C0=off P1=off P3=off
[Main] Cmd: a=-0.05 b=-0.19 v=1.00 P0=off C0=off P1=off P3=off
[Main] Cmd: a=-0.05 b=-0.19 v=1.00 P0=off C0=off P1=off P3=off
[Main] Cmd: a=-0.04 b=-0.19 v=1.00 P0=off C0=off P1=off P3=off
[Main] Cmd: a=-0.04 b=-0.19 v=1.00 P0=off C0=off P1=off P3=off
[Main] Cmd: a=-0.03 b=-0.19 v=1.00 P0=off C0=off P1=off P3=off
[Main] Cmd: a=-0.03 b=-0.19 v=1.00 P0=off C0=off P1=off P3=off
[Main] Cmd: a=-0.03 b=-0.19 v=1.00 P0=off C0=off P1=off P3=off
[Main] Cmd: a=-0.02 b=-0.19 v=1.00 P0=off C0=off P1=off P3=off
[Main] Cmd: a=-0.02 b=-0.19 v=1.00 P0=off C0=off P1=off P3=off GATE_FAIL=high_band
[Main] Cmd: a=-0.01 b=-0.19 v=1.00 P0=off C0=off P1=off P3=off GATE_FAIL=high_band
[Main] Cmd: a=-0.01 b=-0.19 v=1.00 P0=off C0=off P1=off P3=off
[Main] Cmd: a=-0.01 b=-0.19 v=1.00 P0=off C0=off P1=off P3=off
[Main] Cmd: a=-0.00 b=-0.19 v=1.00 P0=off C0=off P1=off P3=off
[Main] Cmd: a=0.00 b=-0.20 v=1.00 P0=off C0=off P1=off P3=off
[Main] Cmd: a=0.01 b=-0.20 v=1.00 P0=off C0=off P1=off P3=off
[Main] Cmd: a=0.01 b=-0.20 v=1.00 P0=off C0=off P1=off P3=off
[Main] Cmd: a=0.01 b=-0.20 v=1.00 P0=off C0=off P1=off P3=off
[Main] Cmd: a=0.02 b=-0.20 v=1.00 P0=off C0=off P1=off P3=off
[Main] Cmd: a=0.02 b=-0.20 v=1.00 P0=off C0=off P1=off P3=off
[Main] Cmd: a=0.03 b=-0.20 v=1.00 P0=off C0=off P1=off P3=off
[Main] Cmd: a=0.03 b=-0.20 v=1.00 P0=off C0=off P1=off P3=off
[Main] Cmd: a=0.03 b=-0.20 v=1.00 P0=off C0=off P1=off P3=off
[Main] Cmd: a=0.04 b=-0.20 v=1.00 P0=off C0=off P1=off P3=off
[Main] Cmd: a=0.04 b=-0.21 v=1.00 P0=off C0=off P1=off P3=off
[Main] Cmd: a=0.04 b=-0.21 v=1.00 P0=off C0=off P1=off P3=off
[Main] Cmd: a=0.05 b=-0.21 v=1.00 P0=off C0=off P1=off P3=off
[Main] Cmd: a=0.05 b=-0.21 v=1.00 P0=off C0=off P1=off P3=off GATE_FAIL=low_band
[Main] Cmd: a=0.06 b=-0.21 v=1.00 P0=off C0=off P1=off P3=off
[Main] Cmd: a=0.06 b=-0.21 v=1.00 P0=off C0=off P1=off P3=off
[Main] Cmd: a=0.06 b=-0.21 v=1.00 P0=off C0=off P1=off P3=off
[Main] Cmd: a=0.07 b=-0.21 v=1.00 P0=off C0=off P1=off P3=off
[Main] Cmd: a=0.07 b=-0.21 v=1.00 P0=off C0=off P1=off P3=off
[Main] Cmd: a=0.07 b=-0.21 v=1.00 P0=off C0=off P1=off P3=off
[Main] Cmd: a=0.08 b=-0.21 v=1.00 P0=off C0=off P1=off P3=off
[Main] Cmd: a=0.08 b=-0.20 v=1.00 P0=off C0=off P1=off P3=off
[Main] Cmd: a=0.08 b=-0.20 v=1.00 P0=off C0=off P1=off P3=off
[Main] Cmd: a=0.09 b=-0.20 v=1.00 P0=off C0=off P1=off P3=off
[Main] Cmd: a=0.09 b=-0.20 v=1.00 P0=off C0=off P1=off P3=off
[Main] Cmd: a=0.09 b=-0.20 v=1.00 P0=off C0=off P1=off P3=off
[Main] Cmd: a=0.10 b=-0.19 v=1.00 P0=off C0=off P1=off P3=off
[GUI] Beat counter/tempo reset due to silence.
[Main] Cmd: a=0.10 b=-0.19 v=1.00 P0=off C0=off P1=off P3=off
[Main] Cmd: a=0.10 b=-0.19 v=1.00 P0=off C0=off P1=off P3=off
[Main] Cmd: a=0.11 b=-0.18 v=1.00 P0=off C0=off P1=off P3=off
[Main] Cmd: a=0.11 b=-0.18 v=1.00 P0=off C0=off P1=off P3=off GATE_FAIL=low_band
[Main] Cmd: a=0.12 b=-0.18 v=1.00 P0=off C0=off P1=off P3=off
[Main] Cmd: a=0.12 b=-0.18 v=1.00 P0=off C0=off P1=off P3=off
[Main] Cmd: a=0.12 b=-0.18 v=1.00 P0=off C0=off P1=off P3=off
[Main] Cmd: a=0.13 b=-0.18 v=1.00 P0=off C0=off P1=off P3=off
[Main] Cmd: a=0.13 b=-0.17 v=1.00 P0=off C0=off P1=off P3=off
[Main] Cmd: a=0.14 b=-0.17 v=1.00 P0=off C0=off P1=off P3=off
[Main] Cmd: a=0.14 b=-0.17 v=1.00 P0=off C0=off P1=off P3=off
[Main] Cmd: a=0.14 b=-0.17 v=1.00 P0=off C0=off P1=off P3=off
[Main] Cmd: a=0.15 b=-0.17 v=1.00 P0=off C0=off P1=off P3=off
[Main] Cmd: a=0.15 b=-0.17 v=1.00 P0=off C0=off P1=off P3=off
[Main] Cmd: a=0.16 b=-0.17 v=1.00 P0=off C0=off P1=off P3=off
[Main] Cmd: a=0.16 b=-0.17 v=1.00 P0=off C0=off P1=off P3=off
[Main] Cmd: a=0.17 b=-0.17 v=1.00 P0=off C0=off P1=off P3=off
[Main] Cmd: a=0.17 b=-0.17 v=1.00 P0=off C0=off P1=off P3=off
[Main] Cmd: a=0.17 b=-0.17 v=1.00 P0=off C0=off P1=off P3=off
[Main] Cmd: a=0.18 b=-0.17 v=1.00 P0=off C0=off P1=off P3=off
[Main] Cmd: a=0.18 b=-0.18 v=1.00 P0=off C0=off P1=off P3=off
[Main] Cmd: a=0.19 b=-0.18 v=1.00 P0=off C0=off P1=off P3=off
[Main] Cmd: a=0.19 b=-0.18 v=1.00 P0=off C0=off P1=off P3=off GATE_FAIL=low_band
[Main] Cmd: a=0.19 b=-0.18 v=1.00 P0=off C0=off P1=off P3=off
[Main] Cmd: a=0.20 b=-0.18 v=1.00 P0=off C0=off P1=off P3=off
[Main] Cmd: a=0.20 b=-0.18 v=1.00 P0=off C0=off P1=off P3=off
[Main] Cmd: a=0.20 b=-0.18 v=1.00 P0=off C0=off P1=off P3=off
[Main] Cmd: a=0.21 b=-0.17 v=1.00 P0=off C0=off P1=off P3=off
[Main] Cmd: a=0.21 b=-0.17 v=1.00 P0=off C0=off P1=off P3=off
[Main] Cmd: a=0.21 b=-0.17 v=1.00 P0=off C0=off P1=off P3=off
[Main] Cmd: a=0.22 b=-0.17 v=1.00 P0=off C0=off P1=off P3=off
[Main] Cmd: a=0.22 b=-0.17 v=1.00 P0=off C0=off P1=off P3=off
[Main] Cmd: a=0.22 b=-0.17 v=1.00 P0=off C0=off P1=off P3=off
[Main] Cmd: a=0.23 b=-0.16 v=1.00 P0=off C0=off P1=off P3=off
[Main] Cmd: a=0.23 b=-0.16 v=1.00 P0=off C0=off P1=off P3=off
[Main] Cmd: a=0.23 b=-0.16 v=1.00 P0=off C0=off P1=off P3=off
[Main] Cmd: a=0.24 b=-0.16 v=1.00 P0=off C0=off P1=off P3=off
[Main] Cmd: a=0.24 b=-0.16 v=1.00 P0=off C0=off P1=off P3=off
[Main] Cmd: a=0.24 b=-0.15 v=1.00 P0=off C0=off P1=off P3=off
[Main] Cmd: a=0.25 b=-0.15 v=1.00 P0=off C0=off P1=off P3=off GATE_FAIL=low_band
[Main] Cmd: a=0.25 b=-0.15 v=1.00 P0=off C0=off P1=off P3=off
[Main] Cmd: a=0.25 b=-0.15 v=1.00 P0=off C0=off P1=off P3=off
[Main] Cmd: a=0.25 b=-0.14 v=1.00 P0=off C0=off P1=off P3=off
[Main] Cmd: a=0.26 b=-0.14 v=1.00 P0=off C0=off P1=off P3=off
[Main] Cmd: a=0.26 b=-0.14 v=1.00 P0=off C0=off P1=off P3=off
[Main] Cmd: a=0.26 b=-0.13 v=1.00 P0=off C0=off P1=off P3=off
[Main] Cmd: a=0.27 b=-0.13 v=1.00 P0=off C0=off P1=off P3=off
[Main] Cmd: a=0.27 b=-0.13 v=1.00 P0=off C0=off P1=off P3=off
[Main] Cmd: a=0.27 b=-0.13 v=1.00 P0=off C0=off P1=off P3=off
[Main] Cmd: a=0.28 b=-0.12 v=1.00 P0=off C0=off P1=off P3=off
[Main] Cmd: a=0.28 b=-0.12 v=1.00 P0=off C0=off P1=off P3=off
[Main] Cmd: a=0.28 b=-0.12 v=1.00 P0=off C0=off P1=off P3=off
[Main] Cmd: a=0.29 b=-0.12 v=1.00 P0=off C0=off P1=off P3=off
[Main] Cmd: a=0.29 b=-0.11 v=1.00 P0=off C0=off P1=off P3=off
[Main] Cmd: a=0.30 b=-0.11 v=1.00 P0=off C0=off P1=off P3=off
[Main] Cmd: a=0.30 b=-0.11 v=1.00 P0=off C0=off P1=off P3=off
[Main] Cmd: a=0.30 b=-0.11 v=1.00 P0=off C0=off P1=off P3=off
[Main] Cmd: a=0.30 b=-0.11 v=1.00 P0=off C0=off P1=off P3=off
[Main] Cmd: a=0.31 b=-0.11 v=1.00 P0=off C0=off P1=off P3=off GATE_FAIL=low_band
[Main] Cmd: a=0.31 b=-0.10 v=1.00 P0=off C0=off P1=off P3=off
[Main] Cmd: a=0.32 b=-0.10 v=1.00 P0=off C0=off P1=off P3=off
[Main] Cmd: a=0.32 b=-0.10 v=1.00 P0=off C0=off P1=off P3=off
[Main] Cmd: a=0.32 b=-0.10 v=1.00 P0=off C0=off P1=off P3=off
[Main] Cmd: a=0.33 b=-0.10 v=1.00 P0=off C0=off P1=off P3=off
[Main] Cmd: a=0.33 b=-0.10 v=1.00 P0=off C0=off P1=off P3=off
[Main] Cmd: a=0.33 b=-0.09 v=1.00 P0=off C0=off P1=off P3=off
[Main] Cmd: a=0.34 b=-0.09 v=1.00 P0=off C0=off P1=off P3=off
[Main] Cmd: a=0.34 b=-0.09 v=1.00 P0=off C0=off P1=off P3=off
[Main] Cmd: a=0.34 b=-0.09 v=1.00 P0=off C0=off P1=off P3=off
[Main] Cmd: a=0.35 b=-0.09 v=1.00 P0=off C0=off P1=off P3=off
[Main] Cmd: a=0.35 b=-0.09 v=1.00 P0=off C0=off P1=off P3=off
[Main] Cmd: a=0.35 b=-0.09 v=1.00 P0=off C0=off P1=off P3=off
[Main] Cmd: a=0.36 b=-0.09 v=1.00 P0=off C0=off P1=off P3=off
[Main] Cmd: a=0.36 b=-0.08 v=1.00 P0=off C0=off P1=off P3=off
[Main] Cmd: a=0.37 b=-0.08 v=1.00 P0=off C0=off P1=off P3=off
[Main] Cmd: a=0.37 b=-0.08 v=1.00 P0=off C0=off P1=off P3=off
[Main] Cmd: a=0.37 b=-0.08 v=1.00 P0=off C0=off P1=off P3=off GATE_FAIL=low_band
[Main] Cmd: a=0.37 b=-0.08 v=1.00 P0=off C0=off P1=off P3=off
[Main] Cmd: a=0.38 b=-0.08 v=1.00 P0=off C0=off P1=off P3=off
[Main] Cmd: a=0.38 b=-0.07 v=1.00 P0=off C0=off P1=off P3=off
[Main] Cmd: a=0.38 b=-0.07 v=1.00 P0=off C0=off P1=off P3=off
[Main] Cmd: a=0.39 b=-0.07 v=1.00 P0=off C0=off P1=off P3=off
[Main] Cmd: a=0.39 b=-0.07 v=1.00 P0=off C0=off P1=off P3=off
[Main] Cmd: a=0.39 b=-0.06 v=1.00 P0=off C0=off P1=off P3=off
[Main] Cmd: a=0.39 b=-0.06 v=1.00 P0=off C0=off P1=off P3=off
[Main] Cmd: a=0.40 b=-0.06 v=1.00 P0=off C0=off P1=off P3=off
[Main] Cmd: a=0.40 b=-0.06 v=1.00 P0=off C0=off P1=off P3=off
[Main] Cmd: a=0.40 b=-0.05 v=1.00 P0=off C0=off P1=off P3=off
[Main] Cmd: a=0.41 b=-0.05 v=1.00 P0=off C0=off P1=off P3=off
[Main] Cmd: a=0.41 b=-0.05 v=1.00 P0=off C0=off P1=off P3=off
[Main] Cmd: a=0.41 b=-0.05 v=1.00 P0=off C0=off P1=off P3=off
[Main] Cmd: a=0.41 b=-0.04 v=1.00 P0=off C0=off P1=off P3=off
[Main] Cmd: a=0.41 b=-0.04 v=1.00 P0=off C0=off P1=off P3=off
[Main] Cmd: a=0.41 b=-0.03 v=1.00 P0=off C0=off P1=off P3=off
[Main] Cmd: a=0.42 b=-0.03 v=1.00 P0=off C0=off P1=off P3=off
[Main] Cmd: a=0.42 b=-0.02 v=1.00 P0=off C0=off P1=off P3=off GATE_FAIL=low_band
[Main] Cmd: a=0.42 b=-0.02 v=1.00 P0=off C0=off P1=off P3=off
[Main] Cmd: a=0.42 b=-0.01 v=1.00 P0=off C0=off P1=off P3=off
[Main] Cmd: a=0.42 b=-0.01 v=1.00 P0=off C0=off P1=off P3=off
[Main] Cmd: a=0.43 b=-0.00 v=1.00 P0=off C0=off P1=off P3=off
[Main] Cmd: a=0.43 b=-0.00 v=1.00 P0=off C0=off P1=off P3=off
[Main] Cmd: a=0.43 b=0.00 v=1.00 P0=off C0=off P1=off P3=off
[Main] Cmd: a=0.44 b=0.01 v=1.00 P0=off C0=off P1=off P3=off
[Main] Cmd: a=0.44 b=0.01 v=1.00 P0=off C0=off P1=off P3=off
[Main] Cmd: a=0.44 b=0.01 v=1.00 P0=off C0=off P1=off P3=off
[Main] Cmd: a=0.45 b=0.01 v=1.00 P0=off C0=off P1=off P3=off
[Main] Cmd: a=0.45 b=0.01 v=1.00 P0=off C0=off P1=off P3=off
[Main] Cmd: a=0.45 b=0.01 v=1.00 P0=off C0=off P1=off P3=off
[Main] Cmd: a=0.46 b=0.02 v=1.00 P0=off C0=off P1=off P3=off
[Main] Cmd: a=0.46 b=0.02 v=1.00 P0=off C0=off P1=off P3=off
[Main] Cmd: a=0.46 b=0.02 v=1.00 P0=off C0=off P1=off P3=off
[Main] Cmd: a=0.46 b=0.02 v=1.00 P0=off C0=off P1=off P3=off
[Main] Cmd: a=0.47 b=0.02 v=1.00 P0=off C0=off P1=off P3=off GATE_FAIL=low_band
[Main] Cmd: a=0.47 b=0.03 v=1.00 P0=off C0=off P1=off P3=off
[Main] Cmd: a=0.47 b=0.03 v=1.00 P0=off C0=off P1=off P3=off
[Main] Cmd: a=0.48 b=0.03 v=1.00 P0=off C0=off P1=off P3=off
[Main] Cmd: a=0.48 b=0.03 v=1.00 P0=off C0=off P1=off P3=off
[Main] Cmd: a=0.48 b=0.03 v=1.00 P0=off C0=off P1=off P3=off
[Main] Cmd: a=0.48 b=0.04 v=1.00 P0=off C0=off P1=off P3=off
[Main] Cmd: a=0.49 b=0.04 v=1.00 P0=off C0=off P1=off P3=off
[Main] Cmd: a=0.49 b=0.04 v=1.00 P0=off C0=off P1=off P3=off
[Main] Cmd: a=0.49 b=0.05 v=1.00 P0=off C0=off P1=off P3=off
[Main] Cmd: a=0.49 b=0.05 v=1.00 P0=off C0=off P1=off P3=off
[Main] Cmd: a=0.50 b=0.05 v=1.00 P0=off C0=off P1=off P3=off
[Main] Cmd: a=0.50 b=0.05 v=1.00 P0=off C0=off P1=off P3=off
[Main] Cmd: a=0.50 b=0.06 v=1.00 P0=off C0=off P1=off P3=off
[Main] Cmd: a=0.50 b=0.06 v=1.00 P0=off C0=off P1=off P3=off
[Main] Cmd: a=0.50 b=0.06 v=1.00 P0=off C0=off P1=off P3=off
[Main] Cmd: a=0.51 b=0.07 v=1.00 P0=off C0=off P1=off P3=off
[Main] Cmd: a=0.51 b=0.07 v=1.00 P0=off C0=off P1=off P3=off
[Main] Cmd: a=0.51 b=0.07 v=1.00 P0=off C0=off P1=off P3=off GATE_FAIL=high_band
[Main] Cmd: a=0.51 b=0.07 v=1.00 P0=off C0=off P1=off P3=off
[Main] Cmd: a=0.51 b=0.08 v=1.00 P0=off C0=off P1=off P3=off
[Main] Cmd: a=0.51 b=0.08 v=1.00 P0=off C0=off P1=off P3=off
[Main] Cmd: a=0.52 b=0.09 v=1.00 P0=off C0=off P1=off P3=off
[Main] Cmd: a=0.52 b=0.09 v=1.00 P0=off C0=off P1=off P3=off
[Main] Cmd: a=0.52 b=0.09 v=1.00 P0=off C0=off P1=off P3=off
[Main] Cmd: a=0.52 b=0.10 v=1.00 P0=off C0=off P1=off P3=off
[Main] Cmd: a=0.52 b=0.10 v=1.00 P0=off C0=off P1=off P3=off
[Main] Cmd: a=0.52 b=0.11 v=1.00 P0=off C0=off P1=off P3=off
[Main] Cmd: a=0.52 b=0.11 v=1.00 P0=off C0=off P1=off P3=off
[Main] Cmd: a=0.53 b=0.11 v=1.00 P0=off C0=off P1=off P3=off
[Main] Cmd: a=0.53 b=0.12 v=1.00 P0=off C0=off P1=off P3=off
[Main] Cmd: a=0.53 b=0.12 v=1.00 P0=off C0=off P1=off P3=off
[Main] Cmd: a=0.53 b=0.13 v=1.00 P0=off C0=off P1=off P3=off
[Main] Cmd: a=0.53 b=0.13 v=1.00 P0=off C0=off P1=off P3=off
[Main] Cmd: a=0.53 b=0.14 v=1.00 P0=off C0=off P1=off P3=off
[Main] Cmd: a=0.53 b=0.14 v=1.00 P0=off C0=off P1=off P3=off
[Main] Cmd: a=0.54 b=0.14 v=1.00 P0=off C0=off P1=off P3=off
[Main] Cmd: a=0.54 b=0.15 v=1.00 P0=off C0=off P1=off P3=off GATE_FAIL=high_band
[Main] Cmd: a=0.54 b=0.15 v=1.00 P0=off C0=off P1=off P3=off
[Main] Cmd: a=0.54 b=0.16 v=1.00 P0=off C0=off P1=off P3=off
[Main] Cmd: a=0.54 b=0.16 v=1.00 P0=off C0=off P1=off P3=off
[Main] Cmd: a=0.54 b=0.16 v=1.00 P0=off C0=off P1=off P3=off
[Main] Cmd: a=0.55 b=0.17 v=1.00 P0=off C0=off P1=off P3=off
[Main] Cmd: a=0.55 b=0.17 v=1.00 P0=off C0=off P1=off P3=off
[Main] Cmd: a=0.55 b=0.17 v=1.00 P0=off C0=off P1=off P3=off
[Main] Cmd: a=0.55 b=0.18 v=1.00 P0=off C0=off P1=off P3=off
[Main] Cmd: a=0.55 b=0.18 v=1.00 P0=off C0=off P1=off P3=off
[Main] Cmd: a=0.55 b=0.18 v=1.00 P0=off C0=off P1=off P3=off
[Main] Cmd: a=0.56 b=0.19 v=1.00 P0=off C0=off P1=off P3=off
[Main] Cmd: a=0.56 b=0.19 v=1.00 P0=off C0=off P1=off P3=off
[Main] Cmd: a=0.56 b=0.19 v=1.00 P0=off C0=off P1=off P3=off
[Main] Cmd: a=0.56 b=0.20 v=1.00 P0=off C0=off P1=off P3=off
[Main] Cmd: a=0.56 b=0.20 v=1.00 P0=off C0=off P1=off P3=off
[Main] Cmd: a=0.57 b=0.20 v=1.00 P0=off C0=off P1=off P3=off
[Main] Cmd: a=0.57 b=0.20 v=1.00 P0=off C0=off P1=off P3=off
[Main] Cmd: a=0.57 b=0.21 v=1.00 P0=off C0=off P1=off P3=off
[Main] Cmd: a=0.58 b=0.21 v=1.00 P0=off C0=off P1=off P3=off
[Main] Cmd: a=0.58 b=0.21 v=1.00 P0=off C0=off P1=off P3=off GATE_FAIL=high_band
[Main] Cmd: a=0.58 b=0.21 v=1.00 P0=off C0=off P1=off P3=off
[Main] Cmd: a=0.58 b=0.21 v=1.00 P0=off C0=off P1=off P3=off
[Main] Cmd: a=0.58 b=0.22 v=1.00 P0=off C0=off P1=off P3=off
[Main] Cmd: a=0.58 b=0.22 v=1.00 P0=off C0=off P1=off P3=off
[Main] Cmd: a=0.58 b=0.22 v=1.00 P0=off C0=off P1=off P3=off
[Main] Cmd: a=0.58 b=0.23 v=1.00 P0=off C0=off P1=off P3=off
[Main] Cmd: a=0.58 b=0.23 v=1.00 P0=off C0=off P1=off P3=off
[Main] Cmd: a=0.58 b=0.23 v=1.00 P0=off C0=off P1=off P3=off
[Main] Cmd: a=0.59 b=0.24 v=1.00 P0=off C0=off P1=off P3=off
[Main] Cmd: a=0.59 b=0.24 v=1.00 P0=off C0=off P1=off P3=off
[Main] Cmd: a=0.59 b=0.25 v=1.00 P0=off C0=off P1=off P3=off
[Main] Cmd: a=0.59 b=0.25 v=1.00 P0=off C0=off P1=off P3=off
[Main] Cmd: a=0.59 b=0.26 v=1.00 P0=off C0=off P1=off P3=off
[Main] Cmd: a=0.58 b=0.26 v=1.00 P0=off C0=off P1=off P3=off
[Main] Cmd: a=0.58 b=0.27 v=1.00 P0=off C0=off P1=off P3=off
[Main] Cmd: a=0.58 b=0.27 v=1.00 P0=off C0=off P1=off P3=off
[Main] Cmd: a=0.58 b=0.28 v=1.00 P0=off C0=off P1=off P3=off
[Main] Cmd: a=0.58 b=0.29 v=1.00 P0=off C0=off P1=off P3=off
[Main] Cmd: a=0.58 b=0.29 v=1.00 P0=off C0=off P1=off P3=off GATE_FAIL=low_band
[Main] Cmd: a=0.58 b=0.30 v=1.00 P0=off C0=off P1=off P3=off
[GUI] Beat counter/tempo reset due to silence.
[Main] Cmd: a=0.58 b=0.30 v=1.00 P0=off C0=off P1=off P3=off
[Main] Cmd: a=0.58 b=0.31 v=1.00 P0=off C0=off P1=off P3=off
[Main] Cmd: a=0.58 b=0.31 v=1.00 P0=off C0=off P1=off P3=off
[Main] Cmd: a=0.58 b=0.31 v=1.00 P0=off C0=off P1=off P3=off
[Main] Cmd: a=0.59 b=0.32 v=1.00 P0=off C0=off P1=off P3=off
[Main] Cmd: a=0.59 b=0.32 v=1.00 P0=off C0=off P1=off P3=off
[Main] Cmd: a=0.59 b=0.32 v=1.00 P0=off C0=off P1=off P3=off
[Main] Cmd: a=0.60 b=0.32 v=1.00 P0=off C0=off P1=off P3=off
[Main] Cmd: a=0.60 b=0.32 v=1.00 P0=off C0=off P1=off P3=off
[Main] Cmd: a=0.60 b=0.32 v=1.00 P0=off C0=off P1=off P3=off
[Main] Cmd: a=0.60 b=0.32 v=1.00 P0=off C0=off P1=off P3=off
[Main] Cmd: a=0.61 b=0.33 v=1.00 P0=off C0=off P1=off P3=off
[Main] Cmd: a=0.61 b=0.33 v=1.00 P0=off C0=off P1=off P3=off
[Main] Cmd: a=0.61 b=0.33 v=1.00 P0=off C0=off P1=off P3=off
[Main] Cmd: a=0.61 b=0.33 v=1.00 P0=off C0=off P1=off P3=off
[Main] Cmd: a=0.61 b=0.34 v=1.00 P0=off C0=off P1=off P3=off
[Main] Cmd: a=0.61 b=0.34 v=1.00 P0=off C0=off P1=off P3=off
[Main] Cmd: a=0.60 b=0.35 v=1.00 P0=off C0=off P1=off P3=off GATE_FAIL=mid_trigger
[Main] Cmd: a=0.60 b=0.35 v=1.00 P0=off C0=off P1=off P3=off
[Main] Cmd: a=0.60 b=0.36 v=1.00 P0=off C0=off P1=off P3=off
[Main] Cmd: a=0.59 b=0.37 v=1.00 P0=off C0=off P1=off P3=off
[Main] Cmd: a=0.59 b=0.37 v=1.00 P0=off C0=off P1=off P3=off
[Main] Cmd: a=0.59 b=0.38 v=1.00 P0=off C0=off P1=off P3=off
[Main] Cmd: a=0.59 b=0.39 v=1.00 P0=off C0=off P1=off P3=off
[Main] Cmd: a=0.59 b=0.39 v=1.00 P0=off C0=off P1=off P3=off
[Main] Cmd: a=0.59 b=0.40 v=1.00 P0=off C0=off P1=off P3=off
[Main] Cmd: a=0.59 b=0.40 v=1.00 P0=off C0=off P1=off P3=off
[Main] Cmd: a=0.59 b=0.41 v=1.00 P0=off C0=off P1=off P3=off
[Main] Cmd: a=0.59 b=0.41 v=1.00 P0=off C0=off P1=off P3=off
[Main] Cmd: a=0.59 b=0.41 v=1.00 P0=off C0=off P1=off P3=off
[Main] Cmd: a=0.60 b=0.41 v=1.00 P0=off C0=off P1=off P3=off
[Main] Cmd: a=0.60 b=0.41 v=1.00 P0=off C0=off P1=off P3=off
[Main] Cmd: a=0.60 b=0.42 v=1.00 P0=off C0=off P1=off P3=off
[Main] Cmd: a=0.60 b=0.42 v=1.00 P0=off C0=off P1=off P3=off
[Main] Cmd: a=0.60 b=0.42 v=1.00 P0=off C0=off P1=off P3=off
[Main] Cmd: a=0.60 b=0.43 v=1.00 P0=off C0=off P1=off P3=off
[Main] Cmd: a=0.60 b=0.43 v=1.00 P0=off C0=off P1=off P3=off
[Main] Cmd: a=0.60 b=0.43 v=1.00 P0=off C0=off P1=off P3=off GATE_FAIL=high_band
[Main] Cmd: a=0.60 b=0.44 v=1.00 P0=off C0=off P1=off P3=off
[Main] Cmd: a=0.60 b=0.44 v=1.00 P0=off C0=off P1=off P3=off
[Main] Cmd: a=0.60 b=0.44 v=1.00 P0=off C0=off P1=off P3=off
[Main] Cmd: a=0.60 b=0.45 v=1.00 P0=off C0=off P1=off P3=off
[Main] Cmd: a=0.60 b=0.45 v=1.00 P0=off C0=off P1=off P3=off
[Main] Cmd: a=0.60 b=0.45 v=1.00 P0=off C0=off P1=off P3=off
[Main] Cmd: a=0.60 b=0.46 v=1.00 P0=off C0=off P1=off P3=off
[Main] Cmd: a=0.60 b=0.46 v=1.00 P0=off C0=off P1=off P3=off
[Main] Cmd: a=0.60 b=0.46 v=1.00 P0=off C0=off P1=off P3=off
[Main] Cmd: a=0.60 b=0.47 v=1.00 P0=off C0=off P1=off P3=off
[Main] Cmd: a=0.60 b=0.47 v=1.00 P0=off C0=off P1=off P3=off
[Main] Cmd: a=0.60 b=0.48 v=1.00 P0=off C0=off P1=off P3=off
[Main] Cmd: a=0.60 b=0.48 v=1.00 P0=off C0=off P1=off P3=off
[Main] Cmd: a=0.60 b=0.48 v=1.00 P0=off C0=off P1=off P3=off
[Main] Cmd: a=0.60 b=0.49 v=1.00 P0=off C0=off P1=off P3=off
[Main] Cmd: a=0.60 b=0.49 v=1.00 P0=off C0=off P1=off P3=off
[Main] Cmd: a=0.60 b=0.49 v=1.00 P0=off C0=off P1=off P3=off
[Main] Cmd: a=0.59 b=0.50 v=1.00 P0=off C0=off P1=off P3=off
[Main] Cmd: a=0.59 b=0.50 v=1.00 P0=off C0=off P1=off P3=off GATE_FAIL=low_band
[Main] Cmd: a=0.59 b=0.51 v=1.00 P0=off C0=off P1=off P3=off
[Main] Cmd: a=0.59 b=0.51 v=1.00 P0=off C0=off P1=off P3=off
[Main] Cmd: a=0.59 b=0.51 v=1.00 P0=off C0=off P1=off P3=off
[Main] Cmd: a=0.59 b=0.52 v=1.00 P0=off C0=off P1=off P3=off
[Main] Cmd: a=0.59 b=0.52 v=1.00 P0=off C0=off P1=off P3=off
[Main] Cmd: a=0.59 b=0.53 v=1.00 P0=off C0=off P1=off P3=off
[Main] Cmd: a=0.58 b=0.53 v=1.00 P0=off C0=off P1=off P3=off
[Main] Cmd: a=0.58 b=0.54 v=1.00 P0=off C0=off P1=off P3=off
[Main] Cmd: a=0.58 b=0.54 v=1.00 P0=off C0=off P1=off P3=off
[Main] Cmd: a=0.58 b=0.54 v=1.00 P0=off C0=off P1=off P3=off
[Main] Cmd: a=0.58 b=0.55 v=1.00 P0=off C0=off P1=off P3=off
[Main] Cmd: a=0.58 b=0.55 v=1.00 P0=off C0=off P1=off P3=off
[Main] Cmd: a=0.58 b=0.56 v=1.00 P0=off C0=off P1=off P3=off
[Main] Cmd: a=0.58 b=0.56 v=1.00 P0=off C0=off P1=off P3=off
[Main] Cmd: a=0.57 b=0.56 v=1.00 P0=off C0=off P1=off P3=off
[Main] Cmd: a=0.57 b=0.57 v=1.00 P0=off C0=off P1=off P3=off
[Main] Cmd: a=0.57 b=0.57 v=1.00 P0=off C0=off P1=off P3=off
[Main] Cmd: a=0.57 b=0.58 v=1.00 P0=off C0=off P1=off P3=off
[Main] Cmd: a=0.57 b=0.58 v=1.00 P0=off C0=off P1=off P3=off GATE_FAIL=low_band
[Main] Cmd: a=0.57 b=0.58 v=1.00 P0=off C0=off P1=off P3=off
[Main] Cmd: a=0.57 b=0.59 v=1.00 P0=off C0=off P1=off P3=off
[Main] Cmd: a=0.57 b=0.59 v=1.00 P0=off C0=off P1=off P3=off
[Main] Cmd: a=0.56 b=0.59 v=1.00 P0=off C0=off P1=off P3=off
[Main] Cmd: a=0.56 b=0.60 v=1.00 P0=off C0=off P1=off P3=off
[Main] Cmd: a=0.56 b=0.60 v=1.00 P0=off C0=off P1=off P3=off
[Main] Cmd: a=0.56 b=0.61 v=1.00 P0=off C0=off P1=off P3=off
[Main] Cmd: a=0.56 b=0.61 v=1.00 P0=off C0=off P1=off P3=off
[Main] Cmd: a=0.56 b=0.61 v=1.00 P0=off C0=off P1=off P3=off
[Main] Cmd: a=0.56 b=0.61 v=1.00 P0=off C0=off P1=off P3=off
[Main] Cmd: a=0.56 b=0.62 v=1.00 P0=off C0=off P1=off P3=off
[Main] Cmd: a=0.56 b=0.62 v=1.00 P0=off C0=off P1=off P3=off
[Main] Cmd: a=0.56 b=0.63 v=1.00 P0=off C0=off P1=off P3=off
[Main] Cmd: a=0.56 b=0.63 v=1.00 P0=off C0=off P1=off P3=off
[Main] Cmd: a=0.55 b=0.63 v=1.00 P0=off C0=off P1=off P3=off
[Main] Cmd: a=0.55 b=0.63 v=1.00 P0=off C0=off P1=off P3=off
[Main] Cmd: a=0.55 b=0.64 v=1.00 P0=off C0=off P1=off P3=off
[Main] Cmd: a=0.55 b=0.64 v=1.00 P0=off C0=off P1=off P3=off
[Main] Cmd: a=0.55 b=0.65 v=1.00 P0=off C0=off P1=off P3=off GATE_FAIL=low_band
[Main] Cmd: a=0.55 b=0.65 v=1.00 P0=off C0=off P1=off P3=off
[Main] Cmd: a=0.55 b=0.65 v=1.00 P0=off C0=off P1=off P3=off
[Main] Cmd: a=0.55 b=0.65 v=1.00 P0=off C0=off P1=off P3=off
[Main] Cmd: a=0.54 b=0.66 v=1.00 P0=off C0=off P1=off P3=off
[Main] Cmd: a=0.54 b=0.66 v=1.00 P0=off C0=off P1=off P3=off
[Main] Cmd: a=0.54 b=0.66 v=1.00 P0=off C0=off P1=off P3=off
[Main] Cmd: a=0.54 b=0.67 v=1.00 P0=off C0=off P1=off P3=off
[Main] Cmd: a=0.54 b=0.67 v=1.00 P0=off C0=off P1=off P3=off
[Main] Cmd: a=0.54 b=0.67 v=1.00 P0=off C0=off P1=off P3=off
[Main] Cmd: a=0.54 b=0.68 v=1.00 P0=off C0=off P1=off P3=off
[Main] Cmd: a=0.53 b=0.68 v=1.00 P0=off C0=off P1=off P3=off
[Main] Cmd: a=0.53 b=0.68 v=1.00 P0=off C0=off P1=off P3=off
[Main] Cmd: a=0.53 b=0.69 v=1.00 P0=off C0=off P1=off P3=off
[Main] Cmd: a=0.53 b=0.69 v=1.00 P0=off C0=off P1=off P3=off
[Main] Cmd: a=0.53 b=0.69 v=1.00 P0=off C0=off P1=off P3=off
[Main] Cmd: a=0.52 b=0.70 v=1.00 P0=off C0=off P1=off P3=off
[Main] Cmd: a=0.52 b=0.70 v=1.00 P0=off C0=off P1=off P3=off
[Main] Cmd: a=0.52 b=0.70 v=1.00 P0=off C0=off P1=off P3=off
[Main] Cmd: a=0.52 b=0.71 v=1.00 P0=off C0=off P1=off P3=off
[Main] Cmd: a=0.51 b=0.71 v=1.00 P0=off C0=off P1=off P3=off GATE_FAIL=low_band
[Main] Cmd: a=0.51 b=0.71 v=1.00 P0=off C0=off P1=off P3=off
[Main] Cmd: a=0.51 b=0.72 v=1.00 P0=off C0=off P1=off P3=off
[Main] Cmd: a=0.51 b=0.72 v=1.00 P0=off C0=off P1=off P3=off
[Main] Cmd: a=0.50 b=0.73 v=1.00 P0=off C0=off P1=off P3=off
[Main] Cmd: a=0.50 b=0.73 v=1.00 P0=off C0=off P1=off P3=off
[Main] Cmd: a=0.50 b=0.73 v=1.00 P0=off C0=off P1=off P3=off
[Main] Cmd: a=0.50 b=0.73 v=1.00 P0=off C0=off P1=off P3=off
[Main] Cmd: a=0.49 b=0.74 v=1.00 P0=off C0=off P1=off P3=off
[Main] Cmd: a=0.49 b=0.74 v=1.00 P0=off C0=off P1=off P3=off
[Main] Cmd: a=0.49 b=0.75 v=1.00 P0=off C0=off P1=off P3=off
[Main] Cmd: a=0.49 b=0.75 v=1.00 P0=off C0=off P1=off P3=off
[Main] Cmd: a=0.48 b=0.75 v=1.00 P0=off C0=off P1=off P3=off
[Main] Cmd: a=0.48 b=0.76 v=1.00 P0=off C0=off P1=off P3=off
[Main] Cmd: a=0.48 b=0.76 v=1.00 P0=off C0=off P1=off P3=off
[Main] Cmd: a=0.48 b=0.76 v=1.00 P0=off C0=off P1=off P3=off
[Main] Cmd: a=0.47 b=0.76 v=1.00 P0=off C0=off P1=off P3=off
[Main] Cmd: a=0.47 b=0.77 v=1.00 P0=off C0=off P1=off P3=off
[Main] Cmd: a=0.47 b=0.77 v=1.00 P0=off C0=off P1=off P3=off GATE_FAIL=low_band
[Main] Cmd: a=0.47 b=0.77 v=1.00 P0=off C0=off P1=off P3=off
[Main] Cmd: a=0.46 b=0.78 v=1.00 P0=off C0=off P1=off P3=off
[Main] Cmd: a=0.46 b=0.78 v=1.00 P0=off C0=off P1=off P3=off
[Main] Cmd: a=0.46 b=0.78 v=1.00 P0=off C0=off P1=off P3=off
[Main] Cmd: a=0.46 b=0.79 v=1.00 P0=off C0=off P1=off P3=off
[Main] Cmd: a=0.46 b=0.79 v=1.00 P0=off C0=off P1=off P3=off
[Main] Cmd: a=0.45 b=0.79 v=1.00 P0=off C0=off P1=off P3=off
[Main] Cmd: a=0.45 b=0.80 v=1.00 P0=off C0=off P1=off P3=off
[Main] Cmd: a=0.45 b=0.80 v=1.00 P0=off C0=off P1=off P3=off
[Main] Cmd: a=0.45 b=0.80 v=1.00 P0=off C0=off P1=off P3=off
[Main] Cmd: a=0.44 b=0.80 v=1.00 P0=off C0=off P1=off P3=off
[Main] Cmd: a=0.44 b=0.81 v=1.00 P0=off C0=off P1=off P3=off
[Main] Cmd: a=0.44 b=0.81 v=1.00 P0=off C0=off P1=off P3=off
[Main] Cmd: a=0.44 b=0.81 v=1.00 P0=off C0=off P1=off P3=off
[Main] Cmd: a=0.44 b=0.81 v=1.00 P0=off C0=off P1=off P3=off
[Main] Cmd: a=0.43 b=0.82 v=1.00 P0=off C0=off P1=off P3=off
[Main] Cmd: a=0.43 b=0.82 v=1.00 P0=off C0=off P1=off P3=off
[Main] Cmd: a=0.43 b=0.82 v=1.00 P0=off C0=off P1=off P3=off
[Main] Cmd: a=0.43 b=0.82 v=1.00 P0=off C0=off P1=off P3=off GATE_FAIL=low_band
[Main] Cmd: a=0.42 b=0.83 v=1.00 P0=off C0=off P1=off P3=off
[Main] Cmd: a=0.42 b=0.83 v=1.00 P0=off C0=off P1=off P3=off
[Main] Cmd: a=0.42 b=0.83 v=1.00 P0=off C0=off P1=off P3=off
[Main] Cmd: a=0.42 b=0.83 v=1.00 P0=off C0=off P1=off P3=off
[Main] Cmd: a=0.42 b=0.84 v=1.00 P0=off C0=off P1=off P3=off
[Main] Cmd: a=0.41 b=0.84 v=1.00 P0=off C0=off P1=off P3=off
[Main] Cmd: a=0.41 b=0.84 v=1.00 P0=off C0=off P1=off P3=off
[Main] Cmd: a=0.41 b=0.84 v=1.00 P0=off C0=off P1=off P3=off
[Main] Cmd: a=0.40 b=0.85 v=1.00 P0=off C0=off P1=off P3=off
[Main] Cmd: a=0.40 b=0.85 v=1.00 P0=off C0=off P1=off P3=off
[Main] Cmd: a=0.40 b=0.85 v=1.00 P0=off C0=off P1=off P3=off
[Main] Cmd: a=0.39 b=0.85 v=1.00 P0=off C0=off P1=off P3=off
[Main] Cmd: a=0.39 b=0.86 v=1.00 P0=off C0=off P1=off P3=off
[Main] Cmd: a=0.39 b=0.86 v=1.00 P0=off C0=off P1=off P3=off
[Main] Cmd: a=0.38 b=0.86 v=1.00 P0=off C0=off P1=off P3=off
[Main] Cmd: a=0.38 b=0.86 v=1.00 P0=off C0=off P1=off P3=off
[Main] Cmd: a=0.38 b=0.87 v=1.00 P0=off C0=off P1=off P3=off
[Main] Cmd: a=0.37 b=0.87 v=1.00 P0=off C0=off P1=off P3=off
[Main] Cmd: a=0.37 b=0.87 v=1.00 P0=off C0=off P1=off P3=off GATE_FAIL=high_band
[Main] Cmd: a=0.37 b=0.87 v=1.00 P0=off C0=off P1=off P3=off
[Main] Cmd: a=0.36 b=0.88 v=1.00 P0=off C0=off P1=off P3=off
[Main] Cmd: a=0.36 b=0.88 v=1.00 P0=off C0=off P1=off P3=off
[Main] Cmd: a=0.36 b=0.88 v=1.00 P0=off C0=off P1=off P3=off
[Main] Cmd: a=0.35 b=0.88 v=1.00 P0=off C0=off P1=off P3=off
[Main] Cmd: a=0.35 b=0.89 v=1.00 P0=off C0=off P1=off P3=off
[Main] Cmd: a=0.34 b=0.89 v=1.00 P0=off C0=off P1=off P3=off
[Main] Cmd: a=0.34 b=0.89 v=1.00 P0=off C0=off P1=off P3=off
[Main] Cmd: a=0.34 b=0.89 v=1.00 P0=off C0=off P1=off P3=off
[Main] Cmd: a=0.33 b=0.90 v=1.00 P0=off C0=off P1=off P3=off
[Main] Cmd: a=0.33 b=0.90 v=1.00 P0=off C0=off P1=off P3=off
[Main] Cmd: a=0.33 b=0.90 v=1.00 P0=off C0=off P1=off P3=off
[Main] Cmd: a=0.33 b=0.90 v=1.00 P0=off C0=off P1=off P3=off
[Main] Cmd: a=0.32 b=0.91 v=1.00 P0=off C0=off P1=off P3=off
[Main] Cmd: a=0.32 b=0.91 v=1.00 P0=off C0=off P1=off P3=off
[Main] Cmd: a=0.32 b=0.91 v=1.00 P0=off C0=off P1=off P3=off
[Main] Cmd: a=0.31 b=0.91 v=1.00 P0=off C0=off P1=off P3=off
[Main] Cmd: a=0.31 b=0.91 v=1.00 P0=off C0=off P1=off P3=off
[Main] Cmd: a=0.31 b=0.91 v=1.00 P0=off C0=off P1=off P3=off GATE_FAIL=high_band
[Main] Cmd: a=0.31 b=0.92 v=1.00 P0=off C0=off P1=off P3=off
[Main] Cmd: a=0.31 b=0.92 v=1.00 P0=off C0=off P1=off P3=off
[Main] Cmd: a=0.30 b=0.92 v=1.00 P0=off C0=off P1=off P3=off
[Main] Cmd: a=0.30 b=0.92 v=1.00 P0=off C0=off P1=off P3=off
[Main] Cmd: a=0.30 b=0.92 v=1.00 P0=off C0=off P1=off P3=off
[Main] Cmd: a=0.29 b=0.93 v=1.00 P0=off C0=off P1=off P3=off
[Main] Cmd: a=0.29 b=0.93 v=1.00 P0=off C0=off P1=off P3=off
[Main] Cmd: a=0.29 b=0.93 v=1.00 P0=off C0=off P1=off P3=off
[Main] Cmd: a=0.28 b=0.93 v=1.00 P0=off C0=off P1=off P3=off
[Main] Cmd: a=0.28 b=0.93 v=1.00 P0=off C0=off P1=off P3=off
[Main] Cmd: a=0.28 b=0.93 v=1.00 P0=off C0=off P1=off P3=off
[Main] Cmd: a=0.27 b=0.94 v=1.00 P0=off C0=off P1=off P3=off
[Main] Cmd: a=0.27 b=0.94 v=1.00 P0=off C0=off P1=off P3=off
[Main] Cmd: a=0.27 b=0.94 v=1.00 P0=off C0=off P1=off P3=off
[Main] Cmd: a=0.26 b=0.94 v=1.00 P0=off C0=off P1=off P3=off
[Main] Cmd: a=0.26 b=0.94 v=1.00 P0=off C0=off P1=off P3=off
[Main] Cmd: a=0.25 b=0.94 v=1.00 P0=off C0=off P1=off P3=off
[Main] Cmd: a=0.25 b=0.95 v=1.00 P0=off C0=off P1=off P3=off
[Main] Cmd: a=0.24 b=0.95 v=1.00 P0=off C0=off P1=off P3=off
[Main] Cmd: a=0.24 b=0.95 v=1.00 P0=off C0=off P1=off P3=off GATE_FAIL=high_band
[Main] Cmd: a=0.24 b=0.95 v=1.00 P0=off C0=off P1=off P3=off
[Main] Cmd: a=0.23 b=0.95 v=1.00 P0=off C0=off P1=off P3=off
[Main] Cmd: a=0.23 b=0.95 v=1.00 P0=off C0=off P1=off P3=off
[Main] Cmd: a=0.23 b=0.95 v=1.00 P0=off C0=off P1=off P3=off
[Main] Cmd: a=0.22 b=0.96 v=1.00 P0=off C0=off P1=off P3=off
[Main] Cmd: a=0.22 b=0.96 v=1.00 P0=off C0=off P1=off P3=off
[Main] Cmd: a=0.21 b=0.96 v=1.00 P0=off C0=off P1=off P3=off
[Main] Cmd: a=0.21 b=0.96 v=1.00 P0=off C0=off P1=off P3=off
[Main] Cmd: a=0.21 b=0.96 v=1.00 P0=off C0=off P1=off P3=off
[Main] Cmd: a=0.20 b=0.96 v=1.00 P0=off C0=off P1=off P3=off
[Main] Cmd: a=0.20 b=0.96 v=1.00 P0=off C0=off P1=off P3=off
[Main] Cmd: a=0.20 b=0.97 v=1.00 P0=off C0=off P1=off P3=off
[Main] Cmd: a=0.19 b=0.97 v=1.00 P0=off C0=off P1=off P3=off
[Main] Cmd: a=0.19 b=0.97 v=1.00 P0=off C0=off P1=off P3=off
[Main] Cmd: a=0.19 b=0.97 v=1.00 P0=off C0=off P1=off P3=off
[Main] Cmd: a=0.18 b=0.97 v=1.00 P0=off C0=off P1=off P3=off
[Main] Cmd: a=0.18 b=0.97 v=1.00 P0=off C0=off P1=off P3=off
[Main] Cmd: a=0.18 b=0.97 v=1.00 P0=off C0=off P1=off P3=off
[Main] Cmd: a=0.17 b=0.97 v=1.00 P0=off C0=off P1=off P3=off
[Main] Cmd: a=0.17 b=0.98 v=1.00 P0=off C0=off P1=off P3=off GATE_FAIL=mid_trigger
[Main] Cmd: a=0.17 b=0.98 v=1.00 P0=off C0=off P1=off P3=off
[Main] Cmd: a=0.16 b=0.98 v=1.00 P0=off C0=off P1=off P3=off
[Main] Cmd: a=0.16 b=0.98 v=1.00 P0=off C0=off P1=off P3=off
[Main] Cmd: a=0.16 b=0.98 v=1.00 P0=off C0=off P1=off P3=off
[Main] Cmd: a=0.15 b=0.98 v=1.00 P0=off C0=off P1=off P3=off
[Main] Cmd: a=0.15 b=0.98 v=1.00 P0=off C0=off P1=off P3=off
[Main] Cmd: a=0.15 b=0.98 v=1.00 P0=off C0=off P1=off P3=off
[Main] Cmd: a=0.14 b=0.98 v=1.00 P0=off C0=off P1=off P3=off
[Main] Cmd: a=0.14 b=0.98 v=1.00 P0=off C0=off P1=off P3=off
[Main] Cmd: a=0.14 b=0.99 v=1.00 P0=off C0=off P1=off P3=off
[Main] Cmd: a=0.13 b=0.99 v=1.00 P0=off C0=off P1=off P3=off
[Main] Cmd: a=0.13 b=0.99 v=1.00 P0=off C0=off P1=off P3=off
[Main] Cmd: a=0.12 b=0.99 v=1.00 P0=off C0=off P1=off P3=off
[Main] Cmd: a=0.12 b=0.99 v=1.00 P0=off C0=off P1=off P3=off
[Main] Cmd: a=0.11 b=0.99 v=1.00 P0=off C0=off P1=off P3=off
[Main] Cmd: a=0.11 b=0.99 v=1.00 P0=off C0=off P1=off P3=off
[Main] Cmd: a=0.10 b=0.99 v=1.00 P0=off C0=off P1=off P3=off
[Main] Cmd: a=0.10 b=0.99 v=1.00 P0=off C0=off P1=off P3=off
[Main] Cmd: a=0.09 b=0.99 v=1.00 P0=off C0=off P1=off P3=off GATE_FAIL=high_band
[Main] Cmd: a=0.09 b=0.99 v=1.00 P0=off C0=off P1=off P3=off
[Main] Cmd: a=0.09 b=0.99 v=1.00 P0=off C0=off P1=off P3=off
[Main] Cmd: a=0.08 b=0.99 v=1.00 P0=off C0=off P1=off P3=off
[Main] Cmd: a=0.08 b=0.99 v=1.00 P0=off C0=off P1=off P3=off
[Main] Cmd: a=0.08 b=0.99 v=1.00 P0=off C0=off P1=off P3=off
[Main] Cmd: a=0.07 b=1.00 v=1.00 P0=off C0=off P1=off P3=off
[Main] Cmd: a=0.07 b=1.00 v=1.00 P0=off C0=off P1=off P3=off
[Main] Cmd: a=0.07 b=1.00 v=1.00 P0=off C0=off P1=off P3=off
[Main] Cmd: a=0.06 b=1.00 v=1.00 P0=off C0=off P1=off P3=off
[Main] Cmd: a=0.06 b=1.00 v=1.00 P0=off C0=off P1=off P3=off
[Main] Cmd: a=0.06 b=1.00 v=1.00 P0=off C0=off P1=off P3=off
[Main] Cmd: a=0.05 b=1.00 v=1.00 P0=off C0=off P1=off P3=off
[Main] Cmd: a=0.05 b=1.00 v=1.00 P0=off C0=off P1=off P3=off
[Main] Cmd: a=0.05 b=1.00 v=1.00 P0=off C0=off P1=off P3=off
[Main] Cmd: a=0.04 b=1.00 v=1.00 P0=off C0=off P1=off P3=off
[Main] Cmd: a=0.04 b=1.00 v=1.00 P0=off C0=off P1=off P3=off
[Main] Cmd: a=0.04 b=1.00 v=1.00 P0=off C0=off P1=off P3=off
[Main] Cmd: a=0.03 b=1.00 v=1.00 P0=off C0=off P1=off P3=off
[Main] Cmd: a=0.03 b=1.00 v=1.00 P0=off C0=off P1=off P3=off GATE_FAIL=high_band
[Main] Cmd: a=0.02 b=1.00 v=1.00 P0=off C0=off P1=off P3=off
[Main] Cmd: a=0.02 b=1.00 v=1.00 P0=off C0=off P1=off P3=off
[Main] Cmd: a=0.02 b=1.00 v=1.00 P0=off C0=off P1=off P3=off
[Main] Cmd: a=0.01 b=1.00 v=1.00 P0=off C0=off P1=off P3=off
[Main] Cmd: a=0.01 b=1.00 v=1.00 P0=off C0=off P1=off P3=off
[Main] Cmd: a=0.00 b=1.00 v=1.00 P0=off C0=off P1=off P3=off
[Main] Cmd: a=-0.00 b=1.00 v=1.00 P0=off C0=off P1=off P3=off
[Main] Cmd: a=-0.01 b=1.00 v=1.00 P0=off C0=off P1=off P3=off
[Main] Cmd: a=-0.01 b=1.00 v=1.00 P0=off C0=off P1=off P3=off
[Main] Cmd: a=-0.01 b=1.00 v=1.00 P0=off C0=off P1=off P3=off
[Main] Cmd: a=-0.02 b=1.00 v=1.00 P0=off C0=off P1=off P3=off
[Main] Cmd: a=-0.02 b=1.00 v=1.00 P0=off C0=off P1=off P3=off
[Main] Cmd: a=-0.03 b=1.00 v=1.00 P0=off C0=off P1=off P3=off
[Main] Cmd: a=-0.03 b=1.00 v=1.00 P0=off C0=off P1=off P3=off
[Main] Cmd: a=-0.04 b=1.00 v=1.00 P0=off C0=off P1=off P3=off
[Main] Cmd: a=-0.04 b=1.00 v=1.00 P0=off C0=off P1=off P3=off
[Main] Cmd: a=-0.04 b=1.00 v=1.00 P0=off C0=off P1=off P3=off
[Main] Cmd: a=-0.05 b=1.00 v=1.00 P0=off C0=off P1=off P3=off
[Main] Cmd: a=-0.05 b=1.00 v=1.00 P0=off C0=off P1=off P3=off GATE_FAIL=high_band
[Main] Cmd: a=-0.05 b=1.00 v=1.00 P0=off C0=off P1=off P3=off
[Main] Cmd: a=-0.06 b=1.00 v=1.00 P0=off C0=off P1=off P3=off
[Main] Cmd: a=-0.06 b=1.00 v=1.00 P0=off C0=off P1=off P3=off
[Main] Cmd: a=-0.06 b=1.00 v=1.00 P0=off C0=off P1=off P3=off
[Main] Cmd: a=-0.07 b=1.00 v=1.00 P0=off C0=off P1=off P3=off
[Main] Cmd: a=-0.07 b=1.00 v=1.00 P0=off C0=off P1=off P3=off
[Main] Cmd: a=-0.07 b=1.00 v=1.00 P0=off C0=off P1=off P3=off
[Main] Cmd: a=-0.08 b=1.00 v=1.00 P0=off C0=off P1=off P3=off
[Main] Cmd: a=-0.08 b=0.99 v=1.00 P0=off C0=off P1=off P3=off
[Main] Cmd: a=-0.08 b=0.99 v=1.00 P0=off C0=off P1=off P3=off
[Main] Cmd: a=-0.09 b=0.99 v=1.00 P0=off C0=off P1=off P3=off
[Main] Cmd: a=-0.09 b=0.99 v=1.00 P0=off C0=off P1=off P3=off
[Main] Cmd: a=-0.09 b=0.99 v=1.00 P0=off C0=off P1=off P3=off
[Main] Cmd: a=-0.10 b=0.99 v=1.00 P0=off C0=off P1=off P3=off
[Main] Cmd: a=-0.10 b=0.99 v=1.00 P0=off C0=off P1=off P3=off
[Main] Cmd: a=-0.10 b=0.99 v=1.00 P0=off C0=off P1=off P3=off
[Main] Cmd: a=-0.11 b=0.99 v=1.00 P0=off C0=off P1=off P3=off
[Main] Cmd: a=-0.11 b=0.99 v=1.00 P0=off C0=off P1=off P3=off
[Main] Cmd: a=-0.12 b=0.99 v=1.00 P0=off C0=off P1=off P3=off
[Main] Cmd: a=-0.12 b=0.99 v=1.00 P0=off C0=off P1=off P3=off GATE_FAIL=high_band
[Main] Cmd: a=-0.13 b=0.99 v=1.00 P0=off C0=off P1=off P3=off
[Main] Cmd: a=-0.13 b=0.99 v=1.00 P0=off C0=off P1=off P3=off
[Main] Cmd: a=-0.13 b=0.98 v=1.00 P0=off C0=off P1=off P3=off
[Main] Cmd: a=-0.14 b=0.98 v=1.00 P0=off C0=off P1=off P3=off
[Main] Cmd: a=-0.14 b=0.98 v=1.00 P0=off C0=off P1=off P3=off
[Main] Cmd: a=-0.15 b=0.98 v=1.00 P0=off C0=off P1=off P3=off
[Main] Cmd: a=-0.15 b=0.98 v=1.00 P0=off C0=off P1=off P3=off
[Main] Cmd: a=-0.16 b=0.98 v=1.00 P0=off C0=off P1=off P3=off
[Main] Cmd: a=-0.16 b=0.98 v=1.00 P0=off C0=off P1=off P3=off
[Main] Cmd: a=-0.16 b=0.98 v=1.00 P0=off C0=off P1=off P3=off
[Main] Cmd: a=-0.17 b=0.98 v=1.00 P0=off C0=off P1=off P3=off
[Main] Cmd: a=-0.17 b=0.98 v=1.00 P0=off C0=off P1=off P3=off
[Main] Cmd: a=-0.17 b=0.97 v=1.00 P0=off C0=off P1=off P3=off
[Main] Cmd: a=-0.18 b=0.97 v=1.00 P0=off C0=off P1=off P3=off
[Main] Cmd: a=-0.18 b=0.97 v=1.00 P0=off C0=off P1=off P3=off
[Main] Cmd: a=-0.19 b=0.97 v=1.00 P0=off C0=off P1=off P3=off
[Main] Cmd: a=-0.19 b=0.97 v=1.00 P0=off C0=off P1=off P3=off
[Main] Cmd: a=-0.19 b=0.97 v=1.00 P0=off C0=off P1=off P3=off
[Main] Cmd: a=-0.19 b=0.97 v=1.00 P0=off C0=off P1=off P3=off
[Main] Cmd: a=-0.20 b=0.97 v=1.00 P0=off C0=off P1=off P3=off GATE_FAIL=mid_trigger
[Main] Cmd: a=-0.20 b=0.97 v=1.00 P0=off C0=off P1=off P3=off
[Main] Cmd: a=-0.20 b=0.96 v=1.00 P0=off C0=off P1=off P3=off
[Main] Cmd: a=-0.20 b=0.96 v=1.00 P0=off C0=off P1=off P3=off
[Main] Cmd: a=-0.21 b=0.96 v=1.00 P0=off C0=off P1=off P3=off
[Main] Cmd: a=-0.21 b=0.96 v=1.00 P0=off C0=off P1=off P3=off
[Main] Cmd: a=-0.21 b=0.96 v=1.00 P0=off C0=off P1=off P3=off
[Main] Cmd: a=-0.22 b=0.96 v=1.00 P0=off C0=off P1=off P3=off
[Main] Cmd: a=-0.22 b=0.96 v=1.00 P0=off C0=off P1=off P3=off
[Main] Cmd: a=-0.23 b=0.95 v=1.00 P0=off C0=off P1=off P3=off
[Main] Cmd: a=-0.23 b=0.95 v=1.00 P0=off C0=off P1=off P3=off
[Main] Cmd: a=-0.24 b=0.95 v=1.00 P0=off C0=off P1=off P3=off
[Main] Cmd: a=-0.24 b=0.95 v=1.00 P0=off C0=off P1=off P3=off
[Main] Cmd: a=-0.25 b=0.95 v=1.00 P0=off C0=off P1=off P3=off
[Main] Cmd: a=-0.25 b=0.95 v=1.00 P0=off C0=off P1=off P3=off
[Main] Cmd: a=-0.26 b=0.94 v=1.00 P0=off C0=off P1=off P3=off
[Main] Cmd: a=-0.26 b=0.94 v=1.00 P0=off C0=off P1=off P3=off
[Main] Cmd: a=-0.26 b=0.94 v=1.00 P0=off C0=off P1=off P3=off
[Main] Cmd: a=-0.27 b=0.94 v=1.00 P0=off C0=off P1=off P3=off
[Main] Cmd: a=-0.27 b=0.94 v=1.00 P0=off C0=off P1=off P3=off GATE_FAIL=high_band
[Main] Cmd: a=-0.27 b=0.94 v=1.00 P0=off C0=off P1=off P3=off
[Main] Cmd: a=-0.27 b=0.94 v=1.00 P0=off C0=off P1=off P3=off
[Main] Cmd: a=-0.27 b=0.93 v=1.00 P0=off C0=off P1=off P3=off
[Main] Cmd: a=-0.28 b=0.93 v=1.00 P0=off C0=off P1=off P3=off
[Main] Cmd: a=-0.28 b=0.93 v=1.00 P0=off C0=off P1=off P3=off
[Main] Cmd: a=-0.28 b=0.93 v=1.00 P0=off C0=off P1=off P3=off
[Main] Cmd: a=-0.28 b=0.93 v=1.00 P0=off C0=off P1=off P3=off
[Main] Cmd: a=-0.29 b=0.93 v=1.00 P0=off C0=off P1=off P3=off
[Main] Cmd: a=-0.29 b=0.92 v=1.00 P0=off C0=off P1=off P3=off
[Main] Cmd: a=-0.29 b=0.92 v=1.00 P0=off C0=off P1=off P3=off
[Main] Cmd: a=-0.30 b=0.92 v=1.00 P0=off C0=off P1=off P3=off
[Main] Cmd: a=-0.30 b=0.92 v=1.00 P0=off C0=off P1=off P3=off
[Main] Cmd: a=-0.30 b=0.91 v=1.00 P0=off C0=off P1=off P3=off
[Main] Cmd: a=-0.31 b=0.91 v=1.00 P0=off C0=off P1=off P3=off
[Main] Cmd: a=-0.31 b=0.91 v=1.00 P0=off C0=off P1=off P3=off
[Main] Cmd: a=-0.31 b=0.91 v=1.00 P0=off C0=off P1=off P3=off
[Main] Cmd: a=-0.32 b=0.91 v=1.00 P0=off C0=off P1=off P3=off
[Main] Cmd: a=-0.32 b=0.90 v=1.00 P0=off C0=off P1=off P3=off
[Main] Cmd: a=-0.33 b=0.90 v=1.00 P0=off C0=off P1=off P3=off GATE_FAIL=high_band
[Main] Cmd: a=-0.33 b=0.90 v=1.00 P0=off C0=off P1=off P3=off
[Main] Cmd: a=-0.34 b=0.90 v=1.00 P0=off C0=off P1=off P3=off
[Main] Cmd: a=-0.34 b=0.89 v=1.00 P0=off C0=off P1=off P3=off
[Main] Cmd: a=-0.34 b=0.89 v=1.00 P0=off C0=off P1=off P3=off
[Main] Cmd: a=-0.35 b=0.89 v=1.00 P0=off C0=off P1=off P3=off
[Main] Cmd: a=-0.35 b=0.89 v=1.00 P0=off C0=off P1=off P3=off
[Main] Cmd: a=-0.35 b=0.89 v=1.00 P0=off C0=off P1=off P3=off
[Main] Cmd: a=-0.36 b=0.88 v=1.00 P0=off C0=off P1=off P3=off
[Main] Cmd: a=-0.36 b=0.88 v=1.00 P0=off C0=off P1=off P3=off
[Main] Cmd: a=-0.36 b=0.88 v=1.00 P0=off C0=off P1=off P3=off
[Main] Cmd: a=-0.37 b=0.88 v=1.00 P0=off C0=off P1=off P3=off
[Main] Cmd: a=-0.37 b=0.88 v=1.00 P0=off C0=off P1=off P3=off
[Main] Cmd: a=-0.37 b=0.87 v=1.00 P0=off C0=off P1=off P3=off
[Main] Cmd: a=-0.37 b=0.87 v=1.00 P0=off C0=off P1=off P3=off
[Main] Cmd: a=-0.38 b=0.87 v=1.00 P0=off C0=off P1=off P3=off
[Main] Cmd: a=-0.38 b=0.87 v=1.00 P0=off C0=off P1=off P3=off
[Main] Cmd: a=-0.38 b=0.87 v=1.00 P0=off C0=off P1=off P3=off
[Main] Cmd: a=-0.38 b=0.86 v=1.00 P0=off C0=off P1=off P3=off
[Main] Cmd: a=-0.38 b=0.86 v=1.00 P0=off C0=off P1=off P3=off
[Main] Cmd: a=-0.38 b=0.86 v=1.00 P0=off C0=off P1=off P3=off
[Main] Cmd: a=-0.39 b=0.86 v=1.00 P0=off C0=off P1=off P3=off
[Main] Cmd: a=-0.39 b=0.85 v=1.00 P0=off C0=off P1=off P3=off GATE_FAIL=high_band
[Main] Cmd: a=-0.39 b=0.85 v=1.00 P0=off C0=off P1=off P3=off
[Main] Cmd: a=-0.40 b=0.85 v=1.00 P0=off C0=off P1=off P3=off
[Main] Cmd: a=-0.40 b=0.85 v=1.00 P0=off C0=off P1=off P3=off
[Main] Cmd: a=-0.40 b=0.84 v=1.00 P0=off C0=off P1=off P3=off
[Main] Cmd: a=-0.40 b=0.84 v=1.00 P0=off C0=off P1=off P3=off
[Main] Cmd: a=-0.41 b=0.84 v=1.00 P0=off C0=off P1=off P3=off
[Main] Cmd: a=-0.41 b=0.83 v=1.00 P0=off C0=off P1=off P3=off
[Main] Cmd: a=-0.41 b=0.83 v=1.00 P0=off C0=off P1=off P3=off
[Main] Cmd: a=-0.42 b=0.83 v=1.00 P0=off C0=off P1=off P3=off
[Main] Cmd: a=-0.42 b=0.83 v=1.00 P0=off C0=off P1=off P3=off
[Main] Cmd: a=-0.42 b=0.82 v=1.00 P0=off C0=off P1=off P3=off
[Main] Cmd: a=-0.43 b=0.82 v=1.00 P0=off C0=off P1=off P3=off
[Main] Cmd: a=-0.43 b=0.82 v=1.00 P0=off C0=off P1=off P3=off
[Main] Cmd: a=-0.43 b=0.81 v=1.00 P0=off C0=off P1=off P3=off
[Main] Cmd: a=-0.44 b=0.81 v=1.00 P0=off C0=off P1=off P3=off
[Main] Cmd: a=-0.44 b=0.81 v=1.00 P0=off C0=off P1=off P3=off
[Main] Cmd: a=-0.44 b=0.80 v=1.00 P0=off C0=off P1=off P3=off
[Main] Cmd: a=-0.45 b=0.80 v=1.00 P0=off C0=off P1=off P3=off
[Main] Cmd: a=-0.45 b=0.80 v=1.00 P0=off C0=off P1=off P3=off
[Main] Cmd: a=-0.45 b=0.80 v=1.00 P0=off C0=off P1=off P3=off
[Main] Cmd: a=-0.46 b=0.79 v=1.00 P0=off C0=off P1=off P3=off GATE_FAIL=high_band
[Main] Cmd: a=-0.46 b=0.79 v=1.00 P0=off C0=off P1=off P3=off
[Main] Cmd: a=-0.46 b=0.79 v=1.00 P0=off C0=off P1=off P3=off
[Main] Cmd: a=-0.46 b=0.78 v=1.00 P0=off C0=off P1=off P3=off
[Main] Cmd: a=-0.47 b=0.78 v=1.00 P0=off C0=off P1=off P3=off
[Main] Cmd: a=-0.47 b=0.78 v=1.00 P0=off C0=off P1=off P3=off
[Main] Cmd: a=-0.47 b=0.78 v=1.00 P0=off C0=off P1=off P3=off
[Main] Cmd: a=-0.47 b=0.77 v=1.00 P0=off C0=off P1=off P3=off
[Main] Cmd: a=-0.48 b=0.77 v=1.00 P0=off C0=off P1=off P3=off
[Main] Cmd: a=-0.48 b=0.77 v=1.00 P0=off C0=off P1=off P3=off
[Main] Cmd: a=-0.48 b=0.76 v=1.00 P0=off C0=off P1=off P3=off
[Main] Cmd: a=-0.48 b=0.76 v=1.00 P0=off C0=off P1=off P3=off
[Main] Cmd: a=-0.48 b=0.76 v=1.00 P0=off C0=off P1=off P3=off GATE_FAIL=high_band
[Main] Cmd: a=-0.48 b=0.76 v=1.00 P0=off C0=off P1=off P3=off
[Main] Cmd: a=-0.49 b=0.75 v=1.00 P0=off C0=off P1=off P3=off
[Main] Cmd: a=-0.49 b=0.75 v=1.00 P0=off C0=off P1=off P3=off
[Main] Cmd: a=-0.49 b=0.75 v=1.00 P0=off C0=off P1=off P3=off
[Main] Cmd: a=-0.49 b=0.75 v=1.00 P0=off C0=off P1=off P3=off
[Main] Cmd: a=-0.49 b=0.74 v=1.00 P0=off C0=off P1=off P3=off
[Main] Cmd: a=-0.49 b=0.74 v=1.00 P0=off C0=off P1=off P3=off
[Main] Cmd: a=-0.49 b=0.74 v=1.00 P0=off C0=off P1=off P3=off
[Main] Cmd: a=-0.50 b=0.73 v=1.00 P0=off C0=off P1=off P3=off
[Main] Cmd: a=-0.50 b=0.73 v=1.00 P0=off C0=off P1=off P3=off GATE_FAIL=high_band
[Main] Cmd: a=-0.50 b=0.73 v=1.00 P0=off C0=off P1=off P3=off
[Main] Cmd: a=-0.50 b=0.72 v=1.00 P0=off C0=off P1=off P3=off
[Main] Cmd: a=-0.50 b=0.72 v=1.00 P0=off C0=off P1=off P3=off
[Main] Cmd: a=-0.51 b=0.72 v=1.00 P0=off C0=off P1=off P3=off
[Main] Cmd: a=-0.51 b=0.71 v=1.00 P0=off C0=off P1=off P3=off
[Main] Cmd: a=-0.51 b=0.71 v=1.00 P0=off C0=off P1=off P3=off
[Main] Cmd: a=-0.51 b=0.71 v=1.00 P0=off C0=off P1=off P3=off
[Main] Cmd: a=-0.51 b=0.70 v=1.00 P0=off C0=off P1=off P3=off
[Main] Cmd: a=-0.52 b=0.70 v=1.00 P0=off C0=off P1=off P3=off
[Main] Cmd: a=-0.52 b=0.69 v=1.00 P0=off C0=off P1=off P3=off GATE_FAIL=mid_trigger
[Main] Cmd: a=-0.52 b=0.69 v=1.00 P0=off C0=off P1=off P3=off GATE_FAIL=mid_trigger
[Main] Cmd: a=-0.53 b=0.69 v=1.00 P0=off C0=off P1=off P3=off
[Main] Cmd: a=-0.53 b=0.68 v=1.00 P0=off C0=off P1=off P3=off
[Main] Cmd: a=-0.53 b=0.68 v=1.00 P0=off C0=off P1=off P3=off
[Main] Cmd: a=-0.53 b=0.68 v=1.00 P0=off C0=off P1=off P3=off
[Main] Cmd: a=-0.54 b=0.67 v=1.00 P0=off C0=off P1=off P3=off
[Main] Cmd: a=-0.54 b=0.67 v=1.00 P0=off C0=off P1=off P3=off
[Main] Cmd: a=-0.54 b=0.66 v=1.00 P0=off C0=off P1=off P3=off
[Main] Cmd: a=-0.54 b=0.66 v=1.00 P0=off C0=off P1=off P3=off
[Main] Cmd: a=-0.55 b=0.66 v=1.00 P0=off C0=off P1=off P3=off
[Main] Cmd: a=-0.55 b=0.65 v=1.00 P0=off C0=off P1=off P3=off
[Main] Cmd: a=-0.55 b=0.65 v=1.00 P0=off C0=off P1=off P3=off GATE_FAIL=high_band
[Main] Cmd: a=-0.55 b=0.65 v=1.00 P0=off C0=off P1=off P3=off
[Main] Cmd: a=-0.55 b=0.64 v=1.00 P0=off C0=off P1=off P3=off
[Main] Cmd: a=-0.55 b=0.64 v=1.00 P0=off C0=off P1=off P3=off
[GUI] Beat counter/tempo reset due to silence.
[Main] Cmd: a=-0.56 b=0.64 v=1.00 P0=off C0=off P1=off P3=off
[Main] Cmd: a=-0.56 b=0.63 v=1.00 P0=off C0=off P1=off P3=off
[Main] Cmd: a=-0.56 b=0.63 v=1.00 P0=off C0=off P1=off P3=off
[Main] Cmd: a=-0.56 b=0.63 v=1.00 P0=off C0=off P1=off P3=off
[Main] Cmd: a=-0.56 b=0.63 v=1.00 P0=off C0=off P1=off P3=off
[Main] Cmd: a=-0.56 b=0.62 v=1.00 P0=off C0=off P1=off P3=off
[Main] Cmd: a=-0.56 b=0.62 v=1.00 P0=off C0=off P1=off P3=off
[Main] Cmd: a=-0.56 b=0.62 v=1.00 P0=off C0=off P1=off P3=off
[Main] Cmd: a=-0.56 b=0.61 v=1.00 P0=off C0=off P1=off P3=off
[Main] Cmd: a=-0.56 b=0.61 v=1.00 P0=off C0=off P1=off P3=off
[Main] Cmd: a=-0.56 b=0.61 v=1.00 P0=off C0=off P1=off P3=off
[Main] Cmd: a=-0.56 b=0.60 v=1.00 P0=off C0=off P1=off P3=off
[Main] Cmd: a=-0.56 b=0.60 v=1.00 P0=off C0=off P1=off P3=off
[Main] Cmd: a=-0.56 b=0.60 v=1.00 P0=off C0=off P1=off P3=off
[Main] Cmd: a=-0.57 b=0.59 v=1.00 P0=off C0=off P1=off P3=off
[Main] Cmd: a=-0.57 b=0.59 v=1.00 P0=off C0=off P1=off P3=off
[Main] Cmd: a=-0.56 b=0.59 v=1.00 P0=off C0=off P1=off P3=off
[Main] Cmd: a=-0.56 b=0.58 v=1.00 P0=off C0=off P1=off P3=off GATE_FAIL=mid_trigger
[Main] Cmd: a=-0.57 b=0.58 v=1.00 P0=off C0=off P1=off P3=off
[Main] Cmd: a=-0.57 b=0.58 v=1.00 P0=off C0=off P1=off P3=off
[Main] Cmd: a=-0.57 b=0.57 v=1.00 P0=off C0=off P1=off P3=off
[Main] Cmd: a=-0.57 b=0.57 v=1.00 P0=off C0=off P1=off P3=off
[Main] Cmd: a=-0.57 b=0.56 v=1.00 P0=off C0=off P1=off P3=off
[Main] Cmd: a=-0.57 b=0.56 v=1.00 P0=off C0=off P1=off P3=off
[Main] Cmd: a=-0.58 b=0.55 v=1.00 P0=off C0=off P1=off P3=off
[Main] Cmd: a=-0.58 b=0.55 v=1.00 P0=off C0=off P1=off P3=off
[Main] Cmd: a=-0.58 b=0.55 v=1.00 P0=off C0=off P1=off P3=off
[Main] Cmd: a=-0.58 b=0.54 v=1.00 P0=off C0=off P1=off P3=off
[Main] Cmd: a=-0.58 b=0.54 v=1.00 P0=off C0=off P1=off P3=off
[Main] Cmd: a=-0.58 b=0.53 v=1.00 P0=off C0=off P1=off P3=off
[Main] Cmd: a=-0.59 b=0.53 v=1.00 P0=off C0=off P1=off P3=off
[Main] Cmd: a=-0.59 b=0.52 v=1.00 P0=off C0=off P1=off P3=off
[Main] Cmd: a=-0.59 b=0.52 v=1.00 P0=off C0=off P1=off P3=off
[Main] Cmd: a=-0.59 b=0.52 v=1.00 P0=off C0=off P1=off P3=off
[Main] Cmd: a=-0.59 b=0.51 v=1.00 P0=off C0=off P1=off P3=off
[Main] Cmd: a=-0.59 b=0.51 v=1.00 P0=off C0=off P1=off P3=off
[Main] Cmd: a=-0.60 b=0.50 v=1.00 P0=off C0=off P1=off P3=off
[Main] Cmd: a=-0.60 b=0.50 v=1.00 P0=off C0=off P1=off P3=off
[Main] Cmd: a=-0.60 b=0.49 v=1.00 P0=off C0=off P1=off P3=off
[Main] Cmd: a=-0.60 b=0.49 v=1.00 P0=off C0=off P1=off P3=off GATE_FAIL=high_band
[Main] Cmd: a=-0.60 b=0.49 v=1.00 P0=off C0=off P1=off P3=off
[Main] Cmd: a=-0.60 b=0.48 v=1.00 P0=off C0=off P1=off P3=off
[Main] Cmd: a=-0.60 b=0.48 v=1.00 P0=off C0=off P1=off P3=off
[Main] Cmd: a=-0.60 b=0.48 v=1.00 P0=off C0=off P1=off P3=off
[Main] Cmd: a=-0.60 b=0.47 v=1.00 P0=off C0=off P1=off P3=off
[Main] Cmd: a=-0.60 b=0.47 v=1.00 P0=off C0=off P1=off P3=off
[Main] Cmd: a=-0.60 b=0.47 v=1.00 P0=off C0=off P1=off P3=off
[Main] Cmd: a=-0.60 b=0.47 v=1.00 P0=off C0=off P1=off P3=off
[Main] Cmd: a=-0.60 b=0.46 v=1.00 P0=off C0=off P1=off P3=off
[Main] Cmd: a=-0.60 b=0.46 v=1.00 P0=off C0=off P1=off P3=off
[Main] Cmd: a=-0.60 b=0.46 v=1.00 P0=off C0=off P1=off P3=off
[Main] Cmd: a=-0.60 b=0.46 v=1.00 P0=off C0=off P1=off P3=off
[Main] Cmd: a=-0.59 b=0.45 v=1.00 P0=off C0=off P1=off P3=off
[Main] Cmd: a=-0.59 b=0.45 v=1.00 P0=off C0=off P1=off P3=off
[Main] Cmd: a=-0.59 b=0.44 v=1.00 P0=off C0=off P1=off P3=off
[Main] Cmd: a=-0.59 b=0.44 v=1.00 P0=off C0=off P1=off P3=off
[Main] Cmd: a=-0.59 b=0.44 v=1.00 P0=off C0=off P1=off P3=off
[Main] Cmd: a=-0.59 b=0.43 v=1.00 P0=off C0=off P1=off P3=off
[Main] Cmd: a=-0.59 b=0.43 v=1.00 P0=off C0=off P1=off P3=off
[Main] Cmd: a=-0.59 b=0.42 v=1.00 P0=off C0=off P1=off P3=off
[Main] Cmd: a=-0.59 b=0.42 v=1.00 P0=off C0=off P1=off P3=off GATE_FAIL=high_band
[Main] Cmd: a=-0.59 b=0.42 v=1.00 P0=off C0=off P1=off P3=off
[Main] Cmd: a=-0.59 b=0.41 v=1.00 P0=off C0=off P1=off P3=off
[Main] Cmd: a=-0.59 b=0.41 v=1.00 P0=off C0=off P1=off P3=off
[Main] Cmd: a=-0.60 b=0.40 v=1.00 P0=off C0=off P1=off P3=off
[Main] Cmd: a=-0.60 b=0.40 v=1.00 P0=off C0=off P1=off P3=off
[Main] Cmd: a=-0.60 b=0.40 v=1.00 P0=off C0=off P1=off P3=off
[Main] Cmd: a=-0.60 b=0.39 v=1.00 P0=off C0=off P1=off P3=off
[Main] Cmd: a=-0.60 b=0.39 v=1.00 P0=off C0=off P1=off P3=off
[Main] Cmd: a=-0.60 b=0.38 v=1.00 P0=off C0=off P1=off P3=off
[Main] Cmd: a=-0.60 b=0.38 v=1.00 P0=off C0=off P1=off P3=off
[Main] Cmd: a=-0.60 b=0.37 v=1.00 P0=off C0=off P1=off P3=off
[Main] Cmd: a=-0.60 b=0.37 v=1.00 P0=off C0=off P1=off P3=off
[Main] Cmd: a=-0.60 b=0.36 v=1.00 P0=off C0=off P1=off P3=off
[Main] Cmd: a=-0.60 b=0.36 v=1.00 P0=off C0=off P1=off P3=off
[Main] Cmd: a=-0.60 b=0.35 v=1.00 P0=off C0=off P1=off P3=off
[Main] Cmd: a=-0.60 b=0.35 v=1.00 P0=off C0=off P1=off P3=off
[Main] Cmd: a=-0.60 b=0.34 v=1.00 P0=off C0=off P1=off P3=off
[Main] Cmd: a=-0.60 b=0.34 v=1.00 P0=off C0=off P1=off P3=off
[Main] Cmd: a=-0.60 b=0.34 v=1.00 P0=off C0=off P1=off P3=off
[Main] Cmd: a=-0.60 b=0.33 v=1.00 P0=off C0=off P1=off P3=off
[Main] Cmd: a=-0.60 b=0.33 v=1.00 P0=off C0=off P1=off P3=off
[Main] Cmd: a=-0.60 b=0.32 v=1.00 P0=off C0=off P1=off P3=off GATE_FAIL=mid_trigger
[Main] Cmd: a=-0.60 b=0.32 v=1.00 P0=off C0=off P1=off P3=off
[Main] Cmd: a=-0.60 b=0.32 v=1.00 P0=off C0=off P1=off P3=off
[Main] Cmd: a=-0.60 b=0.32 v=1.00 P0=off C0=off P1=off P3=off
[Main] Cmd: a=-0.60 b=0.31 v=1.00 P0=off C0=off P1=off P3=off
[Main] Cmd: a=-0.60 b=0.31 v=1.00 P0=off C0=off P1=off P3=off
[Main] Cmd: a=-0.60 b=0.31 v=1.00 P0=off C0=off P1=off P3=off
[Main] Cmd: a=-0.59 b=0.30 v=1.00 P0=off C0=off P1=off P3=off
[Main] Cmd: a=-0.59 b=0.30 v=1.00 P0=off C0=off P1=off P3=off
[Main] Cmd: a=-0.59 b=0.30 v=1.00 P0=off C0=off P1=off P3=off
[Main] Cmd: a=-0.59 b=0.30 v=1.00 P0=off C0=off P1=off P3=off
[Main] Cmd: a=-0.59 b=0.29 v=1.00 P0=off C0=off P1=off P3=off
[Main] Cmd: a=-0.59 b=0.29 v=1.00 P0=off C0=off P1=off P3=off
[Main] Cmd: a=-0.59 b=0.29 v=1.00 P0=off C0=off P1=off P3=off
[Main] Cmd: a=-0.58 b=0.29 v=1.00 P0=off C0=off P1=off P3=off
[Main] Cmd: a=-0.58 b=0.28 v=1.00 P0=off C0=off P1=off P3=off
[Main] Cmd: a=-0.58 b=0.28 v=1.00 P0=off C0=off P1=off P3=off
[Main] Cmd: a=-0.58 b=0.27 v=1.00 P0=off C0=off P1=off P3=off
[Main] Cmd: a=-0.58 b=0.27 v=1.00 P0=off C0=off P1=off P3=off
[Main] Cmd: a=-0.58 b=0.27 v=1.00 P0=off C0=off P1=off P3=off
[Main] Cmd: a=-0.58 b=0.26 v=1.00 P0=off C0=off P1=off P3=off
[Main] Cmd: a=-0.58 b=0.26 v=1.00 P0=off C0=off P1=off P3=off
[Main] Cmd: a=-0.57 b=0.25 v=1.00 P0=off C0=off P1=off P3=off GATE_FAIL=high_band
[Main] Cmd: a=-0.57 b=0.25 v=1.00 P0=off C0=off P1=off P3=off
[Main] Cmd: a=-0.57 b=0.25 v=1.00 P0=off C0=off P1=off P3=off
[Main] Cmd: a=-0.57 b=0.24 v=1.00 P0=off C0=off P1=off P3=off
[Main] Cmd: a=-0.57 b=0.24 v=1.00 P0=off C0=off P1=off P3=off
[Main] Cmd: a=-0.57 b=0.23 v=1.00 P0=off C0=off P1=off P3=off
[Main] Cmd: a=-0.57 b=0.23 v=1.00 P0=off C0=off P1=off P3=off
[Main] Cmd: a=-0.57 b=0.23 v=1.00 P0=off C0=off P1=off P3=off
[Main] Cmd: a=-0.57 b=0.22 v=1.00 P0=off C0=off P1=off P3=off
[Main] Cmd: a=-0.57 b=0.22 v=1.00 P0=off C0=off P1=off P3=off
[Main] Cmd: a=-0.57 b=0.21 v=1.00 P0=off C0=off P1=off P3=off
[Main] Cmd: a=-0.57 b=0.21 v=1.00 P0=off C0=off P1=off P3=off
[Main] Cmd: a=-0.57 b=0.20 v=1.00 P0=off C0=off P1=off P3=off
[Main] Cmd: a=-0.57 b=0.20 v=1.00 P0=off C0=off P1=off P3=off
[Main] Cmd: a=-0.57 b=0.20 v=1.00 P0=off C0=off P1=off P3=off
[Main] Cmd: a=-0.56 b=0.19 v=1.00 P0=off C0=off P1=off P3=off
[Main] Cmd: a=-0.56 b=0.18 v=1.00 P0=off C0=off P1=off P3=off
[Main] Cmd: a=-0.56 b=0.18 v=1.00 P0=off C0=off P1=off P3=off
[Main] Cmd: a=-0.56 b=0.18 v=1.00 P0=off C0=off P1=off P3=off
[Main] Cmd: a=-0.56 b=0.17 v=1.00 P0=off C0=off P1=off P3=off
[Main] Cmd: a=-0.56 b=0.17 v=1.00 P0=off C0=off P1=off P3=off
[Main] Cmd: a=-0.56 b=0.17 v=1.00 P0=off C0=off P1=off P3=off
[Main] Cmd: a=-0.56 b=0.16 v=1.00 P0=off C0=off P1=off P3=off
[Main] Cmd: a=-0.56 b=0.16 v=1.00 P0=off C0=off P1=off P3=off GATE_FAIL=mid_trigger
[Main] Cmd: a=-0.56 b=0.15 v=1.00 P0=off C0=off P1=off P3=off
[Main] Cmd: a=-0.56 b=0.15 v=1.00 P0=off C0=off P1=off P3=off
[Main] Cmd: a=-0.55 b=0.15 v=1.00 P0=off C0=off P1=off P3=off
[Main] Cmd: a=-0.55 b=0.14 v=1.00 P0=off C0=off P1=off P3=off
[Main] Cmd: a=-0.55 b=0.14 v=1.00 P0=off C0=off P1=off P3=off
[Main] Cmd: a=-0.55 b=0.14 v=1.00 P0=off C0=off P1=off P3=off
[Main] Cmd: a=-0.54 b=0.14 v=1.00 P0=off C0=off P1=off P3=off
[Main] Cmd: a=-0.54 b=0.14 v=1.00 P0=off C0=off P1=off P3=off
[Main] Cmd: a=-0.54 b=0.14 v=1.00 P0=off C0=off P1=off P3=off
[Main] Cmd: a=-0.53 b=0.14 v=1.00 P0=off C0=off P1=off P3=off
[Main] Cmd: a=-0.53 b=0.14 v=1.00 P0=off C0=off P1=off P3=off
[Main] Cmd: a=-0.53 b=0.14 v=1.00 P0=off C0=off P1=off P3=off
[Main] Cmd: a=-0.52 b=0.14 v=1.00 P0=off C0=off P1=off P3=off
[Main] Cmd: a=-0.52 b=0.13 v=1.00 P0=off C0=off P1=off P3=off
[Main] Cmd: a=-0.52 b=0.13 v=1.00 P0=off C0=off P1=off P3=off
[Main] Cmd: a=-0.51 b=0.12 v=1.00 P0=off C0=off P1=off P3=off
[Main] Cmd: a=-0.51 b=0.12 v=1.00 P0=off C0=off P1=off P3=off
[Main] Cmd: a=-0.51 b=0.11 v=1.00 P0=off C0=off P1=off P3=off
[Main] Cmd: a=-0.51 b=0.10 v=1.00 P0=off C0=off P1=off P3=off
[Main] Cmd: a=-0.51 b=0.10 v=1.00 P0=off C0=off P1=off P3=off
[Main] Cmd: a=-0.52 b=0.09 v=1.00 P0=off C0=off P1=off P3=off
[Main] Cmd: a=-0.52 b=0.08 v=1.00 P0=off C0=off P1=off P3=off
[Main] Cmd: a=-0.52 b=0.07 v=1.00 P0=off C0=off P1=off P3=off
[Main] Cmd: a=-0.52 b=0.06 v=1.00 P0=off C0=off P1=off P3=off GATE_FAIL=mid_trigger
[Main] Cmd: a=-0.52 b=0.06 v=1.00 P0=off C0=off P1=off P3=off
[Main] Cmd: a=-0.52 b=0.06 v=1.00 P0=off C0=off P1=off P3=off
[Main] Cmd: a=-0.52 b=0.06 v=1.00 P0=off C0=off P1=off P3=off
[Main] Cmd: a=-0.51 b=0.06 v=1.00 P0=off C0=off P1=off P3=off
[Main] Cmd: a=-0.51 b=0.06 v=1.00 P0=off C0=off P1=off P3=off
[Main] Cmd: a=-0.50 b=0.06 v=1.00 P0=off C0=off P1=off P3=off
[Main] Cmd: a=-0.50 b=0.07 v=1.00 P0=off C0=off P1=off P3=off
[Main] Cmd: a=-0.49 b=0.07 v=1.00 P0=off C0=off P1=off P3=off
[Main] Cmd: a=-0.49 b=0.07 v=1.00 P0=off C0=off P1=off P3=off
[Main] Cmd: a=-0.48 b=0.07 v=1.00 P0=off C0=off P1=off P3=off
[Main] Cmd: a=-0.48 b=0.06 v=1.00 P0=off C0=off P1=off P3=off
[Main] Cmd: a=-0.48 b=0.06 v=1.00 P0=off C0=off P1=off P3=off
[Main] Cmd: a=-0.47 b=0.06 v=1.00 P0=off C0=off P1=off P3=off
[Main] Cmd: a=-0.47 b=0.05 v=1.00 P0=off C0=off P1=off P3=off
[Main] Cmd: a=-0.47 b=0.05 v=1.00 P0=off C0=off P1=off P3=off
[Main] Cmd: a=-0.47 b=0.04 v=1.00 P0=off C0=off P1=off P3=off
[Main] Cmd: a=-0.47 b=0.03 v=1.00 P0=off C0=off P1=off P3=off
[Main] Cmd: a=-0.47 b=0.03 v=1.00 P0=off C0=off P1=off P3=off
[Main] Cmd: a=-0.47 b=0.02 v=1.00 P0=off C0=off P1=off P3=off
[Main] Cmd: a=-0.47 b=0.01 v=1.00 P0=off C0=off P1=off P3=off
[Main] Cmd: a=-0.47 b=0.00 v=1.00 P0=off C0=off P1=off P3=off
[GUI] Beat counter/tempo reset due to silence.
[Main] Cmd: a=-0.47 b=-0.00 v=1.00 P0=off C0=off P1=off P3=off
[Main] Cmd: a=-0.47 b=-0.01 v=1.00 P0=off C0=off P1=off P3=off
[Main] Cmd: a=-0.46 b=-0.01 v=1.00 P0=off C0=off P1=off P3=off
[Main] Cmd: a=-0.46 b=-0.01 v=1.00 P0=off C0=off P1=off P3=off GATE_FAIL=high_band
[Main] Cmd: a=-0.46 b=-0.01 v=1.00 P0=off C0=off P1=off P3=off
[Main] Cmd: a=-0.45 b=-0.01 v=1.00 P0=off C0=off P1=off P3=off
[Main] Cmd: a=-0.45 b=-0.01 v=1.00 P0=off C0=off P1=off P3=off
[Main] Cmd: a=-0.45 b=-0.01 v=1.00 P0=off C0=off P1=off P3=off
[Main] Cmd: a=-0.44 b=-0.01 v=1.00 P0=off C0=off P1=off P3=off
[Main] Cmd: a=-0.44 b=-0.01 v=1.00 P0=off C0=off P1=off P3=off
[Main] Cmd: a=-0.44 b=-0.01 v=1.00 P0=off C0=off P1=off P3=off
[Main] Cmd: a=-0.43 b=-0.01 v=1.00 P0=off C0=off P1=off P3=off
[Main] Cmd: a=-0.43 b=-0.01 v=1.00 P0=off C0=off P1=off P3=off
[Main] Cmd: a=-0.43 b=-0.01 v=1.00 P0=off C0=off P1=off P3=off
[Main] Cmd: a=-0.42 b=-0.02 v=1.00 P0=off C0=off P1=off P3=off
[Main] Cmd: a=-0.42 b=-0.02 v=1.00 P0=off C0=off P1=off P3=off
[Main] Cmd: a=-0.42 b=-0.02 v=1.00 P0=off C0=off P1=off P3=off
[Main] Cmd: a=-0.41 b=-0.02 v=1.00 P0=off C0=off P1=off P3=off
[Main] Cmd: a=-0.41 b=-0.03 v=1.00 P0=off C0=off P1=off P3=off
[Main] Cmd: a=-0.41 b=-0.03 v=1.00 P0=off C0=off P1=off P3=off
[Main] Cmd: a=-0.40 b=-0.03 v=1.00 P0=off C0=off P1=off P3=off
[Main] Cmd: a=-0.40 b=-0.03 v=1.00 P0=off C0=off P1=off P3=off
[Main] Cmd: a=-0.40 b=-0.04 v=1.00 P0=off C0=off P1=off P3=off
[Main] Cmd: a=-0.39 b=-0.04 v=1.00 P0=off C0=off P1=off P3=off
[Main] Cmd: a=-0.39 b=-0.04 v=1.00 P0=off C0=off P1=off P3=off
[Main] Cmd: a=-0.39 b=-0.05 v=1.00 P0=off C0=off P1=off P3=off
[Main] Cmd: a=-0.39 b=-0.05 v=1.00 P0=off C0=off P1=off P3=off
[Main] Cmd: a=-0.38 b=-0.05 v=1.00 P0=off C0=off P1=off P3=off
[Main] Cmd: a=-0.38 b=-0.06 v=1.00 P0=off C0=off P1=off P3=off GATE_FAIL=high_band
[Main] Cmd: a=-0.38 b=-0.06 v=1.00 P0=off C0=off P1=off P3=off
[Main] Cmd: a=-0.38 b=-0.06 v=1.00 P0=off C0=off P1=off P3=off
[Main] Cmd: a=-0.37 b=-0.07 v=1.00 P0=off C0=off P1=off P3=off
[Main] Cmd: a=-0.37 b=-0.07 v=1.00 P0=off C0=off P1=off P3=off
[Main] Cmd: a=-0.37 b=-0.08 v=1.00 P0=off C0=off P1=off P3=off
[Main] Cmd: a=-0.37 b=-0.08 v=1.00 P0=off C0=off P1=off P3=off
[Main] Cmd: a=-0.36 b=-0.08 v=1.00 P0=off C0=off P1=off P3=off
[Main] Cmd: a=-0.36 b=-0.09 v=1.00 P0=off C0=off P1=off P3=off
[Main] Cmd: a=-0.36 b=-0.09 v=1.00 P0=off C0=off P1=off P3=off
[Main] Cmd: a=-0.36 b=-0.09 v=1.00 P0=off C0=off P1=off P3=off
[Main] Cmd: a=-0.35 b=-0.10 v=1.00 P0=off C0=off P1=off P3=off
[Main] Cmd: a=-0.35 b=-0.10 v=1.00 P0=off C0=off P1=off P3=off
[Main] Cmd: a=-0.35 b=-0.10 v=1.00 P0=off C0=off P1=off P3=off
[Main] Cmd: a=-0.35 b=-0.11 v=1.00 P0=off C0=off P1=off P3=off
[Main] Cmd: a=-0.34 b=-0.11 v=1.00 P0=off C0=off P1=off P3=off
[Main] Cmd: a=-0.34 b=-0.11 v=1.00 P0=off C0=off P1=off P3=off
[Main] Cmd: a=-0.34 b=-0.11 v=1.00 P0=off C0=off P1=off P3=off
[Main] Cmd: a=-0.33 b=-0.11 v=1.00 P0=off C0=off P1=off P3=off
[Main] Cmd: a=-0.33 b=-0.11 v=1.00 P0=off C0=off P1=off P3=off
[Main] Cmd: a=-0.33 b=-0.11 v=1.00 P0=off C0=off P1=off P3=off
[Main] Cmd: a=-0.32 b=-0.11 v=1.00 P0=off C0=off P1=off P3=off
[Main] Cmd: a=-0.32 b=-0.11 v=1.00 P0=off C0=off P1=off P3=off
[Main] Cmd: a=-0.31 b=-0.11 v=1.00 P0=off C0=off P1=off P3=off
[Main] Cmd: a=-0.31 b=-0.10 v=1.00 P0=off C0=off P1=off P3=off
[Main] Cmd: a=-0.31 b=-0.10 v=1.00 P0=off C0=off P1=off P3=off GATE_FAIL=mid_trigger
[Main] Cmd: a=-0.30 b=-0.10 v=1.00 P0=off C0=off P1=off P3=off
[Main] Cmd: a=-0.30 b=-0.10 v=1.00 P0=off C0=off P1=off P3=off
[Main] Cmd: a=-0.29 b=-0.10 v=1.00 P0=off C0=off P1=off P3=off
[Main] Cmd: a=-0.29 b=-0.10 v=1.00 P0=off C0=off P1=off P3=off
[Main] Cmd: a=-0.28 b=-0.11 v=1.00 P0=off C0=off P1=off P3=off
[Main] Cmd: a=-0.28 b=-0.11 v=1.00 P0=off C0=off P1=off P3=off
[Main] Cmd: a=-0.28 b=-0.12 v=1.00 P0=off C0=off P1=off P3=off
[Main] Cmd: a=-0.27 b=-0.13 v=1.00 P0=off C0=off P1=off P3=off
[Main] Cmd: a=-0.27 b=-0.13 v=1.00 P0=off C0=off P1=off P3=off
[Main] Cmd: a=-0.27 b=-0.14 v=1.00 P0=off C0=off P1=off P3=off
[Main] Cmd: a=-0.27 b=-0.14 v=1.00 P0=off C0=off P1=off P3=off
[Main] Cmd: a=-0.27 b=-0.15 v=1.00 P0=off C0=off P1=off P3=off
[Main] Cmd: a=-0.26 b=-0.15 v=1.00 P0=off C0=off P1=off P3=off
[Main] Cmd: a=-0.26 b=-0.15 v=1.00 P0=off C0=off P1=off P3=off
[Main] Cmd: a=-0.26 b=-0.15 v=1.00 P0=off C0=off P1=off P3=off
[Main] Cmd: a=-0.25 b=-0.16 v=1.00 P0=off C0=off P1=off P3=off
[Main] Cmd: a=-0.25 b=-0.16 v=1.00 P0=off C0=off P1=off P3=off
[Main] Cmd: a=-0.25 b=-0.17 v=1.00 P0=off C0=off P1=off P3=off
[Main] Cmd: a=-0.25 b=-0.17 v=1.00 P0=off C0=off P1=off P3=off
[Main] Cmd: a=-0.24 b=-0.17 v=1.00 P0=off C0=off P1=off P3=off
[Main] Cmd: a=-0.24 b=-0.17 v=1.00 P0=off C0=off P1=off P3=off
[Main] Cmd: a=-0.24 b=-0.16 v=1.00 P0=off C0=off P1=off P3=off
[Main] Cmd: a=-0.23 b=-0.16 v=1.00 P0=off C0=off P1=off P3=off
[Main] Cmd: a=-0.23 b=-0.16 v=1.00 P0=off C0=off P1=off P3=off
[Main] Cmd: a=-0.22 b=-0.15 v=1.00 P0=off C0=off P1=off P3=off
[Main] Cmd: a=-0.22 b=-0.15 v=1.00 P0=off C0=off P1=off P3=off GATE_FAIL=mid_trigger
[Main] Cmd: a=-0.21 b=-0.14 v=1.00 P0=off C0=off P1=off P3=off
[Main] Cmd: a=-0.21 b=-0.14 v=1.00 P0=off C0=off P1=off P3=off
[Main] Cmd: a=-0.20 b=-0.14 v=1.00 P0=off C0=off P1=off P3=off
[Main] Cmd: a=-0.20 b=-0.14 v=1.00 P0=off C0=off P1=off P3=off
[Main] Cmd: a=-0.19 b=-0.14 v=1.00 P0=off C0=off P1=off P3=off
[Main] Cmd: a=-0.19 b=-0.15 v=1.00 P0=off C0=off P1=off P3=off
[Main] Cmd: a=-0.19 b=-0.16 v=1.00 P0=off C0=off P1=off P3=off
[Main] Cmd: a=-0.18 b=-0.16 v=1.00 P0=off C0=off P1=off P3=off
[Main] Cmd: a=-0.18 b=-0.17 v=1.00 P0=off C0=off P1=off P3=off
[Main] Cmd: a=-0.18 b=-0.18 v=1.00 P0=off C0=off P1=off P3=off
[Main] Cmd: a=-0.17 b=-0.18 v=1.00 P0=off C0=off P1=off P3=off
[Main] Cmd: a=-0.17 b=-0.18 v=1.00 P0=off C0=off P1=off P3=off
[Main] Cmd: a=-0.17 b=-0.18 v=1.00 P0=off C0=off P1=off P3=off
[Main] Cmd: a=-0.17 b=-0.19 v=1.00 P0=off C0=off P1=off P3=off
[Main] Cmd: a=-0.16 b=-0.19 v=1.00 P0=off C0=off P1=off P3=off
[Main] Cmd: a=-0.16 b=-0.19 v=1.00 P0=off C0=off P1=off P3=off
[Main] Cmd: a=-0.15 b=-0.19 v=1.00 P0=off C0=off P1=off P3=off
[Main] Cmd: a=-0.15 b=-0.20 v=1.00 P0=off C0=off P1=off P3=off
[Main] Cmd: a=-0.15 b=-0.20 v=1.00 P0=off C0=off P1=off P3=off
[Main] Cmd: a=-0.15 b=-0.20 v=1.00 P0=off C0=off P1=off P3=off
[Main] Cmd: a=-0.14 b=-0.20 v=1.00 P0=off C0=off P1=off P3=off
[Main] Cmd: a=-0.14 b=-0.20 v=1.00 P0=off C0=off P1=off P3=off
[Main] Cmd: a=-0.14 b=-0.20 v=1.00 P0=off C0=off P1=off P3=off
[Main] Cmd: a=-0.13 b=-0.19 v=1.00 P0=off C0=off P1=off P3=off
[Main] Cmd: a=-0.13 b=-0.19 v=1.00 P0=off C0=off P1=off P3=off GATE_FAIL=high_band
[Main] Cmd: a=-0.12 b=-0.19 v=1.00 P0=off C0=off P1=off P3=off
[Main] Cmd: a=-0.12 b=-0.19 v=1.00 P0=off C0=off P1=off P3=off
[Main] Cmd: a=-0.12 b=-0.19 v=1.00 P0=off C0=off P1=off P3=off
[Main] Cmd: a=-0.11 b=-0.19 v=1.00 P0=off C0=off P1=off P3=off
[Main] Cmd: a=-0.11 b=-0.18 v=1.00 P0=off C0=off P1=off P3=off
[Main] Cmd: a=-0.10 b=-0.18 v=1.00 P0=off C0=off P1=off P3=off
[Main] Cmd: a=-0.10 b=-0.18 v=1.00 P0=off C0=off P1=off P3=off
[Main] Cmd: a=-0.09 b=-0.18 v=1.00 P0=off C0=off P1=off P3=off
[Main] Cmd: a=-0.09 b=-0.18 v=1.00 P0=off C0=off P1=off P3=off
[Main] Cmd: a=-0.09 b=-0.18 v=1.00 P0=off C0=off P1=off P3=off
[Main] Cmd: a=-0.08 b=-0.18 v=1.00 P0=off C0=off P1=off P3=off
[Main] Cmd: a=-0.08 b=-0.18 v=1.00 P0=off C0=off P1=off P3=off
[Main] Cmd: a=-0.08 b=-0.18 v=1.00 P0=off C0=off P1=off P3=off
[Main] Cmd: a=-0.07 b=-0.18 v=1.00 P0=off C0=off P1=off P3=off
[Main] Cmd: a=-0.07 b=-0.19 v=1.00 P0=off C0=off P1=off P3=off
[Main] Cmd: a=-0.06 b=-0.19 v=1.00 P0=off C0=off P1=off P3=off
[Main] Cmd: a=-0.06 b=-0.19 v=1.00 P0=off C0=off P1=off P3=off
[Main] Cmd: a=-0.05 b=-0.19 v=1.00 P0=off C0=off P1=off P3=off
[Main] Cmd: a=-0.05 b=-0.19 v=1.00 P0=off C0=off P1=off P3=off
[Main] Cmd: a=-0.05 b=-0.19 v=1.00 P0=off C0=off P1=off P3=off
[Main] Cmd: a=-0.04 b=-0.19 v=1.00 P0=off C0=off P1=off P3=off
[Main] Cmd: a=-0.04 b=-0.20 v=1.00 P0=off C0=off P1=off P3=off
[Main] Cmd: a=-0.03 b=-0.20 v=1.00 P0=off C0=off P1=off P3=off
[Main] Cmd: a=-0.03 b=-0.20 v=1.00 P0=off C0=off P1=off P3=off
[Main] Cmd: a=-0.03 b=-0.20 v=1.00 P0=off C0=off P1=off P3=off
[Main] Cmd: a=-0.02 b=-0.20 v=1.00 P0=off C0=off P1=off P3=off
[Main] Cmd: a=-0.02 b=-0.21 v=1.00 P0=off C0=off P1=off P3=off GATE_FAIL=mid_trigger
[Main] Cmd: a=-0.02 b=-0.21 v=1.00 P0=off C0=off P1=off P3=off
[Main] Cmd: a=-0.01 b=-0.21 v=1.00 P0=off C0=off P1=off P3=off
[Main] Cmd: a=-0.01 b=-0.21 v=1.00 P0=off C0=off P1=off P3=off
[Main] Cmd: a=-0.01 b=-0.21 v=1.00 P0=off C0=off P1=off P3=off
[Main] Cmd: a=-0.00 b=-0.21 v=1.00 P0=off C0=off P1=off P3=off
[Main] Cmd: a=0.00 b=-0.21 v=1.00 P0=off C0=off P1=off P3=off
[Main] Cmd: a=0.00 b=-0.22 v=1.00 P0=off C0=off P1=off P3=off
[Main] Cmd: a=0.01 b=-0.22 v=1.00 P0=off C0=off P1=off P3=off
[Main] Cmd: a=0.01 b=-0.22 v=1.00 P0=off C0=off P1=off P3=off
[Main] Cmd: a=0.01 b=-0.21 v=1.00 P0=off C0=off P1=off P3=off
[Main] Cmd: a=0.02 b=-0.21 v=1.00 P0=off C0=off P1=off P3=off
[Main] Cmd: a=0.02 b=-0.20 v=1.00 P0=off C0=off P1=off P3=off
[Main] Cmd: a=0.03 b=-0.20 v=1.00 P0=off C0=off P1=off P3=off
[Main] Cmd: a=0.03 b=-0.20 v=1.00 P0=off C0=off P1=off P3=off
[Main] Cmd: a=0.03 b=-0.20 v=1.00 P0=off C0=off P1=off P3=off
[Main] Cmd: a=0.04 b=-0.20 v=1.00 P0=off C0=off P1=off P3=off
[Main] Cmd: a=0.04 b=-0.19 v=1.00 P0=off C0=off P1=off P3=off
[Main] Cmd: a=0.05 b=-0.19 v=1.00 P0=off C0=off P1=off P3=off
[Main] Cmd: a=0.05 b=-0.19 v=1.00 P0=off C0=off P1=off P3=off
[Main] Cmd: a=0.05 b=-0.19 v=1.00 P0=off C0=off P1=off P3=off
[Main] Cmd: a=0.06 b=-0.18 v=1.00 P0=off C0=off P1=off P3=off
[Main] Cmd: a=0.06 b=-0.18 v=1.00 P0=off C0=off P1=off P3=off
[Main] Cmd: a=0.06 b=-0.18 v=1.00 P0=off C0=off P1=off P3=off
[Main] Cmd: a=0.07 b=-0.18 v=1.00 P0=off C0=off P1=off P3=off GATE_FAIL=high_band
[Main] Cmd: a=0.08 b=-0.18 v=1.00 P0=off C0=off P1=off P3=off
[Main] Cmd: a=0.08 b=-0.18 v=1.00 P0=off C0=off P1=off P3=off
[Main] Cmd: a=0.08 b=-0.18 v=1.00 P0=off C0=off P1=off P3=off
[Main] Cmd: a=0.09 b=-0.19 v=1.00 P0=off C0=off P1=off P3=off
[Main] Cmd: a=0.09 b=-0.19 v=1.00 P0=off C0=off P1=off P3=off
[Main] Cmd: a=0.09 b=-0.19 v=1.00 P0=off C0=off P1=off P3=off
[Main] Cmd: a=0.10 b=-0.19 v=1.00 P0=off C0=off P1=off P3=off
[Main] Cmd: a=0.10 b=-0.19 v=1.00 P0=off C0=off P1=off P3=off
[Main] Cmd: a=0.11 b=-0.19 v=1.00 P0=off C0=off P1=off P3=off
[Main] Cmd: a=0.11 b=-0.19 v=1.00 P0=off C0=off P1=off P3=off
[Main] Cmd: a=0.11 b=-0.19 v=1.00 P0=off C0=off P1=off P3=off
[Main] Cmd: a=0.12 b=-0.19 v=1.00 P0=off C0=off P1=off P3=off GATE_FAIL=high_band
[Main] Cmd: a=0.12 b=-0.19 v=1.00 P0=off C0=off P1=off P3=off GATE_FAIL=high_band
[Main] Cmd: a=0.13 b=-0.19 v=1.00 P0=off C0=off P1=off P3=off
[Main] Cmd: a=0.13 b=-0.20 v=1.00 P0=off C0=off P1=off P3=off
[Main] Cmd: a=0.14 b=-0.20 v=1.00 P0=off C0=off P1=off P3=off
[Main] Cmd: a=0.14 b=-0.20 v=1.00 P0=off C0=off P1=off P3=off
[Main] Cmd: a=0.14 b=-0.20 v=1.00 P0=off C0=off P1=off P3=off
[Main] Cmd: a=0.14 b=-0.20 v=1.00 P0=off C0=off P1=off P3=off
[Main] Cmd: a=0.15 b=-0.20 v=1.00 P0=off C0=off P1=off P3=off
[Main] Cmd: a=0.15 b=-0.19 v=1.00 P0=off C0=off P1=off P3=off
[Main] Cmd: a=0.15 b=-0.19 v=1.00 P0=off C0=off P1=off P3=off
[Main] Cmd: a=0.16 b=-0.19 v=1.00 P0=off C0=off P1=off P3=off
[Main] Cmd: a=0.16 b=-0.19 v=1.00 P0=off C0=off P1=off P3=off GATE_FAIL=high_band
[Main] Cmd: a=0.16 b=-0.18 v=1.00 P0=off C0=off P1=off P3=off
[Main] Cmd: a=0.17 b=-0.18 v=1.00 P0=off C0=off P1=off P3=off
[Main] Cmd: a=0.17 b=-0.18 v=1.00 P0=off C0=off P1=off P3=off
[Main] Cmd: a=0.17 b=-0.17 v=1.00 P0=off C0=off P1=off P3=off
[Main] Cmd: a=0.17 b=-0.17 v=1.00 P0=off C0=off P1=off P3=off
[Main] Cmd: a=0.18 b=-0.17 v=1.00 P0=off C0=off P1=off P3=off
[Main] Cmd: a=0.18 b=-0.16 v=1.00 P0=off C0=off P1=off P3=off
[Main] Cmd: a=0.19 b=-0.16 v=1.00 P0=off C0=off P1=off P3=off
[Main] Cmd: a=0.19 b=-0.16 v=1.00 P0=off C0=off P1=off P3=off
[Main] Cmd: a=0.19 b=-0.15 v=1.00 P0=off C0=off P1=off P3=off
[Main] Cmd: a=0.20 b=-0.15 v=1.00 P0=off C0=off P1=off P3=off
[Main] Cmd: a=0.20 b=-0.15 v=1.00 P0=off C0=off P1=off P3=off GATE_FAIL=mid_trigger
[Main] Cmd: a=0.21 b=-0.15 v=1.00 P0=off C0=off P1=off P3=off
[Main] Cmd: a=0.21 b=-0.15 v=1.00 P0=off C0=off P1=off P3=off
[Main] Cmd: a=0.22 b=-0.15 v=1.00 P0=off C0=off P1=off P3=off
[Main] Cmd: a=0.22 b=-0.15 v=1.00 P0=off C0=off P1=off P3=off
[Main] Cmd: a=0.22 b=-0.15 v=1.00 P0=off C0=off P1=off P3=off
[Main] Cmd: a=0.23 b=-0.15 v=1.00 P0=off C0=off P1=off P3=off
[Main] Cmd: a=0.23 b=-0.15 v=1.00 P0=off C0=off P1=off P3=off
[Main] Cmd: a=0.24 b=-0.15 v=1.00 P0=off C0=off P1=off P3=off
[Main] Cmd: a=0.24 b=-0.15 v=1.00 P0=off C0=off P1=off P3=off
[Main] Cmd: a=0.25 b=-0.16 v=1.00 P0=off C0=off P1=off P3=off
[Main] Cmd: a=0.25 b=-0.16 v=1.00 P0=off C0=off P1=off P3=off GATE_FAIL=high_band
[Main] Cmd: a=0.25 b=-0.16 v=1.00 P0=off C0=off P1=off P3=off
[Main] Cmd: a=0.26 b=-0.16 v=1.00 P0=off C0=off P1=off P3=off
[Main] Cmd: a=0.26 b=-0.16 v=1.00 P0=off C0=off P1=off P3=off
[Main] Cmd: a=0.26 b=-0.16 v=1.00 P0=off C0=off P1=off P3=off
[Main] Cmd: a=0.26 b=-0.16 v=1.00 P0=off C0=off P1=off P3=off
[Main] Cmd: a=0.27 b=-0.15 v=1.00 P0=off C0=off P1=off P3=off
[Main] Cmd: a=0.27 b=-0.15 v=1.00 P0=off C0=off P1=off P3=off
[Main] Cmd: a=0.27 b=-0.15 v=1.00 P0=off C0=off P1=off P3=off
[Main] Cmd: a=0.28 b=-0.14 v=1.00 P0=off C0=off P1=off P3=off
[Main] Cmd: a=0.28 b=-0.14 v=1.00 P0=off C0=off P1=off P3=off
[Main] Cmd: a=0.28 b=-0.14 v=1.00 P0=off C0=off P1=off P3=off GATE_FAIL=high_band
[Main] Cmd: a=0.28 b=-0.13 v=1.00 P0=off C0=off P1=off P3=off GATE_FAIL=high_band
[Main] Cmd: a=0.29 b=-0.13 v=1.00 P0=off C0=off P1=off P3=off
[Main] Cmd: a=0.29 b=-0.12 v=1.00 P0=off C0=off P1=off P3=off
[Main] Cmd: a=0.29 b=-0.12 v=1.00 P0=off C0=off P1=off P3=off
[Main] Cmd: a=0.30 b=-0.12 v=1.00 P0=off C0=off P1=off P3=off
[Main] Cmd: a=0.30 b=-0.11 v=1.00 P0=off C0=off P1=off P3=off
[Main] Cmd: a=0.30 b=-0.11 v=1.00 P0=off C0=off P1=off P3=off
[Main] Cmd: a=0.30 b=-0.11 v=1.00 P0=off C0=off P1=off P3=off
[Main] Cmd: a=0.31 b=-0.10 v=1.00 P0=off C0=off P1=off P3=off
[Main] Cmd: a=0.31 b=-0.10 v=1.00 P0=off C0=off P1=off P3=off
[Main] Cmd: a=0.31 b=-0.10 v=1.00 P0=off C0=off P1=off P3=off
[Main] Cmd: a=0.32 b=-0.10 v=1.00 P0=off C0=off P1=off P3=off
[Main] Cmd: a=0.32 b=-0.09 v=1.00 P0=off C0=off P1=off P3=off
[Main] Cmd: a=0.32 b=-0.09 v=1.00 P0=off C0=off P1=off P3=off
[Main] Cmd: a=0.33 b=-0.09 v=1.00 P0=off C0=off P1=off P3=off GATE_FAIL=mid_trigger
[Main] Cmd: a=0.33 b=-0.08 v=1.00 P0=off C0=off P1=off P3=off
[Main] Cmd: a=0.33 b=-0.08 v=1.00 P0=off C0=off P1=off P3=off
[Main] Cmd: a=0.34 b=-0.08 v=1.00 P0=off C0=off P1=off P3=off
[Main] Cmd: a=0.35 b=-0.08 v=1.00 P0=off C0=off P1=off P3=off
[Main] Cmd: a=0.35 b=-0.08 v=1.00 P0=off C0=off P1=off P3=off
[Main] Cmd: a=0.35 b=-0.09 v=1.00 P0=off C0=off P1=off P3=off
[Main] Cmd: a=0.36 b=-0.09 v=1.00 P0=off C0=off P1=off P3=off
[Main] Cmd: a=0.36 b=-0.09 v=1.00 P0=off C0=off P1=off P3=off
[Main] Cmd: a=0.36 b=-0.09 v=1.00 P0=off C0=off P1=off P3=off
[Main] Cmd: a=0.37 b=-0.09 v=1.00 P0=off C0=off P1=off P3=off
[Main] Cmd: a=0.37 b=-0.09 v=1.00 P0=off C0=off P1=off P3=off
[Main] Cmd: a=0.38 b=-0.09 v=1.00 P0=off C0=off P1=off P3=off
[Main] Cmd: a=0.38 b=-0.09 v=1.00 P0=off C0=off P1=off P3=off
[Main] Cmd: a=0.38 b=-0.09 v=1.00 P0=off C0=off P1=off P3=off
[Main] Cmd: a=0.38 b=-0.09 v=1.00 P0=off C0=off P1=off P3=off
[Main] Cmd: a=0.38 b=-0.08 v=1.00 P0=off C0=off P1=off P3=off
[Main] Cmd: a=0.38 b=-0.08 v=1.00 P0=off C0=off P1=off P3=off
[Main] Cmd: a=0.39 b=-0.07 v=1.00 P0=off C0=off P1=off P3=off
[Main] Cmd: a=0.39 b=-0.06 v=1.00 P0=off C0=off P1=off P3=off
[Main] Cmd: a=0.39 b=-0.05 v=1.00 P0=off C0=off P1=off P3=off
[Main] Cmd: a=0.39 b=-0.05 v=1.00 P0=off C0=off P1=off P3=off
[Main] Cmd: a=0.39 b=-0.04 v=1.00 P0=off C0=off P1=off P3=off
[Main] Cmd: a=0.39 b=-0.03 v=1.00 P0=off C0=off P1=off P3=off
[Main] Cmd: a=0.40 b=-0.03 v=1.00 P0=off C0=off P1=off P3=off
[Main] Cmd: a=0.40 b=-0.03 v=1.00 P0=off C0=off P1=off P3=off
[Main] Cmd: a=0.40 b=-0.02 v=1.00 P0=off C0=off P1=off P3=off GATE_FAIL=low_band
[Main] Cmd: a=0.41 b=-0.02 v=1.00 P0=off C0=off P1=off P3=off
[Main] Cmd: a=0.41 b=-0.02 v=1.00 P0=off C0=off P1=off P3=off
[Main] Cmd: a=0.41 b=-0.02 v=1.00 P0=off C0=off P1=off P3=off
[Main] Cmd: a=0.42 b=-0.02 v=1.00 P0=off C0=off P1=off P3=off
[Main] Cmd: a=0.42 b=-0.02 v=1.00 P0=off C0=off P1=off P3=off
[Main] Cmd: a=0.43 b=-0.02 v=1.00 P0=off C0=off P1=off P3=off
[Main] Cmd: a=0.43 b=-0.02 v=1.00 P0=off C0=off P1=off P3=off
[Main] Cmd: a=0.44 b=-0.02 v=1.00 P0=off C0=off P1=off P3=off
[Main] Cmd: a=0.44 b=-0.02 v=1.00 P0=off C0=off P1=off P3=off
[Main] Cmd: a=0.44 b=-0.02 v=1.00 P0=off C0=off P1=off P3=off
[Main] Cmd: a=0.45 b=-0.02 v=1.00 P0=off C0=off P1=off P3=off
[Main] Cmd: a=0.45 b=-0.02 v=1.00 P0=off C0=off P1=off P3=off
[Main] Cmd: a=0.45 b=-0.02 v=1.00 P0=off C0=off P1=off P3=off
[Main] Cmd: a=0.45 b=-0.02 v=1.00 P0=off C0=off P1=off P3=off
[Main] Cmd: a=0.46 b=-0.01 v=1.00 P0=off C0=off P1=off P3=off
[Main] Cmd: a=0.46 b=-0.01 v=1.00 P0=off C0=off P1=off P3=off
[Main] Cmd: a=0.45 b=-0.00 v=1.00 P0=off C0=off P1=off P3=off
[Main] Cmd: a=0.45 b=0.01 v=1.00 P0=off C0=off P1=off P3=off
[Main] Cmd: a=0.45 b=0.02 v=1.00 P0=off C0=off P1=off P3=off
[Main] Cmd: a=0.46 b=0.02 v=1.00 P0=off C0=off P1=off P3=off
[Main] Cmd: a=0.46 b=0.03 v=1.00 P0=off C0=off P1=off P3=off
[Main] Cmd: a=0.46 b=0.04 v=1.00 P0=off C0=off P1=off P3=off
[Main] Cmd: a=0.46 b=0.04 v=1.00 P0=off C0=off P1=off P3=off
[Main] Cmd: a=0.46 b=0.05 v=1.00 P0=off C0=off P1=off P3=off
[Main] Cmd: a=0.47 b=0.05 v=1.00 P0=off C0=off P1=off P3=off
[Main] Cmd: a=0.47 b=0.05 v=1.00 P0=off C0=off P1=off P3=off
[Main] Cmd: a=0.47 b=0.05 v=1.00 P0=off C0=off P1=off P3=off
[Main] Cmd: a=0.48 b=0.05 v=1.00 P0=off C0=off P1=off P3=off GATE_FAIL=high_band
[Main] Cmd: a=0.48 b=0.05 v=1.00 P0=off C0=off P1=off P3=off
[Main] Cmd: a=0.49 b=0.05 v=1.00 P0=off C0=off P1=off P3=off
[Main] Cmd: a=0.49 b=0.05 v=1.00 P0=off C0=off P1=off P3=off
[Main] Cmd: a=0.49 b=0.05 v=1.00 P0=off C0=off P1=off P3=off
[Main] Cmd: a=0.50 b=0.05 v=1.00 P0=off C0=off P1=off P3=off
[Main] Cmd: a=0.50 b=0.06 v=1.00 P0=off C0=off P1=off P3=off
[Main] Cmd: a=0.50 b=0.06 v=1.00 P0=off C0=off P1=off P3=off
[Main] Cmd: a=0.50 b=0.06 v=1.00 P0=off C0=off P1=off P3=off
[Main] Cmd: a=0.51 b=0.06 v=1.00 P0=off C0=off P1=off P3=off
[Main] Cmd: a=0.51 b=0.07 v=1.00 P0=off C0=off P1=off P3=off
[Main] Cmd: a=0.51 b=0.07 v=1.00 P0=off C0=off P1=off P3=off
[Main] Cmd: a=0.51 b=0.07 v=1.00 P0=off C0=off P1=off P3=off GATE_FAIL=high_band
[Main] Cmd: a=0.51 b=0.07 v=1.00 P0=off C0=off P1=off P3=off GATE_FAIL=high_band
[Main] Cmd: a=0.52 b=0.08 v=1.00 P0=off C0=off P1=off P3=off
[Main] Cmd: a=0.52 b=0.08 v=1.00 P0=off C0=off P1=off P3=off
[Main] Cmd: a=0.52 b=0.08 v=1.00 P0=off C0=off P1=off P3=off
[Main] Cmd: a=0.52 b=0.09 v=1.00 P0=off C0=off P1=off P3=off
[Main] Cmd: a=0.52 b=0.09 v=1.00 P0=off C0=off P1=off P3=off
[Main] Cmd: a=0.52 b=0.10 v=1.00 P0=off C0=off P1=off P3=off
[Main] Cmd: a=0.52 b=0.10 v=1.00 P0=off C0=off P1=off P3=off
[Main] Cmd: a=0.53 b=0.10 v=1.00 P0=off C0=off P1=off P3=off
[Main] Cmd: a=0.53 b=0.11 v=1.00 P0=off C0=off P1=off P3=off
[Main] Cmd: a=0.53 b=0.11 v=1.00 P0=off C0=off P1=off P3=off
[Main] Cmd: a=0.53 b=0.12 v=1.00 P0=off C0=off P1=off P3=off
[Main] Cmd: a=0.53 b=0.12 v=1.00 P0=off C0=off P1=off P3=off
[Main] Cmd: a=0.53 b=0.13 v=1.00 P0=off C0=off P1=off P3=off
[Main] Cmd: a=0.53 b=0.13 v=1.00 P0=off C0=off P1=off P3=off GATE_FAIL=high_band
[Main] Cmd: a=0.53 b=0.13 v=1.00 P0=off C0=off P1=off P3=off
[Main] Cmd: a=0.54 b=0.14 v=1.00 P0=off C0=off P1=off P3=off
[Main] Cmd: a=0.54 b=0.14 v=1.00 P0=off C0=off P1=off P3=off
[Main] Cmd: a=0.54 b=0.15 v=1.00 P0=off C0=off P1=off P3=off
[Main] Cmd: a=0.54 b=0.15 v=1.00 P0=off C0=off P1=off P3=off
[Main] Cmd: a=0.54 b=0.16 v=1.00 P0=off C0=off P1=off P3=off
[Main] Cmd: a=0.54 b=0.16 v=1.00 P0=off C0=off P1=off P3=off
[Main] Cmd: a=0.54 b=0.16 v=1.00 P0=off C0=off P1=off P3=off
[Main] Cmd: a=0.55 b=0.17 v=1.00 P0=off C0=off P1=off P3=off
[Main] Cmd: a=0.55 b=0.17 v=1.00 P0=off C0=off P1=off P3=off
[Main] Cmd: a=0.55 b=0.17 v=1.00 P0=off C0=off P1=off P3=off
[Main] Cmd: a=0.55 b=0.18 v=1.00 P0=off C0=off P1=off P3=off
[Main] Cmd: a=0.55 b=0.18 v=1.00 P0=off C0=off P1=off P3=off
[Main] Cmd: a=0.55 b=0.19 v=1.00 P0=off C0=off P1=off P3=off
[Main] Cmd: a=0.55 b=0.19 v=1.00 P0=off C0=off P1=off P3=off
[Main] Cmd: a=0.56 b=0.19 v=1.00 P0=off C0=off P1=off P3=off
[Main] Cmd: a=0.56 b=0.19 v=1.00 P0=off C0=off P1=off P3=off
[Main] Cmd: a=0.56 b=0.20 v=1.00 P0=off C0=off P1=off P3=off
[Main] Cmd: a=0.56 b=0.20 v=1.00 P0=off C0=off P1=off P3=off
[Main] Cmd: a=0.57 b=0.20 v=1.00 P0=off C0=off P1=off P3=off
[Main] Cmd: a=0.57 b=0.21 v=1.00 P0=off C0=off P1=off P3=off
[Main] Cmd: a=0.57 b=0.21 v=1.00 P0=off C0=off P1=off P3=off
[Main] Cmd: a=0.57 b=0.21 v=1.00 P0=off C0=off P1=off P3=off
[Main] Cmd: a=0.57 b=0.21 v=1.00 P0=off C0=off P1=off P3=off
[Main] Cmd: a=0.58 b=0.22 v=1.00 P0=off C0=off P1=off P3=off
[Main] Cmd: a=0.58 b=0.22 v=1.00 P0=off C0=off P1=off P3=off
[Main] Cmd: a=0.58 b=0.22 v=1.00 P0=off C0=off P1=off P3=off GATE_FAIL=mid_trigger
[Main] Cmd: a=0.58 b=0.22 v=1.00 P0=off C0=off P1=off P3=off
[Main] Cmd: a=0.58 b=0.23 v=1.00 P0=off C0=off P1=off P3=off
[Main] Cmd: a=0.58 b=0.23 v=1.00 P0=off C0=off P1=off P3=off
[Main] Cmd: a=0.58 b=0.23 v=1.00 P0=off C0=off P1=off P3=off
[Main] Cmd: a=0.59 b=0.24 v=1.00 P0=off C0=off P1=off P3=off
[Main] Cmd: a=0.59 b=0.24 v=1.00 P0=off C0=off P1=off P3=off
[Main] Cmd: a=0.59 b=0.24 v=1.00 P0=off C0=off P1=off P3=off
[Main] Cmd: a=0.59 b=0.25 v=1.00 P0=off C0=off P1=off P3=off
[Main] Cmd: a=0.59 b=0.25 v=1.00 P0=off C0=off P1=off P3=off
[Main] Cmd: a=0.59 b=0.25 v=1.00 P0=off C0=off P1=off P3=off
[Main] Cmd: a=0.59 b=0.26 v=1.00 P0=off C0=off P1=off P3=off
[Main] Cmd: a=0.59 b=0.26 v=1.00 P0=off C0=off P1=off P3=off GATE_FAIL=stroke_ready
[Main] Cmd: a=0.59 b=0.27 v=1.00 P0=off C0=off P1=off P3=off GATE_FAIL=stroke_ready
[Main] Cmd: a=0.59 b=0.28 v=1.00 P0=off C0=off P1=off P3=off
[Main] Cmd: a=0.58 b=0.28 v=1.00 P0=off C0=off P1=off P3=off
[Main] Cmd: a=0.58 b=0.29 v=1.00 P0=off C0=off P1=off P3=off
[Main] Cmd: a=0.58 b=0.29 v=1.00 P0=off C0=off P1=off P3=off
[Main] Cmd: a=0.58 b=0.30 v=1.00 P0=off C0=off P1=off P3=off
[Main] Cmd: a=0.58 b=0.30 v=1.00 P0=off C0=off P1=off P3=off
[Main] Cmd: a=0.58 b=0.31 v=1.00 P0=off C0=off P1=off P3=off
[Main] Cmd: a=0.58 b=0.31 v=1.00 P0=off C0=off P1=off P3=off
[Main] Cmd: a=0.58 b=0.32 v=1.00 P0=off C0=off P1=off P3=off
[Main] Cmd: a=0.59 b=0.32 v=1.00 P0=off C0=off P1=off P3=off GATE_FAIL=stroke_ready
[Main] Cmd: a=0.59 b=0.32 v=1.00 P0=off C0=off P1=off P3=off
[Main] Cmd: a=0.59 b=0.33 v=1.00 P0=off C0=off P1=off P3=off
[Main] Cmd: a=0.59 b=0.33 v=1.00 P0=off C0=off P1=off P3=off
[Main] Cmd: a=0.59 b=0.33 v=1.00 P0=off C0=off P1=off P3=off
[Main] Cmd: a=0.59 b=0.34 v=1.00 P0=off C0=off P1=off P3=off
[Main] Cmd: a=0.60 b=0.34 v=1.00 P0=off C0=off P1=off P3=off
[Main] Cmd: a=0.60 b=0.34 v=1.00 P0=off C0=off P1=off P3=off
[Main] Cmd: a=0.60 b=0.34 v=1.00 P0=off C0=off P1=off P3=off
[Main] Cmd: a=0.61 b=0.34 v=1.00 P0=off C0=off P1=off P3=off
[Main] Cmd: a=0.61 b=0.34 v=1.00 P0=off C0=off P1=off P3=off
[Main] Cmd: a=0.61 b=0.34 v=1.00 P0=off C0=off P1=off P3=off
[Main] Cmd: a=0.61 b=0.35 v=1.00 P0=off C0=off P1=off P3=off
[Main] Cmd: a=0.61 b=0.35 v=1.00 P0=off C0=off P1=off P3=off
[Main] Cmd: a=0.61 b=0.35 v=1.00 P0=off C0=off P1=off P3=off
[Main] Cmd: a=0.61 b=0.36 v=1.00 P0=off C0=off P1=off P3=off
[Main] Cmd: a=0.60 b=0.36 v=1.00 P0=off C0=off P1=off P3=off
[Main] Cmd: a=0.60 b=0.37 v=1.00 P0=off C0=off P1=off P3=off
[Main] Cmd: a=0.60 b=0.38 v=1.00 P0=off C0=off P1=off P3=off
[Main] Cmd: a=0.59 b=0.38 v=1.00 P0=off C0=off P1=off P3=off
[Main] Cmd: a=0.59 b=0.39 v=1.00 P0=off C0=off P1=off P3=off
[Main] Cmd: a=0.59 b=0.40 v=1.00 P0=off C0=off P1=off P3=off
[Main] Cmd: a=0.59 b=0.41 v=1.00 P0=off C0=off P1=off P3=off
[Main] Cmd: a=0.59 b=0.41 v=1.00 P0=off C0=off P1=off P3=off
[Main] Cmd: a=0.59 b=0.41 v=1.00 P0=off C0=off P1=off P3=off GATE_FAIL=stroke_ready
[Main] Cmd: a=0.59 b=0.42 v=1.00 P0=off C0=off P1=off P3=off
[Main] Cmd: a=0.59 b=0.42 v=1.00 P0=off C0=off P1=off P3=off
[Main] Cmd: a=0.59 b=0.42 v=1.00 P0=off C0=off P1=off P3=off
[Main] Cmd: a=0.60 b=0.42 v=1.00 P0=off C0=off P1=off P3=off
[Main] Cmd: a=0.60 b=0.43 v=1.00 P0=off C0=off P1=off P3=off
[Main] Cmd: a=0.60 b=0.43 v=1.00 P0=off C0=off P1=off P3=off
[Main] Cmd: a=0.60 b=0.43 v=1.00 P0=off C0=off P1=off P3=off
[Main] Cmd: a=0.60 b=0.43 v=1.00 P0=off C0=off P1=off P3=off
[Main] Cmd: a=0.60 b=0.44 v=1.00 P0=off C0=off P1=off P3=off
[Main] Cmd: a=0.61 b=0.44 v=1.00 P0=off C0=off P1=off P3=off
[Main] Cmd: a=0.61 b=0.44 v=1.00 P0=off C0=off P1=off P3=off
[Main] Cmd: a=0.61 b=0.44 v=1.00 P0=off C0=off P1=off P3=off
[Main] Cmd: a=0.61 b=0.45 v=1.00 P0=off C0=off P1=off P3=off
[Main] Cmd: a=0.60 b=0.45 v=1.00 P0=off C0=off P1=off P3=off
[Main] Cmd: a=0.60 b=0.46 v=1.00 P0=off C0=off P1=off P3=off
[Main] Cmd: a=0.60 b=0.46 v=1.00 P0=off C0=off P1=off P3=off
[Main] Cmd: a=0.60 b=0.46 v=1.00 P0=off C0=off P1=off P3=off
[Main] Cmd: a=0.60 b=0.47 v=1.00 P0=off C0=off P1=off P3=off
[Main] Cmd: a=0.60 b=0.47 v=1.00 P0=off C0=off P1=off P3=off
[Main] Cmd: a=0.60 b=0.47 v=1.00 P0=off C0=off P1=off P3=off
[Main] Cmd: a=0.60 b=0.48 v=1.00 P0=off C0=off P1=off P3=off
[Main] Cmd: a=0.60 b=0.49 v=1.00 P0=off C0=off P1=off P3=off GATE_FAIL=stroke_ready
[Main] Cmd: a=0.59 b=0.49 v=1.00 P0=off C0=off P1=off P3=off
[Main] Cmd: a=0.59 b=0.49 v=1.00 P0=off C0=off P1=off P3=off
[Main] Cmd: a=0.59 b=0.50 v=1.00 P0=off C0=off P1=off P3=off
[Main] Cmd: a=0.59 b=0.50 v=1.00 P0=off C0=off P1=off P3=off
[Main] Cmd: a=0.59 b=0.51 v=1.00 P0=off C0=off P1=off P3=off
[Main] Cmd: a=0.59 b=0.51 v=1.00 P0=off C0=off P1=off P3=off
[Main] Cmd: a=0.59 b=0.52 v=1.00 P0=off C0=off P1=off P3=off
[Main] Cmd: a=0.58 b=0.52 v=1.00 P0=off C0=off P1=off P3=off
[Main] Cmd: a=0.58 b=0.52 v=1.00 P0=off C0=off P1=off P3=off
[Main] Cmd: a=0.58 b=0.53 v=1.00 P0=off C0=off P1=off P3=off
[Main] Cmd: a=0.58 b=0.53 v=1.00 P0=off C0=off P1=off P3=off
[Main] Cmd: a=0.58 b=0.54 v=1.00 P0=off C0=off P1=off P3=off
[Main] Cmd: a=0.58 b=0.54 v=1.00 P0=off C0=off P1=off P3=off
[Main] Cmd: a=0.58 b=0.54 v=1.00 P0=off C0=off P1=off P3=off
[Main] Cmd: a=0.58 b=0.55 v=1.00 P0=off C0=off P1=off P3=off
[Main] Cmd: a=0.58 b=0.55 v=1.00 P0=off C0=off P1=off P3=off
[Main] Cmd: a=0.58 b=0.56 v=1.00 P0=off C0=off P1=off P3=off
[Main] Cmd: a=0.57 b=0.56 v=1.00 P0=off C0=off P1=off P3=off
[Main] Cmd: a=0.57 b=0.56 v=1.00 P0=off C0=off P1=off P3=off
[Main] Cmd: a=0.57 b=0.57 v=1.00 P0=off C0=off P1=off P3=off
[Main] Cmd: a=0.57 b=0.57 v=1.00 P0=off C0=off P1=off P3=off
[Main] Cmd: a=0.57 b=0.57 v=1.00 P0=off C0=off P1=off P3=off
[Main] Cmd: a=0.57 b=0.58 v=1.00 P0=off C0=off P1=off P3=off GATE_FAIL=stroke_ready
[Main] Cmd: a=0.57 b=0.58 v=1.00 P0=off C0=off P1=off P3=off
[Main] Cmd: a=0.57 b=0.58 v=1.00 P0=off C0=off P1=off P3=off
[Main] Cmd: a=0.57 b=0.59 v=1.00 P0=off C0=off P1=off P3=off
[Main] Cmd: a=0.57 b=0.59 v=1.00 P0=off C0=off P1=off P3=off
[Main] Cmd: a=0.58 b=0.59 v=1.00 P0=off C0=off P1=off P3=off
[Main] Cmd: a=0.58 b=0.59 v=1.00 P0=off C0=off P1=off P3=off
[Main] Cmd: a=0.57 b=0.60 v=1.00 P0=off C0=off P1=off P3=off
[Main] Cmd: a=0.57 b=0.60 v=1.00 P0=off C0=off P1=off P3=off
[Main] Cmd: a=0.57 b=0.60 v=1.00 P0=off C0=off P1=off P3=off
[Main] Cmd: a=0.57 b=0.60 v=1.00 P0=off C0=off P1=off P3=off
[Main] Cmd: a=0.57 b=0.61 v=1.00 P0=off C0=off P1=off P3=off
[Main] Cmd: a=0.57 b=0.61 v=1.00 P0=off C0=off P1=off P3=off
[Main] Cmd: a=0.56 b=0.62 v=1.00 P0=off C0=off P1=off P3=off
[Main] Cmd: a=0.56 b=0.62 v=1.00 P0=off C0=off P1=off P3=off
[Main] Cmd: a=0.55 b=0.63 v=1.00 P0=off C0=off P1=off P3=off
[Main] Cmd: a=0.55 b=0.63 v=1.00 P0=off C0=off P1=off P3=off
[Main] Cmd: a=0.55 b=0.64 v=1.00 P0=off C0=off P1=off P3=off
[Main] Cmd: a=0.54 b=0.64 v=1.00 P0=off C0=off P1=off P3=off
[Main] Cmd: a=0.54 b=0.65 v=1.00 P0=off C0=off P1=off P3=off
[Main] Cmd: a=0.54 b=0.65 v=1.00 P0=off C0=off P1=off P3=off
[Main] Cmd: a=0.53 b=0.66 v=1.00 P0=off C0=off P1=off P3=off
[Main] Cmd: a=0.53 b=0.66 v=1.00 P0=off C0=off P1=off P3=off
[Main] Cmd: a=0.53 b=0.66 v=1.00 P0=off C0=off P1=off P3=off
[Main] Cmd: a=0.53 b=0.67 v=1.00 P0=off C0=off P1=off P3=off GATE_FAIL=stroke_ready
[Main] Cmd: a=0.54 b=0.67 v=1.00 P0=off C0=off P1=off P3=off
[Main] Cmd: a=0.54 b=0.67 v=1.00 P0=off C0=off P1=off P3=off
[Main] Cmd: a=0.54 b=0.67 v=1.00 P0=off C0=off P1=off P3=off
[Main] Cmd: a=0.54 b=0.67 v=1.00 P0=off C0=off P1=off P3=off
[Main] Cmd: a=0.54 b=0.67 v=1.00 P0=off C0=off P1=off P3=off
[Main] Cmd: a=0.54 b=0.68 v=1.00 P0=off C0=off P1=off P3=off
[Main] Cmd: a=0.54 b=0.68 v=1.00 P0=off C0=off P1=off P3=off
[Main] Cmd: a=0.54 b=0.68 v=1.00 P0=off C0=off P1=off P3=off
[Main] Cmd: a=0.54 b=0.68 v=1.00 P0=off C0=off P1=off P3=off
[Main] Cmd: a=0.53 b=0.69 v=1.00 P0=off C0=off P1=off P3=off
[Main] Cmd: a=0.53 b=0.69 v=1.00 P0=off C0=off P1=off P3=off
[Main] Cmd: a=0.52 b=0.70 v=1.00 P0=off C0=off P1=off P3=off
[Main] Cmd: a=0.51 b=0.70 v=1.00 P0=off C0=off P1=off P3=off
[Main] Cmd: a=0.51 b=0.71 v=1.00 P0=off C0=off P1=off P3=off
[Main] Cmd: a=0.51 b=0.71 v=1.00 P0=off C0=off P1=off P3=off
[Main] Cmd: a=0.50 b=0.72 v=1.00 P0=off C0=off P1=off P3=off
[Main] Cmd: a=0.50 b=0.72 v=1.00 P0=off C0=off P1=off P3=off
[Main] Cmd: a=0.50 b=0.72 v=1.00 P0=off C0=off P1=off P3=off
[Main] Cmd: a=0.50 b=0.73 v=1.00 P0=off C0=off P1=off P3=off
[Main] Cmd: a=0.49 b=0.73 v=1.00 P0=off C0=off P1=off P3=off
[Main] Cmd: a=0.49 b=0.73 v=1.00 P0=off C0=off P1=off P3=off
[Main] Cmd: a=0.49 b=0.74 v=1.00 P0=off C0=off P1=off P3=off
[Main] Cmd: a=0.49 b=0.74 v=1.00 P0=off C0=off P1=off P3=off GATE_FAIL=stroke_ready
[Main] Cmd: a=0.49 b=0.74 v=1.00 P0=off C0=off P1=off P3=off
[Main] Cmd: a=0.50 b=0.74 v=1.00 P0=off C0=off P1=off P3=off
[Main] Cmd: a=0.50 b=0.74 v=1.00 P0=off C0=off P1=off P3=off
[Main] Cmd: a=0.50 b=0.75 v=1.00 P0=off C0=off P1=off P3=off
[Main] Cmd: a=0.50 b=0.75 v=1.00 P0=off C0=off P1=off P3=off
[Main] Cmd: a=0.49 b=0.75 v=1.00 P0=off C0=off P1=off P3=off
[Main] Cmd: a=0.49 b=0.75 v=1.00 P0=off C0=off P1=off P3=off
[Main] Cmd: a=0.49 b=0.76 v=1.00 P0=off C0=off P1=off P3=off
[Main] Cmd: a=0.48 b=0.76 v=1.00 P0=off C0=off P1=off P3=off
[Main] Cmd: a=0.48 b=0.76 v=1.00 P0=off C0=off P1=off P3=off
[Main] Cmd: a=0.47 b=0.77 v=1.00 P0=off C0=off P1=off P3=off
[Main] Cmd: a=0.47 b=0.77 v=1.00 P0=off C0=off P1=off P3=off
[Main] Cmd: a=0.46 b=0.78 v=1.00 P0=off C0=off P1=off P3=off
[Main] Cmd: a=0.46 b=0.78 v=1.00 P0=off C0=off P1=off P3=off
[Main] Cmd: a=0.45 b=0.78 v=1.00 P0=off C0=off P1=off P3=off
[Main] Cmd: a=0.45 b=0.79 v=1.00 P0=off C0=off P1=off P3=off
[Main] Cmd: a=0.45 b=0.79 v=1.00 P0=off C0=off P1=off P3=off
[Main] Cmd: a=0.45 b=0.79 v=1.00 P0=off C0=off P1=off P3=off
[Main] Cmd: a=0.44 b=0.80 v=1.00 P0=off C0=off P1=off P3=off
[Main] Cmd: a=0.44 b=0.80 v=1.00 P0=off C0=off P1=off P3=off
[Main] Cmd: a=0.44 b=0.80 v=1.00 P0=off C0=off P1=off P3=off
[Main] Cmd: a=0.44 b=0.80 v=1.00 P0=off C0=off P1=off P3=off
[Main] Cmd: a=0.44 b=0.81 v=1.00 P0=off C0=off P1=off P3=off
[Main] Cmd: a=0.44 b=0.81 v=1.00 P0=off C0=off P1=off P3=off
[Main] Cmd: a=0.44 b=0.81 v=1.00 P0=off C0=off P1=off P3=off
[Main] Cmd: a=0.44 b=0.81 v=1.00 P0=off C0=off P1=off P3=off GATE_FAIL=stroke_ready
[Main] Cmd: a=0.44 b=0.81 v=1.00 P0=off C0=off P1=off P3=off
[Main] Cmd: a=0.44 b=0.82 v=1.00 P0=off C0=off P1=off P3=off
[Main] Cmd: a=0.44 b=0.82 v=1.00 P0=off C0=off P1=off P3=off
[Main] Cmd: a=0.43 b=0.82 v=1.00 P0=off C0=off P1=off P3=off
[Main] Cmd: a=0.43 b=0.82 v=1.00 P0=off C0=off P1=off P3=off
[Main] Cmd: a=0.42 b=0.83 v=1.00 P0=off C0=off P1=off P3=off
[Main] Cmd: a=0.42 b=0.83 v=1.00 P0=off C0=off P1=off P3=off
[Main] Cmd: a=0.41 b=0.83 v=1.00 P0=off C0=off P1=off P3=off
[Main] Cmd: a=0.41 b=0.84 v=1.00 P0=off C0=off P1=off P3=off
[Main] Cmd: a=0.40 b=0.84 v=1.00 P0=off C0=off P1=off P3=off
[Main] Cmd: a=0.40 b=0.84 v=1.00 P0=off C0=off P1=off P3=off
[Main] Cmd: a=0.39 b=0.85 v=1.00 P0=off C0=off P1=off P3=off
[Main] Cmd: a=0.39 b=0.85 v=1.00 P0=off C0=off P1=off P3=off
[Main] Cmd: a=0.39 b=0.85 v=1.00 P0=off C0=off P1=off P3=off
[Main] Cmd: a=0.38 b=0.86 v=1.00 P0=off C0=off P1=off P3=off
[Main] Cmd: a=0.38 b=0.86 v=1.00 P0=off C0=off P1=off P3=off
[Main] Cmd: a=0.38 b=0.86 v=1.00 P0=off C0=off P1=off P3=off
[Main] Cmd: a=0.38 b=0.86 v=1.00 P0=off C0=off P1=off P3=off
[Main] Cmd: a=0.38 b=0.87 v=1.00 P0=off C0=off P1=off P3=off
[Main] Cmd: a=0.38 b=0.87 v=1.00 P0=off C0=off P1=off P3=off
[Main] Cmd: a=0.38 b=0.87 v=1.00 P0=off C0=off P1=off P3=off
[Main] Cmd: a=0.37 b=0.87 v=1.00 P0=off C0=off P1=off P3=off
[Main] Cmd: a=0.37 b=0.87 v=1.00 P0=off C0=off P1=off P3=off
[Main] Cmd: a=0.37 b=0.88 v=1.00 P0=off C0=off P1=off P3=off
[Main] Cmd: a=0.37 b=0.88 v=1.00 P0=off C0=off P1=off P3=off
[Main] Cmd: a=0.37 b=0.88 v=1.00 P0=off C0=off P1=off P3=off
[Main] Cmd: a=0.36 b=0.88 v=1.00 P0=off C0=off P1=off P3=off
[Main] Cmd: a=0.36 b=0.88 v=1.00 P0=off C0=off P1=off P3=off
[Main] Cmd: a=0.36 b=0.88 v=1.00 P0=off C0=off P1=off P3=off GATE_FAIL=stroke_ready
[Main] Cmd: a=0.35 b=0.89 v=1.00 P0=off C0=off P1=off P3=off
[Main] Cmd: a=0.35 b=0.89 v=1.00 P0=off C0=off P1=off P3=off
[Main] Cmd: a=0.34 b=0.89 v=1.00 P0=off C0=off P1=off P3=off
[Main] Cmd: a=0.34 b=0.89 v=1.00 P0=off C0=off P1=off P3=off
[Main] Cmd: a=0.33 b=0.90 v=1.00 P0=off C0=off P1=off P3=off
[Main] Cmd: a=0.33 b=0.90 v=1.00 P0=off C0=off P1=off P3=off
[Main] Cmd: a=0.32 b=0.90 v=1.00 P0=off C0=off P1=off P3=off
[Main] Cmd: a=0.32 b=0.90 v=1.00 P0=off C0=off P1=off P3=off
[Main] Cmd: a=0.31 b=0.91 v=1.00 P0=off C0=off P1=off P3=off
[Main] Cmd: a=0.31 b=0.91 v=1.00 P0=off C0=off P1=off P3=off
[Main] Cmd: a=0.31 b=0.91 v=1.00 P0=off C0=off P1=off P3=off
[Main] Cmd: a=0.31 b=0.91 v=1.00 P0=off C0=off P1=off P3=off
[Main] Cmd: a=0.31 b=0.92 v=1.00 P0=off C0=off P1=off P3=off
[Main] Cmd: a=0.30 b=0.92 v=1.00 P0=off C0=off P1=off P3=off
[Main] Cmd: a=0.30 b=0.92 v=1.00 P0=off C0=off P1=off P3=off
[Main] Cmd: a=0.30 b=0.92 v=1.00 P0=off C0=off P1=off P3=off
[Main] Cmd: a=0.30 b=0.92 v=1.00 P0=off C0=off P1=off P3=off
[Main] Cmd: a=0.30 b=0.92 v=1.00 P0=off C0=off P1=off P3=off
[Main] Cmd: a=0.29 b=0.93 v=1.00 P0=off C0=off P1=off P3=off
[Main] Cmd: a=0.29 b=0.93 v=1.00 P0=off C0=off P1=off P3=off
[Main] Cmd: a=0.29 b=0.93 v=1.00 P0=off C0=off P1=off P3=off
[Main] Cmd: a=0.29 b=0.93 v=1.00 P0=off C0=off P1=off P3=off
[Main] Cmd: a=0.28 b=0.93 v=1.00 P0=off C0=off P1=off P3=off
[Main] Cmd: a=0.28 b=0.93 v=1.00 P0=off C0=off P1=off P3=off
[Main] Cmd: a=0.27 b=0.94 v=1.00 P0=off C0=off P1=off P3=off
[Main] Cmd: a=0.27 b=0.94 v=1.00 P0=off C0=off P1=off P3=off
[Main] Cmd: a=0.26 b=0.94 v=1.00 P0=off C0=off P1=off P3=off
[Main] Cmd: a=0.26 b=0.94 v=1.00 P0=off C0=off P1=off P3=off
[Main] Cmd: a=0.26 b=0.94 v=1.00 P0=off C0=off P1=off P3=off GATE_FAIL=stroke_ready
[Main] Cmd: a=0.25 b=0.94 v=1.00 P0=off C0=off P1=off P3=off
[Main] Cmd: a=0.25 b=0.95 v=1.00 P0=off C0=off P1=off P3=off
[Main] Cmd: a=0.24 b=0.95 v=1.00 P0=off C0=off P1=off P3=off
[Main] Cmd: a=0.24 b=0.95 v=1.00 P0=off C0=off P1=off P3=off
[Main] Cmd: a=0.24 b=0.95 v=1.00 P0=off C0=off P1=off P3=off
[Main] Cmd: a=0.23 b=0.95 v=1.00 P0=off C0=off P1=off P3=off
[Main] Cmd: a=0.23 b=0.95 v=1.00 P0=off C0=off P1=off P3=off
[Main] Cmd: a=0.22 b=0.96 v=1.00 P0=off C0=off P1=off P3=off
[Main] Cmd: a=0.22 b=0.96 v=1.00 P0=off C0=off P1=off P3=off
[Main] Cmd: a=0.22 b=0.96 v=1.00 P0=off C0=off P1=off P3=off
[Main] Cmd: a=0.21 b=0.96 v=1.00 P0=off C0=off P1=off P3=off
[Main] Cmd: a=0.21 b=0.96 v=1.00 P0=off C0=off P1=off P3=off
[Main] Cmd: a=0.20 b=0.96 v=1.00 P0=off C0=off P1=off P3=off
[Main] Cmd: a=0.20 b=0.96 v=1.00 P0=off C0=off P1=off P3=off GATE_FAIL=stroke_ready
[Main] Cmd: a=0.20 b=0.97 v=1.00 P0=off C0=off P1=off P3=off GATE_FAIL=stroke_ready
[Main] Cmd: a=0.19 b=0.97 v=1.00 P0=off C0=off P1=off P3=off
[Main] Cmd: a=0.19 b=0.97 v=1.00 P0=off C0=off P1=off P3=off
[Main] Cmd: a=0.19 b=0.97 v=1.00 P0=off C0=off P1=off P3=off
[Main] Cmd: a=0.19 b=0.97 v=1.00 P0=off C0=off P1=off P3=off
[Main] Cmd: a=0.18 b=0.97 v=1.00 P0=off C0=off P1=off P3=off
[Main] Cmd: a=0.18 b=0.97 v=1.00 P0=off C0=off P1=off P3=off
[Main] Cmd: a=0.18 b=0.97 v=1.00 P0=off C0=off P1=off P3=off
[Main] Cmd: a=0.18 b=0.97 v=1.00 P0=off C0=off P1=off P3=off
[Main] Cmd: a=0.17 b=0.98 v=1.00 P0=off C0=off P1=off P3=off
[Main] Cmd: a=0.17 b=0.98 v=1.00 P0=off C0=off P1=off P3=off
[Main] Cmd: a=0.16 b=0.98 v=1.00 P0=off C0=off P1=off P3=off
[Main] Cmd: a=0.16 b=0.98 v=1.00 P0=off C0=off P1=off P3=off
[Main] Cmd: a=0.16 b=0.98 v=1.00 P0=off C0=off P1=off P3=off
[Main] Cmd: a=0.15 b=0.98 v=1.00 P0=off C0=off P1=off P3=off
[Main] Cmd: a=0.15 b=0.98 v=1.00 P0=off C0=off P1=off P3=off
[Main] Cmd: a=0.15 b=0.98 v=1.00 P0=off C0=off P1=off P3=off GATE_FAIL=stroke_ready
[Main] Cmd: a=0.14 b=0.98 v=1.00 P0=off C0=off P1=off P3=off
[Main] Cmd: a=0.14 b=0.98 v=1.00 P0=off C0=off P1=off P3=off
[Main] Cmd: a=0.13 b=0.99 v=1.00 P0=off C0=off P1=off P3=off
[Main] Cmd: a=0.13 b=0.99 v=1.00 P0=off C0=off P1=off P3=off
[Main] Cmd: a=0.13 b=0.99 v=1.00 P0=off C0=off P1=off P3=off
